,passenger_count,Year,Month,Date,Day,Hour,distance,Predicted_Fare
0,1,2015,1,27,1,13,1.200946073,2.375433585
1,1,2015,1,27,1,13,1.231204503,2.39413478
2,1,2011,10,8,5,11,0.481578797,1.680705026
3,1,2012,12,1,5,21,1.08553803,2.218272174
4,1,2012,12,1,5,21,1.85431184,2.786594891
5,1,2012,12,1,5,21,1.440438945,2.403618859
6,1,2011,10,6,3,12,0.657313406,1.820921828
7,1,2011,10,6,3,12,3.115296019,3.96898477
8,1,2011,10,6,3,12,1.583907096,2.468156572
9,1,2014,2,18,1,15,0.741839202,2.01024554
10,1,2014,2,18,1,15,1.199267299,2.352452266
11,1,2014,2,18,1,15,1.761159135,2.873619427
12,1,2010,3,29,0,20,0.543875242,1.723261153
13,1,2010,3,29,0,20,0.984137451,2.020088858
14,1,2011,10,6,3,3,1.253914403,2.23812204
15,1,2011,10,6,3,3,1.810806119,2.60604378
16,1,2012,7,15,6,16,0.261470049,1.734408086
17,1,2012,7,15,6,16,1.261622878,2.321358128
18,1,2012,7,15,6,16,0.576863034,1.8107951
19,1,2012,7,15,6,16,0.355771911,1.734408086
20,1,2014,10,29,2,2,0.975293523,2.086233163
21,1,2014,6,14,5,13,1.088296109,2.313458928
22,1,2014,6,14,5,13,0.835272092,2.032495328
23,1,2014,6,14,5,13,1.065157018,2.313458928
24,1,2014,6,14,5,13,1.913935853,2.950339987
25,1,2014,6,14,5,13,0.752211335,1.997916255
26,1,2014,6,14,5,13,2.728280164,3.662612852
27,1,2014,6,14,5,13,2.344482039,3.40886317
28,1,2014,6,14,5,13,0.76291978,2.009037388
29,1,2014,6,14,5,13,1.739829257,2.834514978
30,1,2014,6,14,5,13,1.361072942,2.508356324
31,1,2014,6,14,5,13,0.780279035,2.01945838
32,1,2014,6,14,5,13,0.727856091,1.997916255
33,1,2014,6,14,5,13,1.354294907,2.499867632
34,1,2014,6,14,5,13,1.116089961,2.320852691
35,1,2014,6,14,5,13,0.94138918,2.165812783
36,1,2014,6,14,5,13,0.763016134,2.009037388
37,1,2014,6,14,5,13,0.689638757,1.857508505
38,1,2014,6,14,5,13,0.943213917,2.165812783
39,1,2014,6,14,5,13,0.540297812,1.801755568
40,1,2014,6,14,5,13,2.08732177,3.011861653
41,1,2014,6,14,5,13,1.274980429,2.470181936
42,1,2014,6,14,5,13,1.981845607,2.984688197
43,1,2014,6,14,5,13,1.214338245,2.381947867
44,1,2014,6,14,5,13,0.462569715,1.756284761
45,1,2014,6,14,5,13,1.406310479,2.53582199
46,1,2014,6,14,5,13,0.632383736,1.857508505
47,1,2014,6,14,5,13,0.798398668,2.01945838
48,1,2014,6,14,5,13,0.716747323,1.997372493
49,1,2014,6,14,5,13,0.528237018,1.801755568
50,1,2014,6,14,5,13,1.390336147,2.508356324
51,1,2014,6,14,5,13,1.480507586,2.61587622
52,1,2014,6,14,5,13,1.965977668,2.984299148
53,1,2014,6,14,5,13,0.744869366,1.997916255
54,1,2014,6,14,5,13,0.849044746,2.161356563
55,1,2014,6,14,5,13,1.761784424,2.854396328
56,1,2014,6,14,5,13,1.532439547,2.65066103
57,1,2014,6,14,5,13,1.233914871,2.381947867
58,1,2014,6,14,5,13,1.568941431,2.695766447
59,1,2014,6,14,5,13,1.583514929,2.689939292
60,1,2014,6,14,5,13,0.860506357,2.119994218
61,1,2014,6,14,5,13,1.284217624,2.470181936
62,1,2014,6,14,5,13,0.570736915,1.818564888
63,1,2014,6,14,5,13,0.606154686,1.857508505
64,1,2014,6,14,5,13,0.929718295,2.165812783
65,1,2014,6,14,5,13,0.855225253,2.119994218
66,1,2014,6,14,5,13,1.303435323,2.487208833
67,1,2014,6,14,5,13,0.695242473,1.927535372
68,1,2014,6,14,5,13,0.442667176,1.756284761
69,1,2014,6,14,5,13,1.874921394,2.893927401
70,1,2014,6,14,5,13,0.802892384,2.01945838
71,1,2014,6,14,5,13,0.491385386,1.756284761
72,1,2014,6,14,5,13,1.362362289,2.508356324
73,1,2014,6,14,5,13,0.86307926,2.119994218
74,1,2014,6,14,5,13,1.245582913,2.387212383
75,1,2014,6,14,5,13,1.367200553,2.508356324
76,1,2014,6,14,5,13,2.836308,3.704950585
77,1,2014,6,14,5,13,0.274066927,1.749614967
78,1,2014,6,14,5,13,0.373554194,1.749614967
79,1,2014,6,14,5,13,0.578268328,1.827008803
80,1,2014,6,14,5,13,0.743425959,1.997916255
81,1,2014,6,14,5,13,0.730948445,1.997916255
82,1,2014,6,14,5,13,0.927596228,2.165812783
83,1,2014,6,14,5,13,1.244161679,2.387212383
84,1,2014,6,14,5,13,1.946500771,2.984299148
85,1,2014,6,14,5,13,0.816782142,2.032495328
86,1,2014,6,14,5,13,0.377446217,1.749614967
87,1,2014,6,14,5,13,0.875480217,2.119994218
88,1,2014,6,14,5,13,1.816338352,2.891236885
89,1,2014,6,14,5,13,1.261884124,2.39336285
90,1,2014,6,14,5,13,1.293883194,2.477764575
91,1,2014,6,14,5,13,1.101391909,2.313458928
92,1,2014,6,14,5,13,0.802332294,2.01945838
93,1,2014,6,14,5,13,0.793309817,2.01945838
94,1,2014,6,14,5,13,1.642288937,2.727074021
95,1,2014,6,14,5,13,1.671237861,2.730317974
96,1,2014,6,14,5,13,1.380795294,2.508356324
97,1,2014,6,14,5,13,1.596257411,2.689939292
98,1,2014,6,14,5,13,0.872777099,2.119994218
99,1,2014,6,14,5,13,1.292625809,2.477764575
100,1,2014,6,14,5,13,1.335395903,2.499867632
101,1,2014,6,14,5,13,0.804316365,2.01945838
102,1,2014,6,14,5,13,3.081976537,4.012788911
103,1,2014,6,14,5,13,0.811069098,2.032495328
104,1,2014,6,14,5,13,0.024819282,1.924921745
105,1,2014,6,14,5,13,0.456649532,1.756284761
106,1,2014,6,14,5,13,1.403989297,2.53582199
107,1,2014,6,14,5,13,1.243285096,2.387212383
108,1,2014,6,14,5,13,1.40387798,2.53582199
109,1,2014,6,14,5,13,2.356775794,3.501819232
110,1,2014,6,14,5,13,2.482488497,3.520909755
111,1,2014,6,14,5,13,1.978981983,2.984299148
112,1,2014,6,14,5,13,1.333028366,2.499867632
113,1,2014,6,14,5,13,1.216861051,2.381947867
114,1,2014,6,14,5,13,0.768973883,2.016552099
115,1,2014,6,14,5,13,1.014611202,2.27105139
116,1,2014,6,14,5,13,2.231505652,3.376658709
117,1,2014,6,14,5,13,1.362226272,2.508356324
118,1,2014,6,14,5,13,0.883278162,2.12628378
119,1,2014,6,14,5,13,1.290111374,2.473499208
120,1,2014,6,14,5,13,1.287816953,2.470181936
122,1,2014,6,14,5,13,1.11743934,2.320852691
123,1,2014,6,14,5,13,0.691617287,1.857508505
124,1,2014,6,14,5,13,0.858910054,2.119994218
125,1,2014,6,14,5,13,0.476798593,1.756284761
126,1,2014,6,14,5,13,0.951519684,2.170472855
127,1,2014,6,14,5,13,1.420489182,2.558300435
128,1,2014,6,14,5,13,0.986950534,2.246176751
129,1,2014,6,14,5,13,1.904377078,2.950339987
130,1,2014,6,14,5,13,0.672616025,1.857508505
131,1,2014,6,14,5,13,0.283859775,1.749614967
132,1,2014,6,14,5,13,0.917361437,2.165812783
133,1,2014,6,14,5,13,0.828310786,2.032495328
134,1,2014,6,14,5,13,0.865447169,2.119994218
135,1,2014,6,14,5,13,0.460568068,1.756284761
136,1,2014,6,14,5,13,1.476086159,2.61587622
137,1,2014,6,14,5,13,0.665771601,1.857508505
138,1,2014,6,14,5,13,2.101161739,3.011861653
139,1,2014,6,14,5,13,1.069035564,2.313458928
140,1,2014,6,14,5,13,0.479124367,1.756284761
141,1,2014,6,14,5,13,1.169439629,2.333753968
142,1,2014,6,14,5,13,1.09602515,2.313458928
143,1,2014,6,14,5,13,0.604409178,1.849974593
144,1,2014,6,14,5,13,0.759325051,2.003155376
145,1,2014,6,14,5,13,1.203455103,2.373812862
146,1,2014,6,14,5,13,1.30592709,2.487208833
147,1,2014,6,14,5,13,1.201529117,2.373812862
148,1,2014,6,14,5,13,1.11329703,2.320852691
149,1,2014,6,14,5,13,0.682146176,1.857508505
150,1,2014,6,14,5,13,1.373798761,2.508356324
151,1,2014,6,14,5,13,1.176527648,2.333753968
152,1,2011,12,12,0,9,0.7895722,1.901083079
153,1,2011,12,12,0,9,0.558960054,1.753398584
154,1,2011,12,12,0,9,1.606117229,2.462945923
155,1,2011,12,12,0,9,1.081938428,2.133389021
156,1,2011,12,12,0,9,1.083213533,2.133389021
157,1,2013,6,27,3,0,2.187662712,3.196129926
158,1,2013,6,27,3,0,1.482071846,2.53016192
159,1,2009,2,20,4,13,1.249643105,2.215301866
160,1,2009,2,20,4,13,1.703638818,2.573149237
161,1,2009,2,20,4,13,0.881852241,1.976791264
162,1,2010,8,22,6,21,2.387608159,3.254230554
163,1,2010,8,22,6,21,2.014066737,2.798315229
164,1,2010,8,22,6,21,0.504785524,1.689810614
165,1,2010,8,22,6,21,1.31756825,2.281248104
166,1,2012,8,6,0,8,0.254562183,1.731760409
167,1,2012,8,6,0,8,1.95078182,2.830854246
168,1,2013,11,4,0,8,0.675463176,1.861364963
169,1,2013,11,4,0,8,1.261842276,2.398548831
170,1,2013,11,4,0,8,1.222377947,2.387133848
171,1,2011,6,24,4,20,1.242278072,2.223959674
172,1,2011,6,24,4,20,2.274329513,3.179520353
173,1,2011,3,28,0,20,0.944935733,1.974317461
174,1,2011,3,28,0,20,0.24797758,1.667280825
175,1,2011,3,28,0,20,1.289980997,2.261112462
176,1,2011,8,14,6,20,0.91098569,1.982517719
177,1,2011,8,14,6,20,1.088408036,2.126150207
178,1,2011,8,14,6,20,2.272932539,3.168184173
179,1,2011,8,14,6,20,1.127828892,2.181239844
180,1,2015,2,21,5,15,1.954178106,2.96777034
181,1,2015,2,21,5,15,1.111532187,2.302121067
182,1,2015,2,21,5,15,1.842342754,2.883763212
183,1,2015,2,21,5,15,1.139589902,2.333753968
184,1,2013,1,29,1,11,1.244719168,2.392398364
185,1,2014,9,12,4,19,1.15390958,2.346899852
186,1,2013,11,9,5,18,1.015827345,2.26674005
187,1,2013,11,9,5,18,1.46573248,2.591307638
188,1,2013,4,25,3,16,3.0548396,4.012788911
189,1,2013,4,25,3,16,0.864268396,2.119994218
190,1,2013,9,7,5,14,1.096218145,2.306876069
191,1,2013,9,7,5,14,1.099397281,2.306876069
192,1,2013,9,7,5,14,0.650049933,1.861364963
193,1,2011,5,21,5,13,0.791224278,1.850544611
194,1,2011,5,21,5,13,0.829572448,1.959917492
195,1,2011,5,21,5,13,1.309376794,2.283119266
196,1,2011,11,25,4,16,0.868344998,1.985425006
197,1,2011,11,25,4,16,1.575993125,2.474386273
198,1,2015,1,31,5,20,0.660790875,1.876367484
199,1,2010,11,1,0,23,1.129568074,2.185015765
200,1,2010,11,1,0,23,1.407254904,2.405779801
201,1,2010,11,1,0,23,1.475490486,2.409068755
202,1,2011,3,24,3,15,0.261892869,1.667280825
203,1,2011,3,24,3,15,1.041029772,2.040540059
204,1,2010,5,10,0,10,0.805236336,1.87491852
205,1,2010,5,10,0,10,0.622581576,1.807237097
206,1,2010,5,10,0,10,1.234332943,2.211550059
207,1,2010,5,10,0,10,1.354417397,2.290752567
208,1,2012,6,9,5,16,1.05629762,2.149305439
209,1,2012,8,22,2,22,2.073897997,2.884183756
210,1,2012,8,22,2,22,0.772019982,1.899411385
211,1,2012,12,23,6,2,1.79697571,2.68493553
212,1,2012,6,30,5,15,1.619041597,2.529014429
213,1,2012,6,30,5,15,0.998017142,2.058871891
214,1,2012,6,30,5,15,1.623963321,2.540349892
215,1,2012,6,30,5,15,0.90410708,2.036767272
216,1,2011,10,2,6,23,1.826024487,2.665898633
217,1,2011,10,2,6,23,1.925816851,2.79678189
218,1,2011,10,2,6,23,1.873410501,2.687374618
219,1,2011,10,2,6,23,0.366110692,1.674035232
220,1,2011,10,2,6,23,1.703559653,2.570338592
221,1,2011,10,2,6,23,0.389031706,1.674035232
222,1,2011,10,2,6,23,1.753993623,2.590429838
223,1,2011,10,2,6,23,2.473274911,3.233273386
224,1,2011,10,2,6,23,1.520642514,2.408235037
225,1,2011,10,2,6,23,1.019926247,2.083933795
226,1,2011,10,2,6,23,1.030237669,2.061755897
227,1,2011,10,2,6,23,1.235906248,2.217747554
228,1,2011,10,2,6,23,0.798162213,1.894489949
229,1,2011,10,2,6,23,0.9872101,2.040404582
230,1,2011,10,2,6,23,0.782209536,1.894489949
231,1,2011,10,2,6,23,1.382722465,2.298914397
232,1,2011,10,2,6,23,1.240847275,2.216212407
233,1,2011,10,2,6,23,2.322995803,3.163434806
234,1,2011,10,2,6,23,1.55999412,2.42074799
235,1,2011,10,2,6,23,0.959056915,1.999733076
236,1,2011,10,2,6,23,0.747091934,1.881405735
237,1,2011,10,2,6,23,1.427615881,2.383225521
238,1,2011,10,2,6,23,1.337666918,2.285677633
239,1,2011,10,2,6,23,1.676265125,2.56486461
240,1,2011,10,2,6,23,1.550143118,2.429576488
241,1,2011,10,2,6,23,1.09266689,2.15767604
242,1,2011,10,2,6,23,0.744819554,1.881405735
243,1,2011,10,2,6,23,0.978081753,2.014956641
244,1,2011,10,2,6,23,1.322339581,2.312685064
245,1,2011,10,2,6,23,1.859297306,2.687374618
246,1,2011,10,2,6,23,1.511608081,2.408235037
247,1,2011,10,2,6,23,2.384882509,3.216371981
248,1,2011,10,2,6,23,3.150357954,3.962396095
249,1,2011,10,2,6,23,1.25652564,2.216212407
250,1,2011,10,2,6,23,1.338562305,2.285677633
251,1,2011,10,2,6,23,2.281290268,3.163434806
252,1,2011,10,2,6,23,2.219388288,3.064307931
253,1,2011,10,2,6,23,1.432509882,2.383225521
254,1,2011,10,2,6,23,2.088492544,2.994729382
255,1,2011,10,2,6,23,2.145269769,3.01050725
256,1,2011,10,2,6,23,1.259737122,2.216212407
257,1,2011,10,2,6,23,1.973809459,2.808907234
258,1,2011,10,2,6,23,1.437029474,2.383225521
259,1,2011,10,2,6,23,2.242698482,3.113528998
260,1,2011,10,2,6,23,1.405578881,2.384618993
261,1,2011,10,2,6,23,1.764353509,2.590429838
262,1,2011,10,2,6,23,2.682138942,3.342467678
263,1,2011,10,2,6,23,1.808376735,2.6039246
264,1,2011,10,2,6,23,2.062872615,2.869832298
265,1,2011,10,2,6,23,1.113567621,2.153209668
266,1,2011,10,2,6,23,1.977738364,2.815431487
267,1,2011,10,2,6,23,2.252011106,3.145090091
268,1,2011,10,2,6,23,3.044028287,3.962396095
269,1,2011,10,2,6,23,1.370429835,2.292593432
270,1,2011,10,2,6,23,0.264574488,1.674035232
271,1,2011,10,2,6,23,0.542598378,1.736286946
272,1,2013,3,21,3,12,1.461318544,2.620911077
273,1,2013,3,21,3,12,1.253862168,2.392398364
274,1,2013,3,21,3,12,1.489234234,2.626143547
275,1,2013,3,21,3,12,0.867596073,2.119994218
276,1,2013,3,21,3,12,0.889455537,2.132560593
277,1,2013,6,7,4,3,1.947823951,2.982045199
278,1,2013,6,7,4,3,1.016932799,2.162564787
280,1,2013,7,12,4,23,1.206077125,2.27063431
281,1,2009,12,3,3,2,2.232352048,3.075314988
282,1,2009,10,15,3,3,0.808648042,1.883052452
283,1,2011,9,25,6,22,2.283339849,3.171215552
284,1,2011,9,25,6,22,1.516657764,2.500992847
285,1,2015,6,8,0,20,1.27293657,2.394858529
286,1,2014,7,16,2,8,1.332188774,2.507524783
287,1,2014,7,16,2,8,1.580856779,2.674124379
288,1,2011,12,15,3,13,1.213556706,2.250305737
289,1,2011,12,15,3,13,0.650292339,1.81706537
290,1,2011,10,11,1,22,1.954128148,2.801459734
291,1,2011,10,11,1,22,1.359070657,2.285677633
292,1,2011,10,11,1,22,1.147183425,2.189192029
293,1,2013,9,14,5,16,1.258336726,2.364637461
294,1,2013,9,14,5,16,1.307507874,2.487208833
295,1,2014,2,6,3,9,0.673979111,1.861364963
296,1,2014,2,6,3,9,0.724823189,1.999655518
297,1,2014,2,6,3,9,0.567847796,1.828592548
298,1,2009,6,10,2,16,2.54461636,3.353963897
299,1,2009,6,10,2,16,0.566161582,1.745077386
300,1,2009,6,10,2,16,1.155232297,2.201676187
301,1,2009,6,10,2,16,3.029875766,3.914346466
302,1,2009,6,10,2,16,1.515378932,2.434147118
303,1,2009,6,10,2,16,2.627666259,3.353963897
304,1,2009,6,10,2,16,1.045942422,2.046040597
305,1,2009,6,10,2,16,0.186347962,1.715205404
306,1,2009,6,10,2,16,1.323043237,2.290752567
307,1,2009,6,10,2,16,1.433011554,2.396516757
308,1,2009,6,10,2,16,0.947686906,1.981853794
309,1,2009,6,10,2,16,0.242450653,1.667280825
310,1,2009,6,10,2,16,0.483319872,1.673950618
311,1,2009,6,10,2,16,1.012553892,2.045791336
312,1,2009,6,10,2,16,1.389735462,2.305183149
313,1,2009,6,10,2,16,0.644208534,1.807237097
314,1,2009,6,10,2,16,1.13484131,2.198497861
315,1,2009,6,10,2,16,0.656943772,1.807237097
316,1,2009,6,10,2,16,1.017931544,2.071240165
317,1,2009,6,10,2,16,1.359212628,2.290752567
319,1,2009,6,10,2,16,1.631532549,2.520953788
320,1,2009,6,10,2,16,0.813241991,1.934330836
321,1,2009,6,10,2,16,0.132240918,1.882051079
322,1,2009,6,10,2,16,1.053582497,2.102297243
323,1,2009,6,10,2,16,1.17137829,2.201676187
324,1,2009,6,10,2,16,1.410182702,2.409124102
325,1,2009,6,10,2,16,1.564113864,2.469695676
326,1,2009,6,10,2,16,1.226533841,2.241692105
327,1,2009,6,10,2,16,1.10797214,2.127819235
328,1,2009,6,10,2,16,0.563473623,1.745077386
329,1,2009,6,10,2,16,2.784767106,3.636000963
330,1,2009,6,10,2,16,1.349982218,2.290752567
331,1,2009,6,10,2,16,2.394295993,3.339448047
332,1,2009,6,10,2,16,1.043902664,2.046040597
333,1,2009,6,10,2,16,0.755844158,1.853423003
334,1,2009,6,10,2,16,0.853674863,1.976577622
335,1,2009,6,10,2,16,0.87844432,1.980629641
336,1,2009,6,10,2,16,1.746106683,2.596553287
337,1,2009,6,10,2,16,0.786110401,1.859869321
338,1,2009,6,10,2,16,2.335413026,3.2595538
339,1,2009,6,10,2,16,1.032833277,2.061703425
340,1,2009,6,10,2,16,1.187526599,2.201676187
341,1,2009,6,10,2,16,2.001007927,2.812591272
342,1,2009,6,10,2,16,1.475292729,2.40925994
343,1,2009,6,10,2,16,1.098558777,2.127819235
344,1,2009,6,10,2,16,1.551429976,2.453819059
345,1,2009,6,10,2,16,0.708459834,1.855525401
346,1,2009,6,10,2,16,0.647554531,1.807237097
347,1,2009,6,10,2,16,0.627032894,1.807237097
348,1,2009,6,10,2,16,0.258918241,1.667280825
349,1,2009,6,10,2,16,1.207879195,2.244020535
350,1,2009,6,10,2,16,1.304569089,2.290237249
351,1,2009,6,10,2,16,2.221783727,3.174728173
352,1,2009,6,10,2,16,0.001484668,2.75898428
353,1,2009,6,10,2,16,1.684340287,2.559306582
354,1,2009,6,10,2,16,0.56860166,1.745077386
355,1,2009,6,10,2,16,1.127818929,2.181239844
356,1,2009,6,10,2,16,2.277876941,3.2595538
357,1,2009,6,10,2,16,0.617418041,1.807237097
358,1,2009,6,10,2,16,1.970805706,2.782760309
359,1,2009,6,10,2,16,2.133816075,2.958414132
360,1,2009,6,10,2,16,0.357314579,1.667280825
361,1,2009,6,10,2,16,0.724618315,1.853423003
362,1,2009,6,10,2,16,0.945090507,1.981853794
363,1,2009,6,10,2,16,0.734318484,1.853423003
364,1,2009,6,10,2,16,1.548619481,2.453819059
365,1,2009,6,10,2,16,1.544978547,2.453819059
366,1,2009,6,10,2,16,0.796177683,1.859869321
367,1,2009,6,10,2,16,1.441196735,2.396516757
368,1,2009,6,10,2,16,1.212474936,2.241692105
369,1,2009,6,10,2,16,1.69142612,2.564780565
370,1,2009,6,10,2,16,1.59304195,2.477958212
371,1,2009,6,10,2,16,0.932085369,1.981853794
372,1,2009,6,10,2,16,1.592801199,2.477958212
373,1,2009,6,10,2,16,0.657797017,1.807237097
374,1,2009,6,10,2,16,0.517977505,1.715705173
375,1,2009,6,10,2,16,0.499881116,1.681670777
376,1,2009,6,10,2,16,1.079224862,2.132285608
377,1,2009,6,10,2,16,0.815661877,2.058490205
378,1,2009,6,10,2,16,0.899450191,1.977722354
379,1,2009,6,10,2,16,0.99126176,2.040132143
380,1,2009,6,10,2,16,0.749447898,1.853423003
381,1,2009,6,10,2,16,0.990426412,2.040132143
382,1,2009,6,10,2,16,1.036470666,2.067327298
383,1,2009,6,10,2,16,1.2174858,2.241692105
384,1,2009,6,10,2,16,0.801147517,1.859869321
385,1,2009,6,10,2,16,1.100192853,2.127819235
386,1,2009,6,10,2,16,0.715268236,1.847166236
387,1,2009,6,10,2,16,0.979762436,2.014956641
388,1,2009,6,10,2,16,2.084372379,2.862040524
389,1,2009,6,10,2,16,0.856405696,1.976577622
390,1,2009,6,10,2,16,1.11075533,2.127819235
391,1,2009,6,10,2,16,1.467306424,2.396516757
392,1,2009,6,10,2,16,1.163725974,2.201676187
393,1,2009,6,10,2,16,1.05705761,2.102297243
394,1,2009,6,10,2,16,1.402392961,2.387242377
395,1,2009,6,10,2,16,0.733871583,1.853423003
396,1,2009,6,10,2,16,1.933297822,2.764358148
397,1,2009,6,10,2,16,1.002132385,2.039440817
398,1,2009,6,10,2,16,2.071794488,2.834728844
399,1,2009,6,10,2,16,1.199636634,2.208364954
400,1,2013,6,26,2,11,0.461734195,1.74926891
401,1,2014,9,5,4,10,0.430785103,1.753637084
402,1,2014,9,5,4,10,0.982428386,2.239289499
403,1,2014,9,5,4,10,2.342184466,3.287111003
404,1,2014,9,5,4,10,1.054188295,2.320374661
405,1,2012,9,19,2,12,1.147185233,2.258975685
406,1,2012,9,19,2,12,0.814092501,2.00951952
407,1,2009,3,22,6,4,2.182011876,2.925688135
408,1,2009,8,27,3,2,2.352810968,3.061827071
409,1,2009,5,2,5,20,1.504540788,2.413504333
410,1,2009,5,2,5,20,1.312182586,2.28438001
411,1,2011,2,20,6,2,1.173142877,2.101478169
412,1,2011,2,20,6,2,2.361257408,3.190680619
413,1,2011,6,24,4,12,0.735956363,1.866843348
414,1,2011,6,24,4,12,1.648885993,2.527302575
415,1,2011,6,24,4,12,1.600871643,2.498678137
416,1,2011,6,24,4,12,0.795530514,1.867151847
418,1,2011,6,24,4,12,1.174944624,2.201676187
419,1,2011,6,24,4,12,1.669257122,2.566612025
420,1,2011,6,24,4,12,0.535469866,1.729532538
421,1,2011,6,24,4,12,0.774951402,1.867151847
422,1,2011,6,24,4,12,0.681325646,1.830121565
424,1,2011,6,24,4,12,1.031055802,2.061703425
425,1,2011,6,24,4,12,2.009836989,2.798315229
426,1,2011,6,24,4,12,0.505899415,1.704683682
427,1,2011,6,24,4,12,0.363214591,1.667280825
428,1,2011,6,24,4,12,0.341045631,1.667280825
429,1,2011,6,24,4,12,1.02250642,2.077431491
430,1,2011,6,24,4,12,0.915171993,1.981420309
431,1,2011,6,24,4,12,0.85395703,1.974137758
432,1,2011,6,24,4,12,1.061595282,2.126550891
433,1,2011,6,24,4,12,1.545362594,2.457081049
435,1,2011,6,24,4,12,1.588193511,2.477188882
436,1,2011,6,24,4,12,1.333934672,2.289651424
437,1,2011,6,24,4,12,0.777358895,1.867151847
438,1,2011,6,24,4,12,1.088701335,2.132285608
439,1,2011,6,24,4,12,0.863220648,1.984327596
440,1,2011,6,24,4,12,0.976113995,2.010414482
441,1,2011,6,24,4,12,0.789462966,1.867151847
442,1,2011,6,24,4,12,1.346350323,2.289651424
443,1,2011,6,24,4,12,0.975132643,2.010414482
444,1,2011,6,24,4,12,1.36246644,2.296567223
445,1,2011,6,24,4,12,0.308192604,1.667280825
446,1,2011,6,24,4,12,0.962308722,2.003431031
447,1,2011,6,24,4,12,0.901120359,1.981420309
448,1,2011,6,24,4,12,1.408531085,2.418889287
449,1,2011,6,24,4,12,0.650457582,1.823946324
450,1,2011,6,24,4,12,0.663972062,1.823946324
452,1,2011,6,24,4,12,1.25142248,2.240156958
453,1,2011,6,24,4,12,1.218652319,2.241692105
454,1,2011,6,24,4,12,1.293292009,2.274455802
455,1,2011,6,24,4,12,1.172282396,2.201676187
456,1,2011,6,24,4,12,1.501608108,2.415645368
457,1,2011,6,24,4,12,0.655971192,1.823946324
458,1,2011,6,24,4,12,0.793888533,1.867151847
459,1,2011,6,24,4,12,0.535975936,1.729532538
460,1,2011,6,24,4,12,1.404447127,2.418889287
461,1,2011,6,24,4,12,1.225464666,2.241692105
462,1,2011,6,24,4,12,0.906819115,1.981420309
463,1,2011,6,24,4,12,1.474175762,2.427673926
464,1,2011,6,24,4,12,1.177525424,2.201676187
465,1,2011,6,24,4,12,1.173908328,2.201676187
466,1,2011,6,24,4,12,1.373502508,2.296567223
467,1,2011,6,24,4,12,1.246744479,2.240156958
468,1,2011,6,24,4,12,1.480019137,2.427673926
469,1,2011,6,24,4,12,1.177606484,2.201676187
470,1,2011,6,24,4,12,1.022436338,2.077431491
471,1,2011,6,24,4,12,2.147746906,2.936864427
472,1,2011,6,24,4,12,1.026252666,2.061703425
473,1,2011,6,24,4,12,1.193295778,2.201676187
474,1,2011,6,24,4,12,2.201950383,3.010311246
475,1,2011,6,24,4,12,2.51127801,3.406254025
476,1,2011,6,24,4,12,0.8064703,1.90965562
477,1,2011,6,24,4,12,0.805756041,1.884438215
478,1,2011,6,24,4,12,1.808913761,2.608150894
479,1,2011,6,24,4,12,0.707787495,1.862582477
480,1,2011,6,24,4,12,0.794022176,1.867151847
481,1,2011,6,24,4,12,0.518514358,1.715705173
482,1,2011,6,24,4,12,0.843442352,1.974137758
483,1,2011,6,24,4,12,0.815240744,1.95770019
484,1,2011,6,24,4,12,1.142769946,2.198497861
485,1,2011,6,24,4,12,2.135280913,2.936864427
486,1,2011,6,24,4,12,1.562292477,2.472957666
487,1,2011,6,24,4,12,0.86797605,1.984327596
488,1,2011,6,24,4,12,1.131616537,2.193137633
489,1,2011,6,24,4,12,1.528400854,2.452484129
490,1,2011,6,24,4,12,1.949842422,2.777150395
492,1,2011,6,24,4,12,1.10956686,2.127819235
493,1,2011,6,24,4,12,2.381120248,3.391738175
494,1,2011,6,24,4,12,1.148629667,2.198497861
495,1,2011,6,24,4,12,1.35730669,2.289651424
496,1,2011,6,24,4,12,0.330799615,1.667280825
497,1,2011,6,24,4,12,0.872154921,1.984327596
499,1,2011,6,24,4,12,1.476338827,2.427673926
500,1,2011,6,24,4,12,1.722298192,2.598526229
501,1,2011,6,24,4,12,1.296717999,2.278977573
502,1,2011,6,24,4,12,2.071259653,2.81916522
503,1,2011,6,24,4,12,1.726973284,2.598526229
504,1,2011,6,24,4,12,1.91446614,2.753626889
505,1,2011,6,24,4,12,0.983941774,2.027708796
506,1,2011,6,24,4,12,2.396972261,3.391738175
507,1,2011,6,24,4,12,1.23158434,2.241692105
508,1,2011,6,24,4,12,0.644090554,1.823946324
509,1,2011,6,24,4,12,2.460536044,3.406254025
510,1,2011,6,24,4,12,0.418971875,1.673950618
511,1,2011,6,24,4,12,0.642972381,1.823946324
512,1,2011,6,24,4,12,1.078969099,2.132285608
513,1,2011,6,24,4,12,0.584757688,1.82499956
514,1,2011,6,24,4,12,3.028027208,3.979861856
515,1,2011,6,24,4,12,0.93348261,1.985551749
516,1,2011,6,24,4,12,0.92375762,1.985551749
517,1,2011,6,24,4,12,0.557253096,1.729532538
518,1,2011,6,24,4,12,0.817326106,1.964701676
519,1,2011,6,24,4,12,1.047465951,2.072016428
520,1,2011,6,24,4,12,0.221564281,1.715205404
521,1,2011,6,24,4,12,1.682344108,2.566612025
522,1,2011,6,24,4,12,1.583511738,2.477188882
523,1,2011,6,24,4,12,0.650293765,1.823946324
524,1,2011,6,24,4,12,0.672322692,1.830121565
525,1,2011,6,24,4,12,0.009595321,1.843009804
526,1,2011,6,24,4,12,1.260362552,2.240156958
527,1,2011,6,24,4,12,1.284498065,2.264571114
528,1,2011,6,24,4,12,0.659878597,1.823946324
529,1,2011,6,24,4,12,1.037635854,2.067327298
530,1,2011,6,24,4,12,3.043713875,3.979861856
531,1,2011,6,24,4,12,1.450144477,2.414930743
532,1,2011,6,24,4,12,1.027479084,2.061703425
533,1,2011,6,24,4,12,1.015759625,2.06897846
534,1,2011,6,24,4,12,0.690967089,1.830121565
535,1,2011,6,24,4,12,1.237800167,2.241692105
536,1,2011,6,24,4,12,1.664923764,2.576588351
537,1,2011,6,24,4,12,1.713075367,2.578683272
538,1,2014,6,15,6,7,0.441395565,1.743609424
539,1,2014,6,15,6,7,1.154770801,2.287590509
540,1,2014,6,15,6,7,0.806230015,2.002666863
541,1,2014,6,15,6,7,1.417490264,2.518376088
542,1,2014,6,15,6,7,2.812408138,3.704950585
543,1,2014,6,15,6,7,2.093110989,2.978529712
544,1,2014,6,15,6,7,0.485365095,1.743609424
545,1,2014,6,15,6,7,0.034124079,1.791866092
546,1,2014,6,15,6,7,3.110899928,4.012788911
547,1,2014,6,15,6,7,1.366934394,2.489400376
548,1,2014,6,15,6,7,0.984934809,2.145211367
549,1,2014,6,15,6,7,1.43337891,2.540854533
550,1,2014,6,15,6,7,1.843615721,2.820207139
551,1,2014,6,15,6,7,3.092438523,4.012788911
552,1,2014,6,15,6,7,0.203314563,1.80714219
553,1,2014,6,15,6,7,1.898663104,2.865529066
554,1,2014,6,15,6,7,1.047665524,2.231632992
555,1,2014,6,15,6,7,1.84528614,2.820207139
556,1,2014,6,15,6,7,3.012673711,4.012788911
557,1,2014,6,15,6,7,1.775402224,2.834141754
558,1,2014,6,15,6,7,3.07518382,4.012788911
559,1,2014,6,15,6,7,1.980673152,2.924180078
560,1,2014,6,15,6,7,0.75354392,1.967009869
561,1,2014,6,15,6,7,1.646340867,2.671714357
562,1,2014,6,15,6,7,0.688778894,1.854361915
563,1,2014,6,15,6,7,0.709627576,1.96972209
564,1,2014,6,6,4,16,0.426294978,1.766312421
565,1,2014,6,6,4,16,0.930445849,2.165812783
566,1,2015,5,30,5,21,1.598814534,2.716659816
567,1,2015,5,30,5,21,1.770976358,2.839386551
568,1,2015,5,30,5,21,1.397777246,2.461167719
569,1,2015,5,30,5,21,0.941540857,2.146702607
570,1,2009,10,26,0,12,1.414918862,2.481583435
571,1,2009,10,26,0,12,1.079071805,2.133389021
572,1,2009,10,26,0,12,0.817339183,1.976755802
573,1,2009,10,26,0,12,0.907402979,1.986215674
574,1,2013,2,2,5,15,0.954970983,2.170472855
575,1,2013,2,2,5,15,1.340708059,2.499867632
576,1,2013,2,2,5,15,1.179845113,2.321753947
577,1,2015,4,15,2,6,1.188196428,2.26462188
578,1,2015,4,15,2,6,1.534138977,2.633712402
579,1,2010,12,14,1,23,0.818887214,1.969098896
580,1,2009,3,5,3,11,0.509296414,1.704683682
581,1,2009,3,5,3,11,1.68507008,2.541544316
582,1,2013,7,18,3,12,0.590719076,1.849974593
583,1,2013,7,18,3,12,0.36460756,1.742599117
584,1,2013,7,18,3,12,1.002978033,2.249787023
585,1,2014,4,14,0,13,1.219185184,2.39413478
586,1,2014,4,14,0,13,0.297375696,1.749614967
587,1,2014,8,18,0,5,1.225559909,2.270290488
588,1,2012,1,28,5,3,2.804759145,3.331476548
589,1,2009,9,14,0,2,1.652214521,2.504700896
590,1,2009,9,14,0,2,1.489081989,2.430090748
591,1,2009,9,14,0,2,1.166179239,2.132697878
592,1,2009,9,14,0,2,0.617839137,1.771669501
593,1,2009,9,14,0,2,0.333210771,1.660269471
594,1,2009,9,14,0,2,1.381084113,2.31310486
595,1,2009,9,14,0,2,1.223331958,2.218018564
596,1,2009,9,14,0,2,1.532386777,2.450311154
597,1,2009,9,14,0,2,1.074281909,2.095309213
598,1,2009,9,14,0,2,1.608315226,2.496185316
599,1,2009,9,14,0,2,3.108180491,3.88960759
600,1,2009,9,14,0,2,1.378094897,2.31310486
601,1,2009,9,14,0,2,0.562385129,1.744563169
602,1,2009,9,14,0,2,1.056043307,2.099577729
603,1,2009,9,14,0,2,1.75766887,2.582194859
604,1,2009,9,14,0,2,1.523339349,2.445970358
605,1,2009,9,14,0,2,2.105452311,2.960266432
606,1,2009,9,14,0,2,1.071014056,2.106192007
607,1,2009,9,14,0,2,2.24576601,3.083095734
608,1,2009,9,14,0,2,1.251093201,2.228017603
609,1,2009,9,14,0,2,1.244613987,2.228017603
610,1,2009,9,14,0,2,0.7873962,1.876382561
611,1,2009,9,14,0,2,1.207002374,2.220346994
612,1,2009,9,14,0,2,1.373216884,2.305590076
613,1,2011,8,14,6,14,1.166824878,2.201676187
614,1,2011,8,14,6,14,0.746962764,1.885300042
615,1,2011,8,14,6,14,1.031347128,2.055568024
616,1,2011,8,14,6,14,0.894589217,1.989122961
617,1,2011,8,14,6,14,1.866551916,2.693187077
618,1,2014,3,17,0,16,3.064441865,4.017600135
619,1,2010,11,3,2,21,0.708747119,1.881221592
620,1,2010,11,3,2,21,1.650681044,2.502820929
621,1,2012,12,11,1,23,1.286252366,2.371254891
622,1,2012,12,11,1,23,1.198821742,2.238065825
623,1,2012,12,11,1,23,0.949676208,2.042306642
624,1,2012,12,11,1,23,1.290637967,2.375479315
625,1,2012,12,11,1,23,0.41122662,1.749194685
626,1,2012,12,11,1,23,2.005390087,2.933275358
627,1,2015,6,24,2,14,1.358881547,2.513422049
628,1,2015,6,24,2,14,3.130282072,4.017600135
629,1,2015,6,24,2,14,0.831608125,2.026576862
630,1,2010,8,21,5,22,1.842325611,2.654250411
631,1,2011,2,19,5,10,0.643666224,1.820856246
632,1,2011,2,19,5,10,1.715945174,2.567596763
633,1,2011,2,19,5,10,1.060680596,2.115389083
634,1,2011,2,19,5,10,1.184424205,2.17153414
635,1,2011,10,2,6,22,1.423948575,2.383225521
636,1,2011,10,2,6,22,2.200443619,3.01301752
637,1,2011,10,2,6,22,2.169599151,2.996290711
638,1,2012,1,26,3,11,0.54170455,1.781428605
639,1,2012,5,6,6,23,2.408905287,3.432211459
640,1,2012,5,6,6,23,2.291345643,3.273150678
641,1,2013,6,12,2,20,0.954726655,2.151362679
642,1,2013,6,12,2,20,3.028207705,4.011011459
643,1,2015,2,27,4,14,3.011701728,4.002558283
644,1,2013,12,21,5,17,1.241251227,2.358486993
645,1,2009,6,29,0,8,1.365579571,2.290550383
646,1,2009,6,29,0,8,1.685956778,2.574092188
647,1,2014,9,14,6,17,0.956539535,2.148336749
648,1,2014,9,14,6,17,1.301779236,2.467950981
649,1,2014,9,14,6,17,1.803517597,2.863800586
650,1,2014,9,14,6,17,0.935284305,2.143676677
651,1,2014,8,20,2,14,1.608336386,2.721394289
652,1,2011,7,20,2,16,0.637578112,1.817299358
653,1,2011,7,20,2,16,0.840682262,1.981372987
654,1,2009,10,5,0,10,1.015102641,2.074268891
655,1,2009,10,5,0,10,1.855505639,2.654118643
656,1,2011,2,16,2,8,1.849397416,2.653444261
657,1,2011,2,16,2,8,1.149619463,2.162108583
658,1,2011,2,16,2,8,1.195228007,2.165286909
659,1,2011,2,16,2,8,0.879958003,1.976791264
660,1,2011,2,16,2,8,0.666731264,1.813508482
661,1,2011,2,16,2,8,2.07167594,2.834728844
662,1,2011,2,16,2,8,0.935950718,1.978015417
663,1,2009,1,1,3,11,0.675574923,1.820825685
664,1,2014,4,28,0,19,0.996707078,2.218725975
665,1,2012,11,11,6,20,2.833373838,3.662968329
667,1,2011,6,1,2,7,1.403705633,2.387629183
668,1,2011,6,1,2,7,1.033848968,2.289072869
669,1,2011,6,1,2,7,0.742705233,1.856550101
670,1,2011,6,1,2,7,1.216524854,2.500678132
671,1,2011,6,1,2,7,0.795992824,1.862996419
672,1,2011,6,1,2,7,0.665773343,1.801143981
673,1,2011,6,1,2,7,1.406626113,2.381311412
674,1,2011,6,1,2,7,1.863073284,2.683483468
675,1,2011,6,1,2,7,0.6186613,1.801143981
676,1,2011,6,1,2,7,1.895184381,2.730772147
677,1,2011,6,1,2,7,0.697246701,1.824569405
678,1,2011,6,1,2,7,1.40398654,2.365027947
679,1,2011,6,1,2,7,0.576490316,1.744080146
680,1,2011,6,1,2,7,0.617046638,1.801143981
681,1,2011,6,1,2,7,0.920814714,1.929635251
682,1,2011,6,1,2,7,0.724247475,1.856550101
683,1,2011,6,1,2,7,2.262641729,3.05143349
684,1,2011,6,1,2,7,0.915831892,1.929635251
685,1,2011,6,1,2,7,0.741460757,1.856550101
686,1,2011,6,1,2,7,0.756350612,1.856550101
687,1,2011,6,1,2,7,1.023038754,2.031471143
688,1,2011,6,1,2,7,1.150982846,2.556011151
689,1,2011,6,1,2,7,0.583029522,1.805754105
690,1,2011,6,1,2,7,1.098418651,2.541320437
691,1,2011,6,1,2,7,1.642717002,2.467429229
692,1,2011,6,1,2,7,2.115503082,3.005728947
693,1,2011,6,1,2,7,1.169183084,2.43155382
694,1,2011,6,1,2,7,0.711348596,1.843930064
695,1,2011,6,1,2,7,2.830150217,3.798375966
696,1,2011,6,1,2,7,0.845485007,1.916376383
697,1,2011,6,1,2,7,1.386155335,2.308339936
698,1,2011,6,1,2,7,1.10871158,2.541320437
699,1,2011,6,1,2,7,1.489534921,2.383810823
700,1,2011,6,1,2,7,1.109915756,2.541320437
701,1,2011,6,1,2,7,1.766400418,2.589000524
702,1,2011,6,1,2,7,1.143273821,2.428375495
703,1,2011,6,1,2,7,1.139111295,2.428375495
704,1,2011,6,1,2,7,0.612138952,1.801143981
705,1,2011,6,1,2,7,0.619854873,1.801143981
706,1,2011,6,1,2,7,3.279631446,3.995430662
707,1,2011,6,1,2,7,1.101519546,2.541320437
708,1,2011,6,1,2,7,0.94179494,1.947561176
709,1,2011,6,1,2,7,0.801693202,1.862996419
710,1,2011,6,1,2,7,1.09522903,2.545786809
711,1,2011,6,1,2,7,0.907385435,1.929635251
712,1,2011,6,1,2,7,0.509839073,1.704683682
713,1,2011,6,1,2,7,1.077132354,2.537068339
714,1,2011,6,1,2,7,1.785892335,2.590915069
715,1,2011,6,1,2,7,2.552589456,3.318040857
716,1,2011,6,1,2,7,1.861643099,2.683483468
717,1,2011,6,1,2,7,1.432493845,2.363722118
718,1,2011,6,1,2,7,1.664209203,2.55713317
719,1,2011,6,1,2,7,1.267023127,2.273898454
720,1,2011,6,1,2,7,1.12240717,2.432033749
721,1,2011,6,1,2,7,1.008931847,2.005239064
722,1,2011,6,1,2,7,1.323768627,2.292975667
723,1,2011,6,1,2,7,1.092507194,2.545786809
724,1,2011,6,1,2,7,0.773841784,1.862996419
725,1,2011,6,1,2,7,1.309389489,2.283233666
726,1,2011,6,1,2,7,0.948122533,1.947561176
727,1,2011,6,1,2,7,1.85702229,2.670302398
728,1,2011,6,1,2,7,1.471189254,2.376465302
729,1,2011,6,1,2,7,0.794144254,1.862996419
730,1,2011,6,1,2,7,1.811983064,2.604490553
731,1,2011,6,1,2,7,0.724181165,1.856550101
732,1,2011,6,1,2,7,1.086183596,2.537068339
733,1,2011,6,1,2,7,1.348165441,2.292975667
734,1,2011,6,1,2,7,1.838166834,2.664352166
735,1,2011,6,1,2,7,0.551123042,1.729532538
736,1,2011,6,1,2,7,1.084111883,2.537068339
737,1,2011,6,1,2,7,1.291562838,2.283510543
738,1,2011,6,1,2,7,0.997744838,2.008079214
739,1,2011,6,1,2,7,1.102739884,2.541320437
740,1,2011,6,1,2,7,1.400795498,2.35275318
741,1,2011,6,1,2,7,0.788830001,1.862996419
742,1,2011,6,1,2,7,1.496170692,2.383810823
743,1,2011,6,1,2,7,1.004087263,2.011606125
744,1,2011,6,1,2,7,1.548087706,2.411936761
745,1,2011,6,1,2,7,1.106491023,2.541320437
746,1,2011,6,1,2,7,1.239260638,2.54258544
747,1,2011,6,1,2,7,1.197990237,2.43155382
748,1,2011,6,1,2,7,1.378253413,2.308339936
749,1,2011,6,1,2,7,1.754825824,2.589000524
750,1,2011,6,1,2,7,1.128140178,2.432033749
751,1,2011,6,1,2,7,1.250950486,2.510677171
752,1,2011,6,1,2,7,2.22671283,3.004766729
753,1,2011,6,1,2,7,2.245468227,3.004766729
754,1,2011,6,1,2,7,0.719079942,1.845425875
755,1,2011,6,1,2,7,0.471237989,1.660184856
756,1,2011,6,1,2,7,1.244481819,2.510677171
757,1,2011,6,1,2,7,1.545321891,2.411936761
758,1,2011,6,1,2,7,1.125450698,2.432033749
759,1,2011,6,1,2,7,1.47164166,2.376465302
760,1,2011,6,1,2,7,1.350603063,2.292975667
761,1,2011,6,1,2,7,1.099582135,2.541320437
762,1,2011,6,1,2,7,1.147666352,2.428375495
763,1,2011,6,1,2,7,1.270087813,2.273898454
764,1,2011,6,1,2,7,1.926132078,2.765025051
765,1,2011,6,1,2,7,0.505942128,1.704683682
766,1,2011,6,1,2,7,2.077874758,2.808546304
767,1,2011,6,1,2,7,1.389295638,2.308339936
768,1,2011,6,1,2,7,0.738658942,1.856550101
769,1,2011,6,1,2,7,1.866225356,2.683483468
770,1,2011,6,1,2,7,1.249981185,2.510677171
771,1,2011,6,1,2,7,1.336073314,2.292975667
772,1,2011,6,1,2,7,2.341287893,3.016047379
773,1,2011,6,1,2,7,0.482737869,1.660184856
774,1,2011,6,1,2,7,0.638569798,1.801143981
775,1,2011,6,1,2,7,1.262026433,2.510677171
776,1,2011,6,1,2,7,1.206305596,2.490521483
777,1,2011,6,1,2,7,0.794310683,1.862996419
778,1,2011,6,1,2,7,1.278211145,2.278879322
779,1,2011,6,1,2,7,0.582873024,1.805754105
780,1,2011,6,1,2,7,1.193142144,2.43155382
782,1,2011,6,1,2,7,1.246270038,2.510677171
783,1,2011,6,1,2,7,0.846590092,1.916376383
784,1,2011,6,1,2,7,0.534150301,1.729532538
785,1,2011,6,1,2,7,1.117202859,2.546772726
786,1,2011,6,1,2,7,1.464707198,2.363722118
787,1,2011,6,1,2,7,1.839308531,2.664352166
788,1,2011,6,1,2,7,0.4573163,1.660184856
789,1,2011,6,1,2,7,1.142581865,2.428375495
790,1,2011,6,1,2,7,0.557481463,1.731393024
791,1,2011,6,1,2,7,1.95255705,2.77581023
792,1,2011,6,1,2,7,1.305943209,2.283233666
793,1,2011,6,1,2,7,0.700102664,1.818211879
794,1,2011,6,1,2,7,1.204416985,2.484095611
795,1,2011,6,1,2,7,1.005048454,2.011606125
796,1,2011,6,1,2,7,0.967502056,1.979418644
797,1,2011,6,1,2,7,0.663744483,1.801143981
798,1,2011,6,1,2,7,0.757690586,1.856550101
799,1,2011,6,1,2,7,0.668889353,1.807319222
800,1,2011,6,1,2,7,0.771842038,1.862996419
801,1,2011,6,1,2,7,0.839148404,1.912180271
802,1,2011,6,1,2,7,1.251395299,2.510677171
803,1,2011,6,1,2,7,2.244051741,3.004766729
804,1,2011,6,1,2,7,1.019626023,2.022067691
805,1,2011,6,1,2,7,0.668521643,1.807319222
806,1,2011,6,1,2,7,1.623557209,2.467429229
807,1,2011,6,1,2,7,1.25136523,2.510677171
808,1,2011,6,1,2,7,0.74764675,1.856550101
809,1,2011,6,1,2,7,1.407769126,2.381311412
810,1,2011,6,1,2,7,1.947767358,2.77581023
811,1,2011,6,1,2,7,1.271552542,2.273898454
812,1,2011,6,1,2,7,1.307377106,2.283233666
813,1,2011,6,1,2,7,1.139750282,2.428375495
814,1,2011,6,1,2,7,1.088364501,2.545786809
815,1,2011,6,1,2,7,1.550696268,2.411936761
816,1,2009,2,16,0,3,1.348680941,2.286624642
817,1,2010,8,27,4,18,0.208029243,1.715205404
818,1,2010,8,27,4,18,0.926715669,1.986649159
819,1,2010,8,27,4,18,1.651617682,2.526481776
820,1,2010,8,27,4,18,1.049135732,2.083944224
821,1,2010,8,27,4,18,1.263613543,2.259755499
822,1,2010,8,27,4,18,1.335118645,2.284974898
823,1,2010,8,27,4,18,1.731280248,2.602558079
824,1,2010,8,27,4,18,1.78547456,2.595402249
825,1,2010,8,27,4,18,0.840135526,1.971276216
826,1,2010,8,27,4,18,2.29501636,3.186395052
827,1,2010,8,27,4,18,1.902331372,2.731970836
828,1,2010,8,27,4,18,1.327425355,2.284974898
829,1,2010,8,27,4,18,0.122934025,1.909649383
830,1,2010,8,27,4,18,1.130021779,2.181239844
831,1,2010,8,27,4,18,1.954763138,2.777150395
832,1,2010,8,27,4,18,0.453946575,1.673950618
833,1,2010,8,27,4,18,0.946892979,1.986649159
834,1,2010,8,27,4,18,1.292175289,2.275796115
835,1,2010,8,27,4,18,1.891403214,2.709738581
836,1,2010,8,27,4,18,0.747943094,1.88022949
837,1,2010,8,27,4,18,0.578367292,1.770870923
838,1,2010,8,27,4,18,1.048344352,2.083944224
839,1,2010,8,27,4,18,1.941237236,2.777150395
840,1,2010,8,27,4,18,1.162083295,2.201676187
841,1,2010,8,27,4,18,1.108769802,2.127819235
842,1,2010,8,27,4,18,0.561482802,1.748868262
843,1,2010,8,27,4,18,1.111913056,2.127819235
844,1,2010,8,27,4,18,1.048575519,2.083944224
845,1,2010,8,27,4,18,1.674656064,2.586241927
846,1,2010,8,27,4,18,1.362717477,2.291890696
847,1,2010,8,27,4,18,2.695787162,3.473221263
848,1,2010,8,27,4,18,1.081542115,2.132285608
849,1,2010,8,27,4,18,0.413103796,1.673950618
850,1,2010,8,27,4,18,0.756619629,1.88022949
851,1,2010,8,27,4,18,0.5577228,1.732390264
852,1,2010,8,27,4,18,0.370027709,1.667280825
853,1,2010,8,27,4,18,1.173711841,2.201676187
854,1,2010,8,27,4,18,1.528161761,2.451460946
855,1,2010,8,27,4,18,0.947654927,1.986649159
856,1,2010,8,27,4,18,0.770332009,1.88022949
857,1,2010,8,27,4,18,0.561675722,1.748868262
858,1,2010,8,27,4,18,0.29938374,1.667280825
859,1,2010,8,27,4,18,0.880412513,1.981466055
861,1,2010,8,27,4,18,1.631725651,2.526481776
862,1,2010,8,27,4,18,0.7259387,1.88022949
863,1,2010,8,27,4,18,0.857578312,1.97534757
864,1,2010,8,27,4,18,1.411818551,2.407112083
865,1,2010,8,27,4,18,0.844906549,1.971276216
866,1,2010,8,27,4,18,1.517426929,2.431583653
867,1,2010,8,27,4,18,0.785353347,1.880537989
868,1,2010,8,27,4,18,1.068963138,2.140298131
869,1,2010,8,27,4,18,0.747761342,1.88022949
870,1,2010,8,27,4,18,1.306858009,2.284459579
871,1,2010,8,27,4,18,2.121304917,2.972166267
872,1,2010,8,27,4,18,0.667700843,1.823850181
873,1,2010,8,27,4,18,1.058658757,2.111817028
874,1,2010,8,27,4,18,1.346991841,2.284974898
875,1,2010,8,27,4,18,1.02345458,2.077431491
876,1,2010,8,27,4,18,1.09420187,2.132285608
877,1,2010,8,27,4,18,2.009016484,2.798315229
878,1,2010,8,27,4,18,0.888774908,1.981466055
879,1,2010,8,27,4,18,1.644119482,2.526481776
880,1,2010,8,27,4,18,0.763363958,1.88022949
881,1,2010,8,27,4,18,2.287531453,3.186395052
882,1,2010,8,27,4,18,1.328751223,2.284974898
883,1,2010,8,27,4,18,1.022886376,2.077431491
884,1,2010,8,27,4,18,0.949601855,1.986649159
885,1,2010,8,27,4,18,1.499320472,2.40702128
886,1,2010,8,27,4,18,1.531538528,2.451460946
887,1,2010,8,27,4,18,0.63135941,1.81767494
888,1,2010,8,27,4,18,0.812379738,1.928502824
889,1,2010,8,27,4,18,1.691795732,2.586241927
890,1,2010,8,27,4,18,1.378135651,2.292738262
891,1,2010,8,27,4,18,1.615096276,2.515146313
892,1,2010,8,27,4,18,1.225759556,2.233584694
893,1,2010,8,27,4,18,1.571896464,2.464436433
894,1,2010,8,27,4,18,0.799215507,1.880537989
895,1,2010,8,27,4,18,1.064177957,2.126550891
896,1,2010,8,27,4,18,1.779507137,2.595402249
897,1,2010,8,27,4,18,0.708599126,1.876677778
898,1,2010,8,27,4,18,0.736483714,1.88022949
899,1,2010,8,27,4,18,0.245603485,1.667280825
900,1,2010,8,27,4,18,1.531640433,2.451460946
901,1,2010,8,27,4,18,0.582668361,1.847643756
902,1,2010,8,27,4,18,0.683071791,1.823850181
903,1,2010,8,27,4,18,1.309415862,2.284459579
904,1,2010,8,27,4,18,0.502008929,1.681670777
905,1,2010,8,27,4,18,0.724681626,1.88022949
906,1,2010,8,27,4,18,0.554144655,1.723261153
907,1,2010,8,27,4,18,1.411184824,2.407112083
908,1,2010,8,27,4,18,0.834613918,1.962961076
909,1,2010,8,27,4,18,1.620588373,2.526481776
910,1,2010,8,27,4,18,0.7260189,1.88022949
911,1,2010,8,27,4,18,1.887223851,2.709738581
912,1,2010,8,27,4,18,0.584553234,1.818728176
913,1,2010,8,27,4,18,0.144629958,1.839426585
914,1,2010,8,27,4,18,0.882444139,1.981466055
915,1,2010,8,27,4,18,1.296581578,2.280317886
916,1,2010,8,27,4,18,1.700955675,2.586241927
917,1,2010,8,27,4,18,0.891749045,1.981466055
918,1,2010,8,27,4,18,1.530419655,2.451460946
919,1,2010,8,27,4,18,0.985716227,2.027708796
920,1,2010,8,27,4,18,2.265977095,3.194699854
921,1,2010,8,27,4,18,1.800673894,2.603672831
922,1,2010,8,27,4,18,1.458688012,2.414367412
923,1,2010,8,27,4,18,0.723033724,1.88022949
924,1,2010,8,27,4,18,0.995587105,2.035913906
925,1,2010,8,27,4,18,0.973199563,2.006716527
926,1,2010,8,27,4,18,1.657146488,2.552080828
927,1,2010,8,27,4,18,1.330394046,2.284974898
928,1,2010,8,27,4,18,1.213478692,2.233584694
929,1,2010,8,27,4,18,0.759806623,1.88022949
930,1,2010,8,27,4,18,0.675073863,1.823850181
931,1,2010,8,27,4,18,1.127850701,2.181239844
932,1,2010,8,27,4,18,0.84453761,1.971276216
933,1,2010,8,27,4,18,2.476115817,3.330075539
934,1,2010,8,27,4,18,1.678858396,2.586241927
935,1,2010,8,27,4,18,0.652036681,1.81767494
936,1,2010,8,27,4,18,1.364908571,2.291890696
937,1,2010,8,27,4,18,2.018468429,2.798315229
938,1,2010,8,27,4,18,1.261555174,2.232049547
939,1,2010,8,27,4,18,1.324959576,2.284974898
940,1,2010,8,27,4,18,1.276090713,2.265911428
941,1,2010,8,27,4,18,1.074693961,2.132285608
942,1,2011,2,12,5,0,1.398372284,2.351918463
944,1,2014,5,7,2,6,0.739222484,1.95328038
945,1,2014,5,7,2,6,0.90891106,2.090341113
946,1,2014,5,7,2,6,1.245810135,2.290145244
947,1,2011,4,27,2,20,1.302197899,2.2708877
948,1,2011,4,27,2,20,1.713744638,2.581079607
949,1,2011,4,27,2,20,0.629823399,1.820389436
950,1,2011,4,27,2,20,1.189647696,2.16661701
951,1,2011,4,27,2,20,0.939457676,1.974317461
952,1,2010,8,14,5,2,1.338294996,2.287964955
953,1,2010,8,14,5,2,1.172868654,2.134767206
954,1,2010,8,14,5,2,0.791221622,1.869008724
955,1,2010,8,14,5,2,2.062333117,2.81916522
956,1,2010,8,14,5,2,1.015430146,2.017870487
957,1,2010,8,14,5,2,2.10410537,2.946477915
958,1,2010,8,14,5,2,0.927456054,1.935056499
959,1,2010,8,14,5,2,2.122997988,2.963519916
960,1,2010,8,14,5,2,1.764438967,2.575009621
961,1,2010,8,14,5,2,1.15071977,2.13158888
962,1,2010,8,14,5,2,1.423388592,2.39908339
963,1,2010,8,14,5,2,1.218154823,2.204470678
964,1,2010,8,14,5,2,0.350198772,1.653515063
965,1,2010,8,14,5,2,0.746332689,1.862212376
966,1,2010,8,14,5,2,1.302000862,2.274081261
967,1,2010,8,14,5,2,1.757650176,2.575009621
968,1,2010,8,14,5,2,2.233385972,3.090769156
969,1,2010,8,14,5,2,1.651237048,2.508526384
970,1,2010,8,14,5,2,0.617566893,1.791362851
971,1,2010,8,14,5,2,2.729319604,3.48400051
972,1,2010,8,14,5,2,2.437060904,3.276158199
973,1,2010,8,14,5,2,1.44185731,2.39908339
974,1,2010,8,14,5,2,0.794551051,1.869008724
975,1,2010,8,14,5,2,1.726659472,2.575426649
977,1,2010,8,14,5,2,0.971723046,1.976752174
978,1,2010,8,14,5,2,1.946318513,2.770200317
979,1,2010,8,14,5,2,0.872422605,1.918245208
980,1,2010,8,14,5,2,1.253888358,2.214469716
982,1,2010,8,14,5,2,1.893726182,2.716671781
983,1,2010,8,14,5,2,1.196122202,2.134767206
984,1,2010,8,14,5,2,1.945011297,2.770200317
985,1,2010,8,14,5,2,0.624558979,1.791362851
986,1,2010,8,14,5,2,1.002000914,2.015806026
987,1,2010,8,14,5,2,1.565012294,2.441388562
988,1,2010,8,14,5,2,1.923839791,2.743368997
989,1,2010,8,14,5,2,0.846478593,1.899330664
990,1,2010,8,14,5,2,1.303562596,2.278222954
991,1,2010,8,14,5,2,1.760277519,2.575009621
992,1,2010,8,14,5,2,0.869861341,1.918245208
993,1,2010,8,14,5,2,1.486816243,2.403765816
994,1,2010,8,14,5,2,2.495631041,3.276158199
995,1,2010,8,14,5,2,0.395891197,1.653515063
996,1,2010,8,14,5,2,0.734647215,1.862212376
997,1,2010,8,14,5,2,2.084207579,2.879340857
998,1,2010,8,14,5,2,1.543618676,2.431474943
999,1,2010,8,14,5,2,1.375191899,2.303329224
1000,1,2010,8,14,5,2,1.076580385,2.071111245
1001,1,2010,8,14,5,2,1.364896377,2.294880753
1002,1,2010,8,14,5,2,2.203037129,2.985411327
1003,1,2010,8,14,5,2,1.08426411,2.071111245
1004,1,2010,8,14,5,2,1.395776026,2.323758653
1005,1,2010,8,14,5,2,0.981502821,2.011637394
1006,1,2010,8,14,5,2,0.861778866,1.918245208
1007,1,2010,8,14,5,2,1.081809508,2.071111245
1008,1,2010,8,14,5,2,1.69070326,2.554141969
1009,1,2010,8,14,5,2,1.910145873,2.738904035
1010,1,2010,8,14,5,2,0.585451761,1.792416087
1011,1,2010,8,14,5,2,2.264729276,3.123506682
1012,1,2010,8,14,5,2,0.944302407,1.943034169
1013,1,2010,8,14,5,2,1.198494145,2.134767206
1014,1,2010,8,14,5,2,1.263570501,2.24118624
1015,1,2010,8,14,5,2,1.694983956,2.554141969
1016,1,2010,8,14,5,2,2.825534919,3.655092092
1017,1,2010,8,14,5,2,3.059849835,3.914346466
1018,1,2010,8,14,5,2,1.394867098,2.303329224
1019,1,2010,8,14,5,2,0.686205624,1.797538092
1020,1,2010,8,14,5,2,0.395346218,1.653515063
1021,1,2010,8,14,5,2,1.552906728,2.435121257
1022,1,2010,8,14,5,2,1.577765316,2.449651098
1023,1,2010,8,14,5,2,1.839794974,2.654250411
1024,1,2010,8,14,5,2,0.774028681,1.869008724
1025,1,2010,8,14,5,2,0.865122004,1.918245208
1026,1,2010,8,14,5,2,1.595984567,2.449651098
1027,1,2010,8,14,5,2,1.880642747,2.716671781
1028,1,2010,8,14,5,2,0.83574468,1.896255495
1029,1,2010,8,14,5,2,2.011696745,2.79136515
1030,1,2010,8,14,5,2,0.562434992,1.737808761
1031,1,2010,8,14,5,2,1.181753725,2.134767206
1032,1,2015,4,16,3,22,1.44466059,2.494899257
1033,1,2015,4,16,3,22,0.396012785,1.749614967
1034,1,2015,4,16,3,22,0.660763736,1.858612978
1035,1,2015,4,16,3,22,1.687836843,2.706369118
1036,1,2015,4,16,3,22,1.098043874,2.241698162
1037,1,2013,3,15,4,11,0.858517085,2.119994218
1038,1,2013,3,15,4,11,1.013257407,2.26105319
1039,1,2014,11,16,6,8,1.720912731,2.79369355
1040,1,2014,11,16,6,8,0.84001405,2.014164463
1041,1,2013,2,20,2,16,0.679928609,1.861299381
1042,1,2011,7,3,6,0,0.741347326,1.872075833
1043,1,2014,3,25,1,23,0.821154961,2.026576862
1044,1,2014,3,25,1,23,1.439925436,2.494899257
1045,1,2014,3,25,1,23,0.848933877,2.155302903
1046,1,2014,3,25,1,23,0.629597298,1.879053887
1047,1,2014,3,25,1,23,1.500658424,2.649231495
1048,1,2014,3,25,1,23,1.190922096,2.248888486
1049,1,2014,3,25,1,23,0.431301108,1.756284761
1050,1,2014,3,25,1,23,1.902331573,2.919957292
1051,1,2014,3,25,1,23,0.432244425,1.756284761
1052,1,2014,3,25,1,23,2.894913235,3.724967978
1053,1,2014,3,25,1,23,1.449666416,2.494899257
1054,1,2014,3,25,1,23,2.330574723,3.296039035
1055,1,2014,3,25,1,23,1.693925261,2.693478562
1056,1,2014,3,25,1,23,0.612192805,1.879053887
1057,1,2014,3,25,1,23,0.916645706,2.138170819
1058,1,2014,3,25,1,23,1.501994243,2.561294554
1059,1,2014,3,25,1,23,1.158052808,2.248888486
1060,1,2014,3,25,1,23,1.47791543,2.534232185
1061,1,2014,3,25,1,23,1.610661101,2.68876035
1062,1,2014,3,25,1,23,2.004584294,2.987830388
1063,1,2014,3,25,1,23,1.075091361,2.212033362
1064,1,2014,3,25,1,23,1.946013352,2.949692745
1065,1,2014,3,25,1,23,2.26123407,3.281026242
1066,1,2014,3,25,1,23,2.149346895,3.157385145
1067,1,2014,3,25,1,23,0.609608197,1.879053887
1068,1,2014,3,25,1,23,1.346278345,2.448392985
1069,1,2014,3,25,1,23,1.156880513,2.248888486
1070,1,2014,3,25,1,23,0.842118706,2.026576862
1071,1,2014,3,25,1,23,0.846656967,2.155302903
1072,1,2014,3,25,1,23,2.562832187,3.49654665
1073,1,2014,3,25,1,23,0.491778617,1.756284761
1074,1,2014,3,25,1,23,0.78852519,2.025905654
1075,1,2014,3,25,1,23,1.636382561,2.697268691
1076,1,2014,3,25,1,23,2.258100285,3.281026242
1077,1,2014,3,25,1,23,1.252775714,2.298429392
1078,1,2014,3,25,1,23,0.902173941,2.129053673
1079,1,2014,3,25,1,23,1.677628922,2.693478562
1080,1,2014,3,25,1,23,2.547398453,3.49654665
1081,1,2014,3,25,1,23,1.040557182,2.218476198
1082,1,2014,3,25,1,23,2.175873472,3.21062548
1083,1,2014,3,25,1,23,1.371780983,2.455619878
1084,1,2014,3,25,1,23,2.130628622,3.115123243
1085,1,2014,3,25,1,23,0.71000578,2.000628476
1086,1,2014,3,25,1,23,1.591208709,2.681254209
1087,1,2014,3,25,1,23,0.780462231,2.025905654
1088,1,2014,3,25,1,23,2.341078004,3.327951241
1089,1,2014,3,25,1,23,2.03915149,2.995006636
1090,1,2014,3,25,1,23,1.62570634,2.697268691
1091,1,2014,3,25,1,23,2.333493444,3.327951241
1092,1,2014,3,25,1,23,1.138698175,2.248888486
1093,1,2014,3,25,1,23,0.597526882,1.871519975
1094,1,2014,3,25,1,23,2.494259192,3.49654665
1095,1,2014,3,25,1,23,1.476404146,2.534232185
1096,1,2014,3,25,1,23,1.227940919,2.265878461
1097,1,2014,3,25,1,23,0.592307405,1.871519975
1098,1,2014,3,25,1,23,0.577462088,1.848554185
1099,1,2014,3,25,1,23,0.929297768,2.138170819
1100,1,2014,3,25,1,23,2.029327309,2.995006636
1101,1,2014,3,25,1,23,2.355486862,3.373305589
1102,1,2014,3,25,1,23,1.537230161,2.601262928
1103,1,2014,3,25,1,23,2.053081311,2.995006636
1104,1,2014,3,25,1,23,1.286942082,2.402587395
1105,1,2014,3,25,1,23,0.813079482,2.026576862
1106,1,2014,3,25,1,23,1.325235195,2.448392985
1107,1,2014,3,25,1,23,1.200813718,2.241084333
1108,1,2014,3,25,1,23,2.15873379,3.223907407
1109,1,2014,3,25,1,23,0.457160013,1.756284761
1110,1,2014,3,25,1,23,1.058302779,2.218476198
1111,1,2014,3,25,1,23,0.473632986,1.756284761
1112,1,2014,3,25,1,23,0.534698968,1.801755568
1113,1,2014,3,25,1,23,0.47888487,1.756284761
1114,1,2014,3,25,1,23,0.917515662,2.138170819
1115,1,2014,3,25,1,23,2.828427538,3.670040111
1116,1,2014,3,25,1,23,1.298313473,2.433666468
1117,1,2014,3,25,1,23,1.574618044,2.697990473
1118,1,2014,3,25,1,23,2.271292801,3.281026242
1119,1,2014,3,25,1,23,2.253786268,3.281026242
1120,1,2014,3,25,1,23,1.56517214,2.675332389
1121,1,2014,3,25,1,23,1.392042974,2.455619878
1122,1,2014,3,25,1,23,2.21231682,3.26830745
1123,1,2014,3,25,1,23,1.978682963,2.949692745
1124,1,2014,3,25,1,23,2.018323728,2.987830388
1125,1,2014,3,25,1,23,1.956748994,2.949692745
1126,1,2011,6,21,1,13,1.23636177,2.241692105
1127,1,2011,6,21,1,13,0.943126397,1.985551749
1128,1,2011,6,21,1,13,1.667280956,2.593714182
1129,1,2013,1,2,2,20,0.801346792,2.020539216
1130,1,2013,1,2,2,20,0.701689999,1.906680832
1131,1,2009,10,7,2,8,1.596678185,2.445777455
1132,1,2012,8,25,5,22,1.794340603,2.616121626
1133,1,2012,8,25,5,22,1.547694303,2.511168583
1134,1,2012,8,25,5,22,1.034088533,2.072394351
1135,1,2012,8,25,5,22,1.263743847,2.310561591
1136,1,2015,6,5,4,8,0.931340274,2.165812783
1137,1,2015,6,5,4,8,1.223485924,2.39413478
1138,1,2015,6,5,4,8,0.706733215,2.021792914
1139,1,2015,6,5,4,8,2.394992104,3.541878802
1140,1,2015,6,5,4,8,2.357282852,3.522788279
1141,1,2015,6,5,4,8,1.721223009,2.832310526
1142,1,2013,2,26,1,11,1.133249901,2.33394086
1143,1,2013,2,26,1,11,2.448428639,3.524309171
1144,1,2014,4,29,1,0,1.188927397,2.27704598
1145,1,2014,4,29,1,0,1.75489451,2.716092028
1146,1,2014,4,29,1,0,1.639147278,2.644993695
1147,1,2010,8,6,4,20,1.829239297,2.661849882
1148,1,2010,8,6,4,20,1.37960175,2.299856245
1149,1,2010,8,6,4,20,0.450035083,1.673950618
1150,1,2010,8,6,4,20,1.559923936,2.443569375
1151,1,2012,6,7,3,0,1.142435662,2.126835842
1152,1,2012,6,7,3,0,2.141356113,3.00421759
1153,1,2011,9,24,5,7,0.981034653,2.007437492
1154,1,2011,9,28,2,10,0.996000764,2.041312796
1155,1,2011,9,28,2,10,0.797307443,1.892982377
1156,1,2011,9,28,2,10,0.717339739,1.875411833
1157,1,2011,9,28,2,10,1.783326088,2.602190554
1158,1,2011,9,28,2,10,2.125011049,3.014720031
1159,1,2011,9,28,2,10,1.598690608,2.469194547
1160,1,2009,11,1,6,5,1.172038127,2.125915293
1161,1,2009,11,1,6,5,1.913397011,2.773275507
1162,1,2014,4,23,2,22,0.870860685,2.099601383
1163,1,2014,4,23,2,22,2.242680131,3.246883973
1164,1,2014,4,23,2,22,2.428530447,3.49654665
1165,1,2014,4,23,2,22,1.276123806,2.402587395
1166,1,2014,4,23,2,22,0.619538194,1.874390936
1167,1,2014,4,23,2,22,1.254454168,2.312890268
1168,1,2012,2,28,1,19,0.911461844,2.021883396
1169,1,2012,2,28,1,19,1.471833516,2.440688871
1170,1,2010,9,29,2,16,3.028343981,3.914346466
1171,1,2010,9,29,2,16,0.721870588,1.876672602
1172,1,2010,9,29,2,16,0.47354675,1.680705026
1173,1,2010,9,29,2,16,0.773575262,1.88311892
1174,1,2010,9,29,2,16,1.67270417,2.588273451
1175,1,2010,9,29,2,16,0.570988708,1.75562267
1177,1,2010,9,29,2,16,1.282416343,2.280542647
1178,1,2010,9,29,2,16,0.911852259,1.982517719
1179,1,2010,9,29,2,16,0.944966321,1.986649159
1180,1,2010,9,29,2,16,0.194782015,1.721959812
1181,1,2010,9,29,2,16,0.810929994,1.938599595
1182,1,2010,9,29,2,16,1.563527467,2.470155057
1183,1,2010,9,29,2,16,0.441397329,1.680705026
1184,1,2010,9,29,2,16,1.143888102,2.198497861
1185,1,2010,9,29,2,16,0.434419926,1.680705026
1186,1,2010,9,29,2,16,1.442266225,2.425433012
1187,1,2010,9,29,2,16,0.979437056,2.014956641
1188,1,2010,9,29,2,16,0.71183271,1.864761725
1190,1,2010,9,29,2,16,1.622099572,2.539452315
1191,1,2010,9,29,2,16,1.797450459,2.610858069
1192,1,2010,9,29,2,16,0.375282615,1.674035232
1193,1,2010,9,29,2,16,0.862244676,1.985425006
1194,1,2010,9,29,2,16,1.327492809,2.295684221
1195,1,2010,9,29,2,16,1.54083528,2.454925641
1196,1,2010,9,29,2,16,1.433421095,2.425433012
1197,1,2010,9,29,2,16,1.266310429,2.288249774
1198,1,2010,9,29,2,16,2.901701152,3.753991384
1199,1,2010,9,29,2,16,1.116779278,2.133163066
1200,1,2010,9,29,2,16,1.16646336,2.201676187
1201,1,2010,9,29,2,16,1.269129594,2.275561779
1202,1,2010,9,29,2,16,0.416799637,1.680705026
1203,1,2010,9,29,2,16,1.515318771,2.442649253
1204,1,2010,9,29,2,16,0.868613775,1.985425006
1205,1,2010,9,29,2,16,3.018822731,3.914346466
1206,1,2010,9,29,2,16,1.346747147,2.295684221
1207,1,2010,9,29,2,16,1.106101924,2.141591874
1208,1,2010,9,29,2,16,1.164368574,2.201676187
1209,1,2010,9,29,2,16,1.407678695,2.430731869
1210,1,2010,9,29,2,16,1.792036434,2.604502033
1211,1,2010,9,29,2,16,1.147871301,2.198497861
1212,1,2010,9,29,2,16,1.007911796,2.044839707
1213,1,2010,9,29,2,16,1.405258046,2.430731869
1214,1,2010,9,29,2,16,0.817941009,1.973057847
1215,1,2010,9,29,2,16,1.093506735,2.146058246
1216,1,2010,9,29,2,16,1.329922898,2.295684221
1217,1,2010,9,29,2,16,2.262211441,3.23039998
1219,1,2010,9,29,2,16,2.706414076,3.503967879
1220,1,2010,9,29,2,16,1.33918,2.295684221
1221,1,2010,9,29,2,16,1.149076116,2.198497861
1222,1,2010,9,29,2,16,1.165695757,2.201676187
1223,1,2010,9,29,2,16,1.240925277,2.24877059
1224,1,2010,9,29,2,16,1.953998372,2.782760309
1225,1,2010,9,29,2,16,1.496979127,2.430115438
1226,1,2010,9,29,2,16,0.980202979,2.022213866
1227,1,2010,9,29,2,16,0.650431785,1.814118052
1228,1,2010,9,29,2,16,2.741448013,3.632398973
1229,1,2010,9,29,2,16,0.449987154,1.680705026
1230,1,2010,9,29,2,16,0.95368065,1.989354206
1231,1,2010,9,29,2,16,1.516683383,2.442649253
1232,1,2010,9,29,2,16,1.19526294,2.201676187
1233,1,2010,9,29,2,16,1.295653671,2.294394748
1234,1,2010,9,29,2,16,1.353839892,2.295684221
1235,1,2010,9,29,2,16,0.780938972,1.88311892
1236,1,2010,9,29,2,16,1.373433839,2.302600019
1237,1,2010,9,29,2,16,1.030661196,2.091642287
1238,1,2010,9,29,2,16,0.878020619,1.985425006
1239,1,2010,9,29,2,16,0.347919801,1.674035232
1240,1,2010,9,29,2,16,0.700962446,1.828310649
1241,1,2010,9,29,2,16,0.977909343,2.014956641
1242,1,2010,9,29,2,16,0.973777136,2.006716527
1243,1,2010,9,29,2,16,0.732166096,1.876672602
1244,1,2010,9,29,2,16,1.971247243,2.782760309
1246,1,2010,9,29,2,16,2.396621932,3.391738175
1247,1,2010,9,29,2,16,0.910320741,1.982517719
1248,1,2010,9,29,2,16,1.010033455,2.044839707
1249,1,2010,9,29,2,16,0.839694377,1.973057847
1250,1,2010,9,29,2,16,2.822626968,3.687386934
1251,1,2010,9,29,2,16,0.957231784,1.999733076
1252,1,2010,9,29,2,16,0.859336392,1.985444341
1253,1,2010,9,29,2,16,1.059041024,2.136357001
1254,1,2010,9,29,2,16,2.36183145,3.391738175
1255,1,2010,9,29,2,16,0.463042776,1.680705026
1256,1,2010,9,29,2,16,1.445897437,2.425433012
1257,1,2010,9,29,2,16,0.918121521,1.982517719
1258,1,2010,9,29,2,16,2.718448443,3.570162979
1259,1,2010,9,29,2,16,0.79104785,1.88311892
1260,1,2010,9,29,2,16,0.741939144,1.876672602
1261,1,2010,9,29,2,16,0.448872274,1.680705026
1262,1,2010,9,29,2,16,0.689250572,1.820293293
1263,1,2010,9,29,2,16,1.054647846,2.126837215
1264,1,2010,9,29,2,16,2.534926476,3.418424754
1265,1,2010,9,29,2,16,0.167321973,1.736161173
1266,1,2010,9,29,2,16,1.463859545,2.425433012
1267,1,2010,9,29,2,16,0.478177926,1.680705026
1268,1,2010,9,29,2,16,0.659949398,1.814118052
1269,1,2010,9,29,2,16,2.249926877,3.224790727
1270,1,2010,9,29,2,16,1.385272246,2.31104849
1271,1,2010,9,29,2,16,0.657511114,1.814118052
1272,1,2010,9,29,2,16,1.602392354,2.50669532
1273,1,2010,9,29,2,16,1.241658428,2.24877059
1274,1,2010,9,29,2,16,1.635138028,2.539452315
1275,1,2010,9,29,2,16,1.326678747,2.295684221
1276,1,2010,9,29,2,16,0.21355366,1.721959812
1277,1,2010,9,29,2,16,1.810618034,2.618077517
1278,1,2010,9,29,2,16,1.311898239,2.297401536
1279,1,2010,9,29,2,16,2.821001657,3.687386934
1280,1,2014,10,27,0,14,0.965184237,2.16310502
1281,1,2014,10,27,0,14,1.258596933,2.405549764
1282,1,2014,10,27,0,14,1.063881853,2.319725143
1283,1,2014,10,27,0,14,1.574632071,2.706675556
1284,1,2014,10,27,0,14,0.549097462,1.801755568
1285,1,2014,10,27,0,14,1.61513191,2.766491387
1286,1,2014,10,27,0,14,0.866096799,2.113697642
1287,1,2014,10,27,0,14,1.431929886,2.565957586
1288,1,2014,10,27,0,14,0.885458758,2.126264018
1289,1,2014,10,27,0,14,0.810889219,2.031840711
1290,1,2014,10,27,0,14,0.792324448,2.031169503
1291,1,2014,10,27,0,14,2.081424759,3.051489099
1292,1,2014,10,27,0,14,0.834937414,2.031840711
1293,1,2014,10,27,0,14,1.007433964,2.239023504
1294,1,2014,10,27,0,14,1.216163968,2.39413478
1295,1,2014,10,27,0,14,0.55522085,1.801755568
1296,1,2014,10,27,0,14,1.925936186,2.955243236
1297,1,2014,10,27,0,14,0.554588607,1.801755568
1298,1,2014,10,27,0,14,0.987972719,2.225338899
1299,1,2014,10,27,0,14,1.465938872,2.61064375
1300,1,2014,10,27,0,14,0.51677371,1.793877811
1301,1,2014,10,27,0,14,1.491767831,2.61587622
1302,1,2014,10,27,0,14,1.185403408,2.393199864
1303,1,2014,10,27,0,14,0.659860429,1.879053887
1304,1,2014,10,27,0,14,1.169084912,2.351358044
1305,1,2014,10,27,0,14,0.923233822,2.153441635
1306,1,2014,10,27,0,14,0.918013957,2.153441635
1307,1,2014,10,27,0,14,0.85396363,2.113697642
1308,1,2014,10,27,0,14,0.861221011,2.113697642
1309,1,2014,10,27,0,14,0.881645642,2.119987204
1310,1,2014,10,27,0,14,2.344066058,3.402740032
1311,1,2014,10,27,0,14,2.44057526,3.524309171
1312,1,2014,10,27,0,14,2.316165014,3.415534788
1313,1,2014,10,27,0,14,0.444792499,1.756284761
1314,1,2014,10,27,0,14,2.414744832,3.524309171
1315,1,2014,10,27,0,14,2.406412999,3.524309171
1316,1,2014,10,27,0,14,0.832839875,2.031840711
1317,1,2014,10,27,0,14,1.224410429,2.39413478
1318,1,2014,10,27,0,14,0.87056063,2.113697642
1319,1,2014,10,27,0,14,2.534359456,3.524309171
1320,1,2014,10,27,0,14,0.466041336,1.756284761
1321,1,2014,10,27,0,14,0.442886115,1.756284761
1322,1,2014,10,27,0,14,1.127750007,2.339649345
1323,1,2014,10,27,0,14,0.961311316,2.158101707
1324,1,2014,10,27,0,14,0.718299177,1.997372493
1325,1,2014,10,27,0,14,1.299744426,2.494589753
1326,1,2014,10,27,0,14,1.917811972,2.96771759
1327,1,2014,10,27,0,14,0.476253871,1.756284761
1328,1,2014,10,27,0,14,0.888728437,2.126264018
1329,1,2014,10,27,0,14,1.803767057,2.921751586
1330,1,2014,10,27,0,14,1.854014253,2.925817371
1331,1,2014,10,27,0,14,0.903642281,2.144324489
1332,1,2014,10,27,0,14,3.092393583,4.017600135
1333,1,2014,10,27,0,14,0.985386233,2.211294768
1334,1,2014,10,27,0,14,2.53652919,3.524309171
1335,1,2014,10,27,0,14,0.852667203,2.123111167
1336,1,2014,10,27,0,14,0.722756464,2.01024554
1337,1,2014,10,27,0,14,0.685781197,1.879053887
1338,1,2014,10,27,0,14,0.545109422,1.801755568
1339,1,2014,10,27,0,14,0.822258742,2.031840711
1340,1,2014,10,27,0,14,1.627178294,2.779038855
1341,1,2014,10,27,0,14,0.438778249,1.756284761
1342,1,2014,10,27,0,14,1.108624106,2.319725143
1343,1,2014,10,27,0,14,0.933060064,2.153441635
1344,1,2014,10,27,0,14,3.072334275,4.017600135
1345,1,2014,10,27,0,14,2.004353242,2.992957586
1346,1,2014,10,27,0,14,1.388354666,2.516013476
1347,1,2014,10,27,0,14,1.066035492,2.319725143
1348,1,2014,10,27,0,14,0.999426515,2.239023504
1349,1,2014,10,27,0,14,0.923245961,2.153441635
1350,1,2014,10,27,0,14,1.695553129,2.775248726
1351,1,2014,10,27,0,14,0.448189077,1.756284761
1352,1,2014,10,27,0,14,1.099005322,2.319725143
1353,1,2014,10,27,0,14,0.829662448,2.031840711
1354,1,2014,10,27,0,14,2.300401953,3.415534788
1355,1,2014,10,27,0,14,1.225986904,2.39413478
1356,1,2014,10,27,0,14,0.93654927,2.153441635
1357,1,2014,10,27,0,14,0.767951339,2.022999372
1358,1,2014,10,27,0,14,1.34920667,2.507524783
1359,1,2014,10,27,0,14,1.374937856,2.516013476
1360,1,2014,10,27,0,14,0.766376611,2.022999372
1361,1,2014,10,27,0,14,1.146789274,2.351358044
1362,1,2014,10,27,0,14,0.784744827,2.031169503
1363,1,2014,10,27,0,14,2.497130308,3.524309171
1364,1,2014,10,27,0,14,0.937550563,2.153441635
1365,1,2014,10,27,0,14,1.530604469,2.64588266
1366,1,2014,10,27,0,14,1.487186437,2.61587622
1367,1,2014,10,27,0,14,2.557930983,3.524309171
1368,1,2014,10,27,0,14,1.795966169,2.921751586
1369,1,2014,10,27,0,14,1.114932601,2.327118906
1370,1,2014,10,27,0,14,3.100539298,4.017600135
1371,1,2014,10,27,0,14,0.866105681,2.113697642
1372,1,2014,10,27,0,14,1.21938934,2.39413478
1373,1,2014,10,27,0,14,0.907583511,2.144324489
1374,1,2014,10,27,0,14,2.861950827,3.790095619
1375,1,2014,10,27,0,14,3.075194278,4.017600135
1376,1,2009,10,8,3,23,1.950148298,2.801459734
1377,1,2009,10,8,3,23,1.729736721,2.600233201
1378,1,2012,11,3,5,17,0.833639377,1.989920158
1379,1,2012,11,3,5,17,1.432469872,2.423305037
1380,1,2012,11,3,5,17,1.430178596,2.423305037
1381,1,2012,11,3,5,17,1.525723224,2.454858133
1382,1,2012,11,3,5,17,0.676318792,1.841181542
1383,1,2012,11,3,5,17,0.549690451,1.812553653
1384,1,2012,11,3,5,17,0.754114764,1.899829751
1385,1,2012,11,3,5,17,0.552615456,1.812553653
1386,1,2012,11,3,5,17,1.013875126,2.109303686
1387,1,2012,11,3,5,17,1.971269586,2.886221305
1388,1,2012,11,3,5,17,0.497989806,1.773565325
1389,1,2012,11,3,5,17,2.06310169,2.914630002
1390,1,2012,11,3,5,17,3.112335648,3.962396095
1391,1,2012,11,3,5,17,1.161647673,2.258975685
1392,1,2012,11,3,5,17,0.901761975,2.052853752
1393,1,2012,11,3,5,17,1.099853179,2.227624676
1394,1,2012,11,3,5,17,1.480769969,2.426691982
1395,1,2012,11,3,5,17,1.062340394,2.223067291
1396,1,2012,11,3,5,17,1.316489737,2.406923399
1397,1,2012,11,3,5,17,0.108064928,2.132979829
1398,1,2012,11,3,5,17,0.940993245,2.042306642
1399,1,2012,11,3,5,17,0.830557517,1.989920158
1400,1,2012,11,3,5,17,0.871122774,2.035464127
1401,1,2012,11,3,5,17,1.447628504,2.423305037
1402,1,2012,11,3,5,17,1.228665497,2.320094519
1403,1,2012,11,3,5,17,1.58926415,2.473352377
1404,1,2012,11,3,5,17,0.821187542,1.989920158
1405,1,2012,11,3,5,17,1.950919092,2.886221305
1406,1,2012,11,3,5,17,1.378545188,2.412735726
1407,1,2012,11,3,5,17,1.59637843,2.473352377
1408,1,2012,11,3,5,17,1.586982199,2.473352377
1410,1,2012,11,3,5,17,0.904642502,2.052853752
1411,1,2012,11,3,5,17,1.524827576,2.454858133
1412,1,2012,11,3,5,17,2.146371065,3.060413091
1413,1,2012,11,3,5,17,1.01807199,2.120164946
1414,1,2012,11,3,5,17,3.061478652,3.962396095
1415,1,2012,11,3,5,17,0.245177602,1.804930421
1416,1,2012,11,3,5,17,1.586666594,2.473352377
1417,1,2012,11,3,5,17,1.17284529,2.258975685
1418,1,2012,11,3,5,17,1.448218163,2.423305037
1419,1,2012,11,3,5,17,0.427071653,1.773565325
1420,1,2012,11,3,5,17,1.864469993,2.799775961
1421,1,2012,11,3,5,17,1.013887269,2.109303686
1422,1,2012,11,3,5,17,1.309370718,2.409905246
1423,1,2012,11,3,5,17,1.512971286,2.45157916
1424,1,2012,11,3,5,17,1.54838501,2.454457345
1425,1,2012,11,3,5,17,1.164752484,2.258975685
1426,1,2012,11,3,5,17,0.427356121,1.773565325
1427,1,2012,11,3,5,17,1.950698284,2.886221305
1428,1,2012,11,3,5,17,0.365340795,1.766895531
1430,1,2012,11,3,5,17,2.120964565,3.0466122
1431,1,2012,11,3,5,17,2.722607935,3.683726799
1432,1,2012,11,3,5,17,1.324338327,2.411422388
1433,1,2012,11,3,5,17,0.806494855,1.938145751
1434,1,2012,11,3,5,17,0.648255042,1.841181542
1435,1,2012,11,3,5,17,1.92006553,2.86143279
1436,1,2012,11,3,5,17,1.903328726,2.84956315
1437,1,2012,11,3,5,17,1.165110578,2.258975685
1438,1,2012,11,3,5,17,1.092651102,2.232091049
1439,1,2012,11,3,5,17,1.296877571,2.409905246
1440,1,2012,11,3,5,17,1.068038618,2.223067291
1441,1,2012,11,3,5,17,0.973158661,2.060198869
1442,1,2012,11,3,5,17,1.293262161,2.405873756
1443,1,2012,11,3,5,17,1.465171478,2.422009556
1444,1,2012,11,3,5,17,0.996611621,2.095858328
1445,1,2012,11,3,5,17,1.548702883,2.454457345
1446,1,2012,11,3,5,17,1.399715788,2.442162732
1447,1,2012,11,3,5,17,2.174115267,3.135279832
1448,1,2012,11,3,5,17,0.674690183,1.841181542
1449,1,2012,11,3,5,17,1.546133234,2.454457345
1450,1,2012,11,3,5,17,0.825721649,1.989920158
1451,1,2012,11,3,5,17,0.684397481,1.841181542
1452,1,2012,11,3,5,17,0.604879136,1.841181542
1453,1,2012,11,3,5,17,0.762014693,1.899829751
1454,1,2012,11,3,5,17,0.895870822,2.052853752
1455,1,2012,11,3,5,17,1.789598658,2.691935042
1456,1,2012,11,3,5,17,0.990969961,2.100076564
1457,1,2012,11,3,5,17,1.93795436,2.886221305
1458,1,2012,11,3,5,17,1.920225417,2.86143279
1459,1,2012,11,3,5,17,2.063893905,2.914630002
1460,1,2012,11,3,5,17,0.597538444,1.835528341
1461,1,2012,11,3,5,17,1.374506836,2.412735726
1462,1,2012,11,3,5,17,1.019196034,2.120164946
1463,1,2012,11,3,5,17,0.694529128,1.857306836
1464,1,2012,11,3,5,17,1.284597204,2.396395865
1465,1,2012,11,3,5,17,1.394422467,2.412735726
1466,1,2012,11,3,5,17,1.18102595,2.258975685
1467,1,2012,11,3,5,17,1.120165701,2.26383352
1468,1,2012,11,3,5,17,0.728006899,1.899829751
1469,1,2012,11,3,5,17,1.735847953,2.680800926
1470,1,2012,11,3,5,17,1.106745785,2.227624676
1471,1,2009,5,7,3,13,0.956070885,1.980720464
1472,1,2009,5,7,3,13,1.080665668,2.1272592
1473,1,2011,12,25,6,21,0.559191846,1.753398584
1474,1,2015,1,12,0,19,1.559191643,2.695766447
1475,1,2015,1,12,0,19,0.397287898,1.749614967
1476,1,2015,1,12,0,19,0.486196909,1.756284761
1477,1,2015,1,12,0,19,0.761175862,2.010118223
1478,1,2009,10,6,1,16,1.026518098,2.068205728
1479,1,2009,10,6,1,16,1.040218292,2.054551586
1480,1,2009,10,6,1,16,0.71594062,1.864761725
1481,1,2009,5,6,2,1,2.598256968,3.276158199
1482,1,2009,5,6,2,1,0.980160634,1.999591985
1483,1,2009,5,6,2,1,1.867942081,2.67715264
1484,1,2009,5,6,2,1,1.095095017,2.069217526
1485,1,2014,10,7,1,11,2.6478405,3.589560516
1486,1,2014,10,7,1,11,1.421825704,2.576224913
1487,1,2014,10,7,1,11,0.921386858,2.165812783
1488,1,2009,2,10,1,15,1.494496288,2.416605462
1489,1,2009,2,10,1,15,1.277445382,2.267152507
1490,1,2013,9,28,5,0,1.81077533,2.817398438
1491,1,2013,9,28,5,0,1.816665116,2.817398438
1492,1,2013,9,28,5,0,1.600617201,2.656450443
1493,1,2013,9,28,5,0,1.580430042,2.639183537
1494,1,2013,9,28,5,0,0.864738634,2.038754541
1495,1,2013,9,28,5,0,1.702405196,2.685803123
1496,1,2013,9,28,5,0,1.546649244,2.606936591
1497,1,2013,7,18,3,8,0.962063877,2.170472855
1498,1,2013,7,18,3,8,0.683644858,1.857508505
1499,1,2013,7,18,3,8,1.076895381,2.308414629
1500,1,2011,3,11,4,1,1.054284045,2.065876312
1501,1,2011,3,11,4,1,1.054626422,2.065876312
1502,1,2011,3,11,4,1,2.352192802,3.044110637
1503,1,2011,3,11,4,1,1.835198494,2.658995557
1504,1,2011,3,11,4,1,2.006290386,2.79136515
1505,1,2011,3,11,4,1,2.308714189,3.104427394
1506,1,2011,3,11,4,1,0.870691654,1.910697695
1507,1,2011,3,11,4,1,1.507071739,2.397933223
1508,1,2011,3,11,4,1,0.671363118,1.802140988
1509,1,2011,3,11,4,1,1.940987615,2.770200317
1510,1,2011,3,11,4,1,0.549208573,1.729532538
1511,1,2011,3,11,4,1,1.833046307,2.658995557
1512,1,2011,3,11,4,1,0.29922285,1.653515063
1513,1,2011,3,11,4,1,1.333281893,2.286624642
1514,1,2011,3,11,4,1,1.38308251,2.301988911
1515,1,2011,3,11,4,1,1.968769455,2.770200317
1516,1,2011,3,11,4,1,0.728544335,1.844509398
1517,1,2011,3,11,4,1,1.261643095,2.194714305
1518,1,2011,3,11,4,1,0.690889187,1.802140988
1519,1,2011,3,11,4,1,1.979027526,2.729400246
1520,1,2011,3,11,4,1,0.53832392,1.729532538
1521,1,2011,3,11,4,1,1.319233911,2.313632073
1522,1,2011,3,11,4,1,1.181864402,2.108368643
1523,1,2011,3,11,4,1,2.214641232,3.001419052
1524,1,2011,3,11,4,1,1.369332265,2.29354044
1525,1,2011,3,11,4,1,0.843013372,1.891783151
1526,1,2011,3,11,4,1,2.400659358,3.173991145
1527,1,2011,3,11,4,1,0.510264007,1.704683682
1528,1,2011,3,11,4,1,0.749713485,1.844509398
1529,1,2011,3,11,4,1,1.413089227,2.375374718
1530,1,2011,3,11,4,1,1.267289081,2.246540613
1531,1,2011,3,11,4,1,0.559696072,1.739375552
1532,1,2011,3,11,4,1,0.442073883,1.660184856
1533,1,2011,3,11,4,1,2.376378767,3.173991145
1534,1,2011,3,11,4,1,1.924465208,2.765025051
1535,1,2011,3,11,4,1,1.666051791,2.540414649
1536,1,2011,3,11,4,1,2.12313376,2.879841653
1537,1,2011,3,11,4,1,1.683254066,2.52323636
1538,1,2011,3,11,4,1,2.219121055,3.001419052
1539,1,2011,3,11,4,1,1.886178014,2.730772147
1540,1,2011,3,11,4,1,1.295472943,2.272740947
1541,1,2011,3,11,4,1,1.154650473,2.108368643
1542,1,2011,3,11,4,1,2.022207929,2.79136515
1543,1,2011,3,11,4,1,1.235405628,2.195195495
1544,1,2011,3,11,4,1,1.053529918,2.049383367
1545,1,2011,3,11,4,1,1.706639233,2.535307607
1546,1,2011,3,11,4,1,1.020170616,2.025552737
1547,1,2011,3,11,4,1,1.957876163,2.770200317
1548,1,2013,12,16,0,19,0.783663176,2.031169503
1549,1,2013,12,18,2,3,1.093946557,2.191580597
1550,1,2013,8,5,0,19,1.296682873,2.433666468
1551,1,2013,8,5,0,19,0.982810198,2.206150313
1552,1,2009,5,8,4,18,0.667051361,1.814650443
1553,1,2013,1,27,6,0,1.551953456,2.602177869
1554,1,2013,1,27,6,0,0.903011616,2.09210414
1555,1,2013,1,27,6,0,1.09185652,2.168833334
1556,1,2013,1,27,6,0,0.612189916,1.86028767
1557,1,2013,1,27,6,0,1.161154344,2.230756255
1558,1,2013,1,27,6,0,1.853885186,2.805588167
1559,1,2013,1,27,6,0,1.215123668,2.268552917
1560,1,2012,6,18,0,22,0.70958396,1.859025589
1561,1,2012,6,18,0,22,0.521397994,1.773550848
1563,1,2011,6,20,0,9,0.721899486,1.86328646
1564,1,2011,6,20,0,9,1.324731688,2.289651424
1565,1,2011,6,20,0,9,0.712302361,1.850666424
1566,1,2011,6,20,0,9,1.099726446,2.127819235
1567,1,2015,2,22,6,9,0.986833554,2.217652627
1568,1,2015,2,22,6,9,1.849228398,2.845440088
1569,1,2015,2,22,6,9,2.244565217,3.332666781
1570,1,2010,8,25,2,23,1.579189808,2.47591649
1571,1,2012,1,7,5,11,1.82915678,2.713653426
1572,1,2012,10,31,2,12,1.111379132,2.218448032
1573,1,2012,10,31,2,12,0.646859719,1.8453121
1574,1,2012,10,20,5,2,1.871046774,2.792201891
1575,1,2012,10,20,5,2,0.842968094,1.929401938
1576,1,2012,5,6,6,8,1.663758708,2.579681175
1577,1,2014,10,11,5,15,0.777498019,2.02472223
1578,1,2014,10,11,5,15,2.7230619,3.662612852
1579,1,2014,10,11,5,15,1.59405284,2.689939292
1580,1,2014,10,11,5,15,2.810840034,3.710314836
1581,1,2014,10,11,5,15,0.879517289,2.119994218
1582,1,2009,8,17,0,12,0.900437333,1.986215674
1583,1,2009,8,17,0,12,2.244833295,3.177430624
1584,1,2009,8,17,0,12,0.894029039,1.989122961
1585,1,2011,10,28,4,7,2.031010846,2.835082366
1586,1,2011,10,28,4,7,0.922622764,1.944378871
1587,1,2011,10,28,4,7,0.282261938,1.660269471
1588,1,2014,4,9,2,9,0.846883775,2.156132979
1589,1,2014,4,9,2,9,0.773511758,2.015315631
1590,1,2014,4,9,2,9,0.907308879,2.156695638
1591,1,2014,4,9,2,9,1.197763191,2.349310947
1592,1,2013,9,15,6,2,1.432837621,2.406910878
1593,1,2013,9,15,6,2,1.235286859,2.256128817
1594,1,2009,11,25,2,19,1.776608291,2.600581307
1595,1,2009,11,25,2,19,1.407297913,2.449816591
1596,1,2009,11,25,2,19,2.115319489,3.009702784
1597,1,2014,5,30,4,0,1.586281346,2.670772445
1598,1,2014,5,30,4,0,1.506240838,2.620288826
1599,1,2014,5,30,4,0,0.676828032,1.858619182
1600,1,2014,5,30,4,0,0.69225558,1.858619182
1601,1,2014,5,30,4,0,1.251155937,2.293754749
1602,1,2013,10,24,3,14,0.551709819,1.801755568
1603,1,2013,10,24,3,14,0.126690881,1.874226359
1604,1,2013,10,24,3,14,1.511053487,2.63920511
1605,1,2014,6,7,5,22,1.844337357,2.864905752
1606,1,2014,6,7,5,22,1.512114038,2.585557818
1607,1,2013,1,7,0,17,0.870498384,2.113697642
1608,1,2013,1,7,0,17,0.782519763,2.020539216
1609,1,2010,8,11,2,0,0.936243955,1.943034169
1610,1,2011,10,4,1,9,1.082191533,2.133389021
1611,1,2011,10,4,1,9,0.834587603,1.976755802
1612,1,2011,10,4,1,9,0.782165527,1.892982377
1613,1,2011,10,4,1,9,0.656700671,1.81736494
1614,1,2011,10,4,1,9,2.387346214,3.339448047
1615,1,2011,10,4,1,9,0.918354024,1.986215674
1616,1,2011,10,4,1,9,0.626657109,1.81736494
1617,1,2011,10,4,1,9,0.919957703,1.986215674
1618,1,2011,10,4,1,9,0.801979038,1.892982377
1619,1,2011,10,4,1,9,0.703363899,1.831557537
1620,1,2011,10,4,1,9,1.758295027,2.596185762
1621,1,2011,10,4,1,9,0.350650218,1.668375746
1622,1,2011,10,4,1,9,1.127001089,2.181239844
1623,1,2011,10,4,1,9,1.060259549,2.127654304
1624,1,2011,10,4,1,9,1.944427976,2.814517148
1625,1,2011,10,4,1,9,1.45071272,2.405951389
1626,1,2011,10,4,1,9,1.502026187,2.405950778
1627,1,2011,10,4,1,9,1.369373254,2.315734842
1628,1,2011,10,4,1,9,1.45791471,2.405951389
1629,1,2011,10,4,1,9,0.809643204,1.948660819
1630,1,2011,10,4,1,9,0.677967766,1.823540181
1631,1,2011,10,4,1,9,1.77238448,2.596185762
1632,1,2011,10,4,1,9,0.613671866,1.81736494
1633,1,2011,10,4,1,9,0.469373928,1.67504554
1634,1,2011,10,4,1,9,1.756155499,2.596185762
1635,1,2011,10,4,1,9,1.30281869,2.305654424
1636,1,2011,10,4,1,9,0.564285388,1.758103178
1637,1,2011,10,4,1,9,2.623065816,3.341162184
1638,1,2011,10,4,1,9,2.325209119,3.237799381
1639,1,2011,10,4,1,9,1.222017017,2.250305737
1640,1,2011,10,4,1,9,0.35918837,1.668375746
1641,1,2011,10,4,1,9,2.713861122,3.619583972
1642,1,2011,10,4,1,9,1.829191784,2.674136402
1643,1,2011,10,4,1,9,1.004960174,2.044839707
1644,1,2011,10,4,1,9,0.410470544,1.67504554
1645,1,2011,10,4,1,9,1.292977985,2.297545318
1646,1,2011,10,4,1,9,0.270018323,1.668375746
1647,1,2011,10,4,1,9,0.202615781,1.716300326
1648,1,2011,10,4,1,9,0.676807521,1.823540181
1649,1,2011,10,4,1,9,1.524223537,2.432700918
1650,1,2011,10,4,1,9,0.679632408,1.823540181
1651,1,2011,10,4,1,9,1.574236322,2.444208981
1652,1,2011,10,4,1,9,1.434623472,2.405951389
1653,1,2011,10,4,1,9,0.670251113,1.823540181
1654,1,2011,10,4,1,9,0.846889205,1.985070942
1655,1,2011,10,4,1,9,0.802471267,1.902295905
1656,1,2011,10,4,1,9,0.33562064,1.668375746
1657,1,2011,10,4,1,9,1.611718701,2.477866654
1658,1,2011,10,4,1,9,2.691865273,3.499751749
1659,1,2011,10,4,1,9,2.410907668,3.339448047
1660,1,2011,10,4,1,9,0.836967561,1.976755802
1661,1,2011,10,4,1,9,1.211365253,2.250305737
1662,1,2011,10,4,1,9,1.293378776,2.297545318
1663,1,2011,10,4,1,9,0.917546605,1.986215674
1664,1,2011,10,4,1,9,1.225916589,2.250305737
1665,1,2011,10,4,1,9,0.668267915,1.823540181
1666,1,2011,10,4,1,9,1.244092367,2.24877059
1667,1,2011,10,4,1,9,1.477641285,2.410633815
1668,1,2011,10,4,1,9,1.70398199,2.561259614
1669,1,2011,10,4,1,9,1.307732457,2.305654424
1670,1,2011,10,4,1,9,0.894374924,1.989122961
1671,1,2011,10,4,1,9,0.778897773,1.892982377
1672,1,2011,10,4,1,9,0.896077353,1.986215674
1673,1,2011,10,4,1,9,0.984583354,2.033107686
1674,1,2011,10,4,1,9,0.784425881,1.892982377
1675,1,2011,10,4,1,9,0.534864888,1.736286946
1676,1,2011,10,4,1,9,1.236158771,2.250305737
1677,1,2011,10,4,1,9,1.523640725,2.432700918
1678,1,2011,10,4,1,9,0.809416824,1.948660819
1679,1,2011,10,4,1,9,1.096790135,2.133389021
1680,1,2011,10,4,1,9,0.848033506,1.985070942
1681,1,2011,10,4,1,9,1.012947528,2.051081767
1682,1,2011,10,4,1,9,1.120796919,2.555041165
1683,1,2011,10,4,1,9,2.382068061,3.339448047
1684,1,2011,10,4,1,9,1.598716088,2.447573318
1685,1,2011,10,4,1,9,0.959863313,2.003431031
1686,1,2011,10,4,1,9,0.054242028,1.85555088
1687,1,2011,10,4,1,9,1.293787204,2.297545318
1688,1,2011,10,4,1,9,0.714296492,1.868261913
1689,1,2011,10,4,1,9,0.863865769,1.989122961
1690,1,2011,10,4,1,9,0.905448953,1.986215674
1691,1,2011,10,4,1,9,0.54408971,1.736286946
1692,1,2011,10,4,1,9,1.338631841,2.308819044
1693,1,2011,10,4,1,9,0.916948388,1.986215674
1694,1,2011,10,4,1,9,1.041232056,2.047144011
1695,1,2011,10,4,1,9,0.591898173,1.808460492
1696,1,2011,10,4,1,9,1.61770824,2.485670734
1697,1,2011,10,4,1,9,0.888184997,1.989122961
1698,1,2011,10,4,1,9,1.090918929,2.133389021
1699,1,2011,10,4,1,9,1.371714669,2.315734842
1700,1,2011,10,4,1,9,1.105628936,2.128922649
1701,1,2011,10,4,1,9,0.818346599,1.976755802
1702,1,2011,10,4,1,9,0.960274726,2.003431031
1703,1,2011,10,4,1,9,1.267850994,2.282679762
1704,1,2011,10,4,1,9,1.056418432,2.103400656
1705,1,2011,10,4,1,9,0.877039086,1.989122961
1707,1,2011,10,4,1,9,0.790510983,1.892982377
1708,1,2011,10,4,1,9,0.88948447,1.989122961
1709,1,2011,10,4,1,9,1.12958735,2.181239844
1710,1,2011,10,4,1,9,0.845331283,1.985070942
1711,1,2011,10,4,1,9,1.227685619,2.250305737
1712,1,2011,10,4,1,9,1.240086688,2.24877059
1713,1,2011,10,4,1,9,0.91274107,1.986215674
1714,1,2011,10,4,1,9,0.475602313,1.67504554
1715,1,2011,10,4,1,9,3.013254732,3.973795994
1716,1,2011,10,4,1,9,2.451865394,3.341162184
1717,1,2011,10,4,1,9,1.26484551,2.295367757
1718,1,2011,10,4,1,9,1.350843535,2.308819044
1720,1,2011,10,4,1,9,0.585012129,1.821975064
1721,1,2011,10,4,1,9,1.329819337,2.308819044
1722,1,2011,10,4,1,9,0.418335041,1.67504554
1723,1,2011,10,4,1,9,1.116688209,2.133163066
1724,1,2011,10,4,1,9,1.812120107,2.611675791
1725,1,2011,10,4,1,9,0.488766211,1.67504554
1726,1,2011,10,4,1,9,2.68630141,3.499751749
1727,1,2011,10,4,1,9,0.757200425,1.886536059
1728,1,2011,10,4,1,9,2.277442185,3.237799381
1729,1,2011,10,4,1,9,0.166674294,1.730501687
1730,1,2011,10,4,1,9,1.305417056,2.305654424
1731,1,2011,10,4,1,9,1.984781547,2.842990219
1732,1,2011,10,4,1,9,0.620383958,1.81736494
1733,1,2014,4,29,1,8,0.704847995,1.928431751
1734,1,2014,4,29,1,8,0.88921029,2.132560593
1735,1,2012,10,23,1,14,1.46933917,2.448968831
1736,1,2012,10,23,1,14,1.653841667,2.594077818
1737,1,2012,10,23,1,14,0.681426901,1.84064915
1738,1,2012,8,31,4,8,0.863756299,2.031829918
1739,1,2012,10,18,3,21,1.444208155,2.444244906
1740,1,2012,10,18,3,21,2.561223088,3.461557304
1741,1,2012,10,18,3,21,0.955196442,2.04501169
1743,1,2012,10,18,3,21,1.161819549,2.254517493
1744,1,2012,10,18,3,21,1.256621567,2.302181224
1745,1,2012,10,18,3,21,1.028794814,2.128586828
1746,1,2012,10,18,3,21,2.39072208,3.461557304
1747,1,2014,2,26,2,4,1.532117533,2.633712402
1748,1,2010,2,20,5,0,1.132689804,2.098299844
1749,1,2010,2,20,5,0,2.246950433,3.064645684
1750,1,2010,2,20,5,0,1.33844156,2.270899478
1751,1,2010,2,20,5,0,1.667022896,2.55764396
1752,1,2009,8,21,4,8,1.186521066,2.190142001
1753,1,2009,8,21,4,8,1.052026299,2.102297243
1754,1,2009,8,21,4,8,0.970994999,2.010414482
1755,1,2014,12,24,2,3,0.992398206,2.115533267
1756,1,2014,12,24,2,3,2.347918172,3.3841503
1757,1,2014,12,24,2,3,1.723462032,2.75388949
1758,1,2014,12,24,2,3,1.185207854,2.29582636
1759,1,2014,12,24,2,3,0.84560233,1.964665591
1760,1,2014,12,24,2,3,0.8492729,2.087184732
1761,1,2014,12,24,2,3,1.296906516,2.411675765
1762,1,2014,12,24,2,3,2.143866362,3.187738816
1763,1,2014,12,24,2,3,0.715376092,1.949029754
1764,1,2014,12,24,2,3,1.103639655,2.191580597
1765,1,2014,12,24,2,3,1.660014889,2.738442589
1766,1,2014,12,24,2,3,1.203027274,2.277347814
1767,1,2014,12,24,2,3,1.074253294,2.191580597
1768,1,2014,12,24,2,3,1.78798944,2.797299239
1769,1,2014,12,24,2,3,2.478016887,3.397590582
1770,1,2014,12,24,2,3,1.44988781,2.446704815
1771,1,2014,12,24,2,3,1.186405721,2.257354605
1772,1,2014,12,24,2,3,0.807465937,1.956513443
1773,1,2014,12,24,2,3,1.432699588,2.446704815
1774,1,2014,12,24,2,3,1.627472841,2.698363368
1775,1,2014,12,24,2,3,0.833608949,1.956513443
1776,1,2012,8,19,6,12,1.891931953,2.769749527
1777,1,2012,8,19,6,12,0.379768444,1.727392235
1778,1,2012,8,19,6,12,1.293667641,2.343516617
1779,1,2013,12,2,0,17,1.291380496,2.475255957
1780,1,2013,12,2,0,17,1.473345044,2.607207104
1781,1,2013,12,2,0,17,1.327534382,2.500113505
1782,1,2011,11,7,0,18,1.412860681,2.420904764
1783,1,2011,11,7,0,18,1.578335747,2.472521353
1784,1,2009,5,16,5,23,1.252271064,2.188144406
1785,1,2009,5,16,5,23,0.690781284,1.816969227
1786,1,2011,1,10,0,10,1.101305878,2.122792828
1787,1,2011,1,10,0,10,2.488374079,3.304528192
1788,1,2011,1,10,0,10,0.676073251,1.819683723
1789,1,2010,10,7,3,10,1.244470217,2.24877059
1790,1,2010,10,7,3,10,1.767629608,2.59103022
1791,1,2010,10,7,3,10,0.70895506,1.876677778
1792,1,2010,10,7,3,10,1.032289443,2.068205728
1793,1,2011,2,21,0,20,1.301101811,2.2708877
1794,1,2011,2,21,0,20,1.00698155,2.02907249
1795,1,2011,2,21,0,20,1.455463275,2.399261738
1796,1,2011,2,21,0,20,1.304001134,2.275029393
1797,1,2011,2,21,0,20,2.860871768,3.626789513
1798,1,2009,10,4,6,22,1.390406006,2.299564774
1799,1,2015,4,11,5,20,0.795529131,2.01945838
1800,1,2015,4,11,5,20,0.794355291,2.01945838
1801,1,2015,4,11,5,20,2.560650899,3.502692493
1802,1,2015,4,11,5,20,1.605987624,2.699624057
1803,1,2015,4,11,5,20,2.154251279,3.11198028
1804,1,2015,4,11,5,20,1.519451146,2.595032866
1805,1,2015,4,11,5,20,0.725637883,1.997916255
1806,1,2015,4,11,5,20,0.981483466,2.207964333
1807,1,2012,4,2,0,2,1.757113375,2.591039356
1808,1,2014,4,21,0,16,0.60303654,1.853765469
1810,1,2014,4,21,0,16,0.564534704,1.822355764
1811,1,2012,3,22,3,21,0.517830665,1.773550848
1812,1,2012,3,22,3,21,1.375820175,2.334618281
1813,1,2012,3,22,3,21,1.469890526,2.436081135
1814,1,2012,3,22,3,21,1.503201737,2.43679576
1815,1,2012,3,22,3,21,0.530873614,1.781428605
1816,1,2012,3,22,3,21,0.760544099,1.850997247
1817,1,2012,3,22,3,21,1.367857539,2.334618281
1818,1,2012,3,22,3,21,2.255583244,3.231760472
1819,1,2011,4,8,4,0,0.65417865,1.795965747
1820,1,2011,2,20,6,12,1.410844136,2.398002581
1821,1,2011,2,20,6,12,0.394951084,1.667280825
1822,1,2011,2,6,6,17,2.087439903,2.845471311
1823,1,2011,2,6,6,17,1.081534749,2.121123799
1824,1,2011,2,6,6,17,1.257487325,2.215301866
1825,1,2013,1,1,1,22,1.059249077,2.255769577
1826,1,2013,4,23,1,17,1.847523915,2.906486649
1827,1,2013,4,23,1,17,0.712801727,2.000628476
1828,1,2013,7,2,1,21,0.477767838,1.780655401
1829,1,2013,7,2,1,21,1.812825701,2.909366777
1830,1,2013,7,2,1,21,1.937129592,3.003989535
1831,1,2010,1,1,4,13,2.109305528,2.901345745
1832,1,2010,1,1,4,13,1.259606764,2.219206976
1833,1,2010,1,1,4,13,1.453818688,2.390451412
1834,1,2010,1,1,4,13,2.998946931,3.357419055
1835,1,2013,4,26,4,20,1.150064347,2.293938288
1836,1,2010,3,6,5,23,1.513467034,2.389856057
1837,1,2010,3,6,5,23,1.287103824,2.229872274
1838,1,2014,4,17,3,16,1.117327922,2.333039604
1839,1,2014,4,17,3,16,1.381728683,2.516013476
1840,1,2014,1,6,0,16,2.132633733,3.10149666
1841,1,2015,2,12,3,5,0.581816224,1.829998534
1842,1,2011,12,22,3,1,2.058239959,2.89453491
1843,1,2011,12,22,3,1,1.145151055,2.13962399
1844,1,2011,8,20,5,17,0.616977668,1.820856246
1845,1,2011,6,30,3,13,0.755410529,1.866843348
1846,1,2011,6,30,3,13,1.301187709,2.267673671
1847,1,2011,6,30,3,13,0.942356409,1.985551749
1848,1,2011,6,30,3,13,0.896296097,1.981420309
1849,1,2011,6,30,3,13,1.185836552,2.201676187
1850,1,2014,4,27,6,2,0.409313645,1.743609424
1851,1,2014,4,27,6,2,0.913709448,2.08031483
1852,1,2014,4,27,6,2,2.437625413,3.354465582
1853,1,2014,4,27,6,2,2.016941982,2.932111089
1854,1,2014,4,27,6,2,1.476377193,2.523340828
1855,1,2014,4,27,6,2,0.111614921,1.957586268
1856,1,2014,4,27,6,2,1.659223391,2.673078536
1857,1,2014,4,27,6,2,2.052472566,2.946872094
1858,1,2014,4,27,6,2,1.577586782,2.632362445
1859,1,2014,4,27,6,2,1.543297565,2.590566036
1860,1,2014,4,27,6,2,1.510671906,2.578388582
1861,1,2014,4,27,6,2,0.738131014,1.946317533
1862,1,2014,4,27,6,2,2.962116221,3.99243626
1863,1,2014,4,27,6,2,1.954068836,2.908630883
1864,1,2014,4,27,6,2,1.148323442,2.227908579
1865,1,2014,4,27,6,2,2.076786137,2.942645995
1866,1,2014,4,27,6,2,0.37928356,1.73693963
1867,1,2014,4,27,6,2,2.249515372,3.280468621
1868,1,2014,4,27,6,2,1.320915071,2.358846815
1869,1,2014,4,27,6,2,0.639639683,1.86028767
1870,1,2014,4,27,6,2,1.487661778,2.523340828
1871,1,2014,4,27,6,2,2.067006254,2.992307096
1872,1,2014,4,27,6,2,1.666948321,2.673078536
1873,1,2014,4,27,6,2,1.011800608,2.105432873
1874,1,2014,4,27,6,2,1.79188369,2.787106578
1875,1,2014,4,27,6,2,1.021829981,2.154485369
1876,1,2014,4,27,6,2,1.642538546,2.66018149
1877,1,2014,4,27,6,2,1.88656013,2.831289023
1878,1,2014,4,27,6,2,1.920682834,2.831358982
1879,1,2014,4,27,6,2,1.913986686,2.872725293
1880,1,2014,4,27,6,2,2.278434808,3.29407446
1881,1,2014,4,27,6,2,0.530854701,1.801755568
1882,1,2014,4,27,6,2,1.145152037,2.191574988
1883,1,2014,4,27,6,2,1.178277574,2.218355361
1884,1,2014,4,27,6,2,1.950732283,2.908630883
1885,1,2014,4,27,6,2,2.183419023,3.194929152
1886,1,2014,4,27,6,2,0.725475097,1.946317533
1887,1,2014,4,27,6,2,0.782240468,1.94949404
1888,1,2014,4,27,6,2,1.923758631,2.884327307
1889,1,2014,4,27,6,2,2.032173858,2.932111089
1890,1,2014,4,27,6,2,1.11443665,2.175014913
1891,1,2014,4,27,6,2,1.649178568,2.66018149
1892,1,2014,4,27,6,2,0.695239286,1.916344955
1893,1,2014,4,27,6,2,1.351181424,2.358846815
1894,1,2014,4,27,6,2,1.583872515,2.632362445
1895,1,2014,4,27,6,2,1.728847923,2.742890181
1896,1,2014,4,27,6,2,1.276614854,2.302514943
1897,1,2014,4,27,6,2,1.675993827,2.673078536
1898,1,2014,4,27,6,2,2.095826877,3.004014331
1899,1,2014,4,27,6,2,1.176134156,2.218355361
1900,1,2014,4,27,6,2,1.334351234,2.358846815
1901,1,2014,4,27,6,2,1.417365642,2.399710555
1902,1,2014,4,27,6,2,1.563593553,2.6381896
1903,1,2014,4,27,6,2,2.864724622,3.69844648
1904,1,2014,4,27,6,2,1.605642405,2.655171236
1905,1,2014,4,27,6,2,1.522640894,2.578388582
1906,1,2014,4,27,6,2,2.131595871,3.113193893
1907,1,2014,4,27,6,2,0.352565059,1.73693963
1908,1,2014,4,27,6,2,0.134927495,2.001188038
1909,1,2014,4,27,6,2,1.882344611,2.831289023
1910,1,2014,4,27,6,2,1.558067405,2.6381896
1911,1,2014,4,27,6,2,1.218678315,2.268552917
1912,1,2014,4,27,6,2,2.085450615,3.004014331
1913,1,2014,4,27,6,2,1.244619995,2.277533899
1914,1,2014,4,27,6,2,1.101932128,2.175613205
1915,1,2014,4,27,6,2,2.051659733,2.946872094
1916,1,2014,4,27,6,2,1.348580666,2.358846815
1917,1,2014,4,27,6,2,0.549347448,1.801755568
1918,1,2014,4,27,6,2,0.65363411,1.86028767
1919,1,2014,4,27,6,2,0.713892371,1.949029754
1920,1,2014,4,27,6,2,1.076848023,2.175613205
1921,1,2014,4,27,6,2,1.208059869,2.268552917
1922,1,2014,4,27,6,2,1.18040581,2.218355361
1923,1,2014,4,27,6,2,0.834141144,1.95006617
1924,1,2014,4,27,6,2,1.297936192,2.331279192
1925,1,2014,4,27,6,2,1.849883536,2.789445282
1926,1,2014,4,27,6,2,0.962724906,2.097097198
1927,1,2014,4,27,6,2,1.621570865,2.66018149
1928,1,2014,4,27,6,2,0.034554044,1.808620387
1929,1,2014,4,27,6,2,1.540365772,2.598312498
1930,1,2014,4,27,6,2,0.932258174,2.092437126
1931,1,2014,4,27,6,2,2.039206952,2.932111089
1932,1,2014,4,27,6,2,1.09018981,2.175613205
1933,1,2014,4,27,6,2,1.172629168,2.212456999
1934,1,2014,4,27,6,2,1.971663171,2.908630883
1935,1,2014,4,27,6,2,0.939186046,2.092437126
1936,1,2014,4,27,6,2,1.294264248,2.331279192
1937,1,2014,4,27,6,2,1.645060646,2.66018149
1938,1,2014,4,27,6,2,2.040718524,2.932111089
1939,1,2014,4,27,6,2,1.038494154,2.138247355
1940,1,2014,4,27,6,2,1.579037771,2.632362445
1941,1,2014,4,27,6,2,2.437147869,3.354465582
1942,1,2014,4,27,6,2,1.170286135,2.212456999
1943,1,2014,4,27,6,2,1.691454756,2.673078536
1944,1,2014,4,27,6,2,1.094724763,2.175613205
1945,1,2014,4,27,6,2,0.938005554,2.092437126
1946,1,2014,4,27,6,2,1.618371811,2.664460363
1947,1,2014,4,27,6,2,0.800096955,1.94949404
1948,1,2014,4,27,6,2,0.729646685,1.946317533
1949,1,2014,4,27,6,2,2.325758515,3.29407446
1950,1,2014,4,27,6,2,1.224819906,2.268552917
1951,1,2014,4,27,6,2,0.905451674,2.09210414
1952,1,2014,4,27,6,2,0.729111574,1.946317533
1953,1,2014,4,27,6,2,2.277041449,3.29407446
1954,1,2014,4,27,6,2,0.406330428,1.73693963
1955,1,2014,4,27,6,2,0.823286119,1.95006617
1956,1,2014,4,27,6,2,1.104956667,2.175613205
1957,1,2014,4,27,6,2,1.815615051,2.787106578
1958,1,2014,4,27,6,2,1.389250009,2.380543182
1959,1,2014,4,27,6,2,2.460575937,3.354465582
1960,1,2014,4,27,6,2,1.146927684,2.191574988
1961,1,2014,4,27,6,2,0.917102927,2.08031483
1962,1,2014,4,27,6,2,1.223231325,2.268552917
1963,1,2014,4,27,6,2,1.756852543,2.748619897
1964,1,2014,4,27,6,2,1.115060968,2.175014913
1965,1,2014,4,27,6,2,1.60265769,2.684106035
1966,1,2014,4,27,6,2,2.172786629,3.194929152
1967,1,2014,4,27,6,2,2.250294765,3.280468621
1968,1,2014,4,27,6,2,1.944818138,2.908630883
1969,1,2014,4,27,6,2,1.746149639,2.742890181
1970,1,2014,4,27,6,2,1.924853616,2.884327307
1971,1,2014,4,27,6,2,1.851514617,2.789445282
1972,1,2011,1,18,1,10,0.657447772,1.813508482
1973,1,2011,1,18,1,10,1.225550044,2.211550059
1974,1,2012,4,20,4,7,1.318972757,2.339918068
1975,1,2012,4,20,4,7,0.736270527,1.850997247
1976,1,2012,4,20,4,7,0.911776608,1.977681789
1977,1,2012,4,20,4,7,0.515140096,1.773550848
1978,1,2011,12,13,1,22,1.789937429,2.602489074
1979,1,2011,12,13,1,22,0.459030378,1.682067423
1980,1,2011,12,13,1,22,1.234955734,2.213842445
1981,1,2011,12,13,1,22,1.164409735,2.192370354
1982,1,2011,12,13,1,22,0.461060817,1.682067423
1983,1,2011,12,13,1,22,0.502454914,1.689787583
1984,1,2011,12,13,1,22,0.739173618,1.894636761
1985,1,2011,12,13,1,22,1.073193381,2.133389021
1986,1,2011,12,13,1,22,1.352881667,2.285677633
1987,1,2011,12,13,1,22,0.684879756,1.819683723
1988,1,2011,12,13,1,22,1.798210855,2.60884511
1989,1,2011,12,13,1,22,1.278624229,2.256429347
1990,1,2011,12,13,1,22,0.436152486,1.682067423
1991,1,2011,12,13,1,22,1.718364789,2.575994886
1992,1,2011,12,13,1,22,0.905949968,1.982517719
1993,1,2011,12,13,1,22,0.725009512,1.894636761
1994,1,2011,12,13,1,22,0.761633724,1.894636761
1995,1,2011,12,13,1,22,1.086622805,2.133389021
1996,1,2011,12,13,1,22,0.448704672,1.682067423
1997,1,2011,12,13,1,22,1.806315947,2.615726286
1998,1,2011,12,13,1,22,1.48039176,2.387907947
1999,1,2011,12,13,1,22,2.833409576,3.694858381
2000,1,2011,12,13,1,22,0.857531413,1.98148539
2001,1,2011,12,13,1,22,1.48016722,2.387907947
2002,1,2011,12,13,1,22,1.201094576,2.209267095
2003,1,2011,12,13,1,22,1.57004389,2.431045235
2004,1,2011,12,13,1,22,1.76163421,2.600574528
2005,1,2011,12,13,1,22,0.803999381,1.906698652
2006,1,2011,12,13,1,22,1.322031531,2.312685064
2007,1,2011,12,13,1,22,2.056647307,2.898667272
2008,1,2011,12,13,1,22,0.974033562,2.014301736
2009,1,2011,12,13,1,22,2.443354852,3.252812968
2010,1,2011,12,13,1,22,1.004944375,2.052424916
2011,1,2011,12,13,1,22,1.181118616,2.192370354
2012,1,2011,12,13,1,22,0.729387653,1.894636761
2013,1,2011,12,13,1,22,1.76924188,2.600574528
2014,1,2011,12,13,1,22,1.100788303,2.128922649
2015,1,2011,12,13,1,22,1.886428882,2.74220701
2016,1,2011,12,13,1,22,0.729710279,1.894636761
2017,1,2011,12,13,1,22,0.851160926,1.977414035
2018,1,2011,12,13,1,22,1.977226112,2.823005829
2019,1,2011,12,13,1,22,1.315763012,2.279305076
2020,1,2011,12,13,1,22,0.98613408,2.040692896
2021,1,2011,12,13,1,22,1.568201708,2.431045235
2022,1,2011,12,13,1,22,1.788233601,2.602489074
2023,1,2011,12,13,1,22,1.42296029,2.383225521
2024,1,2011,12,13,1,22,0.332151095,1.67539763
2025,1,2011,12,13,1,22,2.485889649,3.252812968
2026,1,2011,12,13,1,22,1.092612904,2.133389021
2027,1,2011,12,13,1,22,2.099667735,2.990194056
2028,1,2011,12,13,1,22,0.83062258,1.969098896
2029,1,2011,12,13,1,22,1.110716104,2.128922649
2030,1,2011,12,13,1,22,2.678083217,3.172312461
2031,1,2011,12,13,1,22,1.430424836,2.383225521
2032,1,2011,12,13,1,22,0.963113831,2.007318286
2033,1,2011,12,13,1,22,1.440337534,2.383225521
2034,1,2011,12,13,1,22,0.509694005,1.71143809
2035,1,2011,12,13,1,22,0.527763362,1.736286946
2036,1,2011,12,13,1,22,0.849093434,1.977414035
2037,1,2011,12,13,1,22,0.880272577,1.981466055
2038,1,2011,12,13,1,22,0.896172239,1.982517719
2039,1,2011,12,13,1,22,1.538615367,2.44027452
2040,1,2011,12,13,1,22,2.01231447,2.862730551
2041,1,2011,12,13,1,22,0.534336704,1.736286946
2042,1,2011,12,13,1,22,0.854080473,1.977414035
2043,1,2011,12,13,1,22,0.712907121,1.876362615
2044,1,2011,12,13,1,22,0.602363336,1.804604033
2045,1,2011,12,13,1,22,1.372887088,2.292593432
2046,1,2011,12,13,1,22,1.543171618,2.494402761
2047,1,2011,12,13,1,22,0.865764963,1.981466055
2048,1,2011,12,13,1,22,1.751968177,2.600574528
2049,1,2011,12,13,1,22,0.824786822,1.969098896
2050,1,2011,12,13,1,22,1.181985346,2.192370354
2051,1,2011,12,13,1,22,1.440959618,2.383225521
2052,1,2011,12,13,1,22,2.125860288,3.016466512
2053,1,2011,12,13,1,22,2.412726699,3.235911563
2054,1,2011,12,13,1,22,0.547724555,1.736286946
2055,1,2011,12,13,1,22,2.055343055,2.898667272
2056,1,2011,12,13,1,22,0.53830826,1.736286946
2057,1,2011,12,13,1,22,2.96962333,3.970952374
2058,1,2011,12,13,1,22,1.661430574,2.577757877
2059,1,2011,12,13,1,22,1.760840326,2.600574528
2060,1,2011,12,13,1,22,1.398841263,2.36226298
2061,1,2011,12,13,1,22,1.549684316,2.439873733
2062,1,2011,12,13,1,22,1.123811012,2.171934012
2063,1,2011,12,13,1,22,2.129009617,3.016466512
2064,1,2011,12,13,1,22,3.076305625,3.978084404
2065,1,2011,12,13,1,22,2.657719611,3.305838372
2066,1,2011,12,13,1,22,0.533815996,1.736286946
2067,1,2011,12,13,1,22,1.161355327,2.192370354
2068,1,2011,12,13,1,22,0.630738641,1.813508482
2069,1,2011,12,13,1,22,1.351813113,2.285677633
2070,1,2011,12,13,1,22,0.535667583,1.736286946
2072,1,2011,12,13,1,22,1.108819696,2.128922649
2073,1,2011,12,13,1,22,1.608911686,2.47969169
2074,1,2011,12,13,1,22,1.101431607,2.128922649
2075,1,2011,12,13,1,22,0.745249505,1.894636761
2076,1,2011,12,13,1,22,1.266659806,2.269019356
2077,1,2011,12,13,1,22,1.954564551,2.823005829
2078,1,2011,12,13,1,22,0.969942275,2.014301736
2079,1,2011,12,13,1,22,1.530239465,2.44027452
2080,1,2011,12,13,1,22,2.445727437,3.252812968
2081,1,2011,12,13,1,22,0.717907077,1.883512536
2082,1,2011,12,13,1,22,1.201534622,2.214968711
2083,1,2011,12,13,1,22,0.391798415,1.67539763
2084,1,2011,12,13,1,22,1.359732702,2.285677633
2085,1,2011,12,13,1,22,1.82145697,2.616064558
2086,1,2011,12,13,1,22,0.761050631,1.894636761
2087,1,2011,12,13,1,22,0.688605798,1.819683723
2088,1,2011,12,13,1,22,0.323358588,1.67539763
2089,1,2011,12,13,1,22,2.425692634,3.252812968
2090,1,2011,12,13,1,22,0.876567343,1.981466055
2091,1,2011,12,13,1,22,1.801154638,2.60884511
2092,1,2011,12,13,1,22,2.444461599,3.252812968
2093,1,2011,12,13,1,22,2.01405792,2.862730551
2094,1,2011,12,13,1,22,1.092819808,2.133389021
2095,1,2011,12,13,1,22,0.762600696,1.894636761
2096,1,2011,12,13,1,22,0.471998607,1.682067423
2097,1,2011,12,13,1,22,0.793005593,1.901083079
2098,1,2011,12,13,1,22,1.305556921,2.27442314
2099,1,2011,12,13,1,22,1.823534575,2.616064558
2100,1,2011,12,13,1,22,1.875036271,2.704335622
2101,1,2011,12,13,1,22,0.921230356,1.986649159
2102,1,2011,12,13,1,22,0.688668443,1.819683723
2103,1,2011,12,13,1,22,1.013603492,2.058666977
2104,1,2011,12,13,1,22,1.708645642,2.575994886
2105,1,2011,12,13,1,22,2.336658592,3.171215552
2106,1,2011,12,13,1,22,0.861458909,1.981466055
2107,1,2011,12,13,1,22,1.536308106,2.44027452
2108,1,2011,12,13,1,22,1.136971539,2.189192029
2109,1,2011,12,13,1,22,0.941624039,1.986649159
2110,1,2011,12,13,1,22,2.412948352,3.235911563
2111,1,2011,12,13,1,22,0.928890705,1.986649159
2112,1,2011,12,13,1,22,1.346583195,2.285677633
2113,1,2011,12,13,1,22,0.829988931,1.969098896
2114,1,2011,12,13,1,22,1.577076272,2.440754509
2115,1,2011,12,13,1,22,2.203334769,3.069595452
2116,1,2011,12,13,1,22,2.225831289,3.138063565
2118,1,2011,12,13,1,22,0.577100813,1.770261353
2119,1,2011,12,13,1,22,2.196957745,3.051630385
2120,1,2011,12,13,1,22,0.859136824,1.98148539
2121,1,2011,12,13,1,22,0.922642894,1.986649159
2122,1,2011,12,13,1,22,1.276686398,2.256429347
2123,1,2011,12,13,1,22,1.051695897,2.103400656
2124,1,2011,12,13,1,22,2.087854572,2.981677069
2125,1,2011,12,13,1,22,0.976994555,2.022541851
2126,1,2011,12,13,1,22,0.686435526,1.819683723
2127,1,2011,12,13,1,22,1.696450397,2.575994886
2128,1,2011,12,13,1,22,0.381945683,1.67539763
2129,1,2011,12,13,1,22,1.676726423,2.570520903
2130,1,2011,12,13,1,22,1.617804509,2.487495771
2132,1,2011,12,13,1,22,1.13697677,2.189192029
2133,1,2011,12,13,1,22,1.148085734,2.189192029
2134,1,2011,12,13,1,22,0.579589556,1.770261353
2135,1,2011,12,13,1,22,0.472012678,1.682067423
2136,1,2011,12,13,1,22,1.278867482,2.256429347
2137,1,2011,12,13,1,22,1.726663253,2.595837842
2138,1,2011,12,13,1,22,1.074594722,2.133389021
2140,1,2012,3,12,0,9,1.003363648,2.047717867
2141,1,2012,3,12,0,9,0.923448379,2.015034241
2142,1,2014,5,13,1,7,0.576254709,1.818564888
2143,1,2014,5,13,1,7,0.927561987,2.078551803
2144,1,2014,5,13,1,7,1.11899076,2.279882925
2145,1,2014,5,13,1,7,0.55931252,1.813860294
2146,1,2014,5,13,1,7,1.695597685,2.656713134
2147,1,2011,6,30,3,9,1.414749385,2.4063351
2148,1,2011,6,30,3,9,0.187236696,1.709545918
2149,1,2012,9,18,1,17,0.878950284,2.035464127
2150,1,2012,9,18,1,17,0.952732015,2.042306642
2151,1,2011,6,7,1,12,2.327035632,3.253212913
2152,1,2011,6,7,1,12,1.499696638,2.398511559
2153,1,2011,6,7,1,12,2.338536846,3.253212913
2154,1,2011,6,7,1,12,0.603421251,1.808460492
2155,1,2011,6,7,1,12,0.824739591,1.970839495
2156,1,2010,5,21,4,23,2.072573094,2.76164147
2157,1,2010,5,21,4,23,1.947720819,2.777150395
2158,1,2009,1,28,2,16,1.053133301,2.102464357
2159,1,2009,1,28,2,16,3.118004223,3.904115838
2160,1,2009,1,28,2,16,1.045563633,2.051307393
2161,1,2009,1,28,2,16,1.365640347,2.290550383
2162,1,2009,1,28,2,16,0.714178973,1.841428879
2163,1,2012,3,12,0,2,1.984982883,2.846646019
2164,1,2010,7,21,2,22,1.332546587,2.261742576
2165,1,2010,7,21,2,22,0.972182807,2.006716527
2166,1,2010,7,21,2,22,2.202332706,3.023171739
2167,1,2010,7,21,2,22,1.679964096,2.573599444
2168,1,2009,4,12,6,16,1.691924403,2.575811005
2169,1,2013,5,24,4,13,0.715772333,2.000628476
2170,1,2011,7,29,4,20,1.773667236,2.59539547
2171,1,2011,7,29,4,20,2.119165036,2.959835757
2172,1,2011,7,29,4,20,0.821945729,1.962961076
2173,1,2014,3,5,2,21,1.66746999,2.717232825
2174,1,2014,3,5,2,21,1.052808475,2.255769577
2175,1,2009,11,28,5,15,3.180181523,3.914346466
2177,1,2009,11,28,5,15,0.871744975,1.985425006
2178,1,2015,4,11,5,14,0.872054377,2.119994218
2179,1,2015,4,11,5,14,0.60388936,1.868946391
2180,1,2015,4,11,5,14,0.595740608,1.868946391
2181,1,2015,4,11,5,14,0.891640104,2.132560593
2182,1,2015,4,11,5,14,0.88708823,2.132560593
2183,1,2015,4,11,5,14,3.097592935,4.012788911
2184,1,2015,4,11,5,14,0.54594993,1.801755568
2185,1,2015,4,11,5,14,1.185481441,2.375595788
2186,1,2014,11,15,5,10,0.492059941,1.750631308
2187,1,2014,11,15,5,10,0.774381694,2.02472223
2188,1,2010,7,31,5,15,0.51622065,1.715705173
2189,1,2014,5,12,0,20,0.537801061,1.801755568
2190,1,2014,5,12,0,20,1.111293873,2.261706821
2192,1,2014,5,12,0,20,1.056978543,2.256435642
2193,1,2014,5,12,0,20,1.466235108,2.516108087
2194,1,2014,1,16,3,6,1.583573661,2.649953297
2195,1,2014,4,23,2,11,1.246553501,2.399399296
2196,1,2014,4,23,2,11,0.796286459,2.025905654
2197,1,2014,4,23,2,11,1.150696652,2.345940882
2198,1,2011,9,22,3,4,2.716913652,3.538231815
2199,1,2011,10,28,4,7,0.862226315,1.933948472
2200,1,2011,10,28,4,7,1.542099206,2.491183694
2201,1,2011,10,28,4,7,0.936881218,1.952356541
2202,1,2015,5,10,6,19,1.022444412,2.260035477
2203,1,2015,5,10,6,19,0.742618263,1.997916255
2204,1,2015,5,10,6,19,1.074848379,2.299830439
2205,1,2015,5,10,6,19,1.359413857,2.452747839
2206,1,2011,3,28,0,23,1.632581614,2.47731762
2207,1,2014,8,26,1,1,2.375121246,3.380860537
2208,1,2015,2,26,3,15,1.362115916,2.516013476
2209,1,2015,2,26,3,15,1.039085763,2.303437959
2210,1,2015,2,26,3,15,0.584422079,1.886700897
2211,1,2013,11,22,4,15,0.348630512,1.750977365
2212,1,2010,2,13,5,11,0.704184413,1.826171037
2213,1,2010,2,13,5,11,0.564736649,1.745077386
2214,1,2010,2,13,5,11,0.731399215,1.836627181
2215,1,2010,2,13,5,11,0.769432768,1.836627181
2216,1,2011,6,26,6,18,1.460276908,2.407329838
2217,1,2011,6,26,6,18,2.053241041,2.806671768
2218,1,2011,6,26,6,18,0.66675388,1.823946324
2219,1,2011,6,26,6,18,1.149383914,2.198497861
2220,1,2010,10,14,3,23,0.820025095,1.969098896
2221,1,2010,10,14,3,23,3.07278444,3.907757791
2222,1,2010,10,14,3,23,1.752196613,2.597075983
2223,1,2010,10,14,3,23,0.782904404,1.882781501
2224,1,2011,1,22,5,7,1.281450739,2.267224748
2225,1,2011,10,17,0,18,1.877334441,2.702456447
2226,1,2011,10,17,0,18,1.040793368,2.047144011
2227,1,2011,10,17,0,18,1.361401448,2.315734842
2228,1,2009,3,24,1,16,1.390115366,2.31250976
2229,1,2009,3,24,1,16,1.078636813,2.12234207
2230,1,2009,3,24,1,16,1.495463685,2.448183865
2231,1,2009,3,24,1,16,0.894634285,1.973093309
2232,1,2014,7,21,0,18,0.859230673,2.113697642
2233,1,2014,7,21,0,18,1.181993262,2.34148269
2234,1,2014,7,21,0,18,0.823989715,2.031840711
2235,1,2014,7,21,0,18,2.78900505,3.683675132
2236,1,2014,7,21,0,18,0.864194123,2.113697642
2237,1,2014,7,21,0,18,1.798510979,2.914511901
2238,1,2014,7,21,0,18,0.71679761,1.997372493
2239,1,2014,7,21,0,18,1.618438486,2.72577013
2240,1,2014,7,21,0,18,1.359358566,2.49973567
2241,1,2014,7,21,0,18,0.623221028,1.861299381
2242,1,2014,7,21,0,18,1.683129479,2.723283892
2243,1,2014,7,21,0,18,0.898808854,2.144324489
2244,1,2014,7,21,0,18,0.774689522,2.031169503
2245,1,2014,7,21,0,18,1.821102472,2.914511901
2246,1,2014,7,21,0,18,3.06151891,3.978832727
2248,1,2014,7,21,0,18,1.157832221,2.34148269
2249,1,2014,7,21,0,18,0.991738096,2.225338899
2250,1,2014,7,21,0,18,1.37665804,2.502327096
2251,1,2014,7,21,0,18,1.649078095,2.727074021
2252,1,2014,7,21,0,18,2.26972597,3.338634013
2253,1,2014,7,21,0,18,2.16155991,3.216303707
2254,1,2014,7,21,0,18,1.372147767,2.502327096
2255,1,2014,7,21,0,18,0.825576054,2.031840711
2256,1,2014,7,21,0,18,0.951003729,2.158101707
2257,1,2014,7,21,0,18,1.150518906,2.34148269
2259,1,2014,7,21,0,18,1.569126504,2.695766447
2260,1,2014,7,21,0,18,2.298711724,3.353646806
2261,1,2014,7,21,0,18,0.719607724,1.997372493
2262,1,2014,7,21,0,18,0.610556159,1.861299381
2263,1,2014,7,21,0,18,0.860843849,2.113697642
2264,1,2014,7,21,0,18,1.46883041,2.591307638
2265,1,2014,7,21,0,18,0.120379507,1.893060518
2266,1,2014,7,21,0,18,0.831480533,2.031840711
2267,1,2014,7,21,0,18,0.841390425,2.031840711
2268,1,2014,7,21,0,18,0.894856958,2.131285203
2269,1,2014,7,21,0,18,1.157830656,2.34148269
2270,1,2014,7,21,0,18,0.40377327,1.749614967
2271,1,2014,7,21,0,18,0.996853878,2.225338899
2272,1,2014,7,21,0,18,2.15816076,3.197291601
2273,1,2014,7,21,0,18,1.429508853,2.55052934
2274,1,2014,7,21,0,18,1.224074965,2.358199382
2275,1,2014,7,21,0,18,1.732548267,2.85941447
2276,1,2014,7,21,0,18,1.979466246,2.992631332
2277,1,2014,7,21,0,18,0.529922988,1.801755568
2278,1,2014,7,21,0,18,1.562619184,2.695766447
2279,1,2014,7,21,0,18,1.132156414,2.333966598
2280,1,2014,7,21,0,18,1.25109858,2.363463898
2281,1,2014,7,21,0,18,0.809130228,2.031840711
2282,1,2014,7,21,0,18,0.886077996,2.126264018
2283,1,2014,7,21,0,18,0.647237675,1.861299381
2284,1,2014,7,21,0,18,2.389334092,3.507729298
2285,1,2014,7,21,0,18,1.962333232,2.992631332
2286,1,2014,7,21,0,18,1.420142205,2.55052934
2287,1,2014,7,21,0,18,1.247777748,2.363463898
2288,1,2014,7,21,0,18,1.202147832,2.359817127
2289,1,2014,7,21,0,18,0.352750911,1.749614967
2290,1,2014,7,21,0,18,1.85151505,2.91301382
2291,1,2014,7,21,0,18,1.236356692,2.358199382
2292,1,2014,7,21,0,18,1.210852396,2.358199382
2293,1,2014,7,21,0,18,0.912452763,2.144324489
2294,1,2014,7,21,0,18,1.360201043,2.54552404
2295,1,2014,7,21,0,18,0.871637507,2.113697642
2296,1,2014,7,21,0,18,1.014145398,2.249257245
2297,1,2014,7,21,0,18,2.684692045,3.603783972
2298,1,2014,7,21,0,18,0.870944947,2.113697642
2299,1,2014,7,21,0,18,2.366875081,3.448022032
2300,1,2014,7,21,0,18,0.956446778,2.158101707
2301,1,2014,7,21,0,18,1.405234689,2.529792762
2302,1,2014,7,21,0,18,1.113356345,2.317243552
2303,1,2014,7,21,0,18,1.02265349,2.277001138
2304,1,2014,7,21,0,18,1.424358804,2.55052934
2305,1,2014,7,21,0,18,0.814908048,2.031840711
2306,1,2014,7,21,0,18,0.925883313,2.153441635
2307,1,2014,7,21,0,18,0.777536335,2.031169503
2308,1,2014,7,21,0,18,0.744481032,2.01024554
2309,1,2014,7,21,0,18,0.918448564,2.153441635
2310,1,2014,7,21,0,18,2.117810889,3.074787899
2311,1,2014,7,21,0,18,0.916461973,2.153441635
2312,1,2014,7,21,0,18,0.746010376,2.01024554
2313,1,2014,7,21,0,18,1.842232945,2.907038229
2314,1,2014,7,21,0,18,2.001986964,3.000260067
2315,1,2014,7,21,0,18,1.358676356,2.49973567
2316,1,2014,7,21,0,18,1.044898592,2.304578609
2317,1,2014,7,21,0,18,0.407886744,1.756284761
2318,1,2014,7,21,0,18,0.770343922,2.022999372
2319,1,2014,7,21,0,18,1.228392196,2.358199382
2320,1,2014,7,21,0,18,0.612886888,1.861299381
2321,1,2014,7,21,0,18,0.981262708,2.211294768
2322,1,2014,7,21,0,18,0.770599774,2.022999372
2323,1,2014,7,21,0,18,0.751879527,2.01024554
2324,1,2014,7,21,0,18,1.344482594,2.484085654
2325,1,2014,7,21,0,18,2.468864966,3.507729298
2326,1,2014,7,21,0,18,2.971229077,3.988927371
2327,1,2014,7,21,0,18,1.516541576,2.627280276
2328,1,2014,7,21,0,18,0.785725016,2.031169503
2329,1,2014,7,21,0,18,1.047037984,2.304578609
2330,1,2014,7,21,0,18,0.884469714,2.126264018
2331,1,2014,7,21,0,18,1.373909053,2.502327096
2332,1,2014,7,21,0,18,1.326694365,2.484085654
2333,1,2014,7,21,0,18,0.892007989,2.131285203
2334,1,2014,7,21,0,18,1.471834002,2.603951386
2335,1,2014,7,21,0,18,0.87297215,2.113697642
2336,1,2014,7,21,0,18,0.877820712,2.113697642
2337,1,2014,7,21,0,18,0.440658941,1.756284761
2338,1,2014,7,21,0,18,0.324415068,1.749614967
2339,1,2014,7,21,0,18,1.589135455,2.689939292
2340,1,2014,7,21,0,18,2.252097431,3.325028175
2341,1,2014,7,21,0,18,0.857456929,2.113697642
2342,1,2014,7,21,0,18,1.204406159,2.359817127
2343,1,2014,7,21,0,18,1.251362279,2.363463898
2344,1,2014,7,21,0,18,0.472495127,1.756284761
2345,1,2014,7,21,0,18,0.540124124,1.801755568
2346,1,2014,7,21,0,18,0.854297501,2.113697642
2347,1,2014,7,21,0,18,0.956779986,2.158101707
2348,1,2014,7,21,0,18,0.693377271,1.874086386
2349,1,2014,7,21,0,18,1.170572297,2.34148269
2350,1,2014,7,21,0,18,1.210570828,2.358199382
2351,1,2014,7,21,0,18,2.380629545,3.507729298
2352,1,2014,7,21,0,18,0.95389087,2.158101707
2353,1,2014,7,21,0,18,1.203385485,2.359817127
2354,1,2014,7,21,0,18,0.321743633,1.749614967
2355,1,2014,7,21,0,18,0.740139846,2.01024554
2356,1,2014,7,21,0,18,1.682461436,2.723283892
2357,1,2014,7,21,0,18,1.032065153,2.276014411
2358,1,2014,7,21,0,18,1.894250546,2.93791995
2359,1,2014,7,21,0,18,0.70186743,1.90661525
2360,1,2014,7,21,0,18,0.704043392,1.915340196
2361,1,2014,7,21,0,18,1.303339017,2.471426855
2362,1,2014,7,21,0,18,1.247083767,2.363463898
2363,1,2014,7,21,0,18,0.718211549,1.997372493
2364,1,2014,7,21,0,18,0.048306842,1.882658243
2365,1,2014,7,21,0,18,0.671269625,1.861299381
2366,1,2014,7,21,0,18,1.465273011,2.591307638
2367,1,2014,7,21,0,18,0.982150904,2.211294768
2368,1,2014,7,21,0,18,0.990736802,2.225338899
2369,1,2014,7,21,0,18,0.493544863,1.756284761
2370,1,2012,12,7,4,16,1.898807029,2.813416547
2371,1,2011,6,13,0,9,1.2564093,2.240156958
2372,1,2011,6,13,0,9,0.855253519,1.980275577
2373,1,2011,6,13,0,9,1.280954361,2.271689097
2374,1,2014,12,27,5,22,1.561437759,2.875092708
2375,1,2014,11,24,0,9,0.501862535,1.758351467
2376,1,2014,11,24,0,9,1.941701467,2.992568537
2377,1,2015,2,17,1,12,0.948912705,2.170472855
2378,1,2015,2,17,1,12,1.006832322,2.267018235
2379,1,2015,2,17,1,12,1.674270735,2.717607499
2380,1,2015,2,17,1,12,0.527449421,1.801755568
2382,1,2010,2,21,6,21,0.537598429,1.723261153
2383,1,2010,9,20,0,16,1.668059115,2.580793288
2384,1,2010,9,20,0,16,0.869583076,1.985425006
2385,1,2010,9,20,0,16,0.857942423,1.985444341
2386,1,2010,9,20,0,16,1.506528213,2.457493601
2387,1,2010,9,20,0,16,1.030294516,2.080874953
2388,1,2010,9,20,0,16,1.324703354,2.295684221
2389,1,2010,9,20,0,16,1.432492793,2.449131756
2390,1,2010,9,20,0,16,2.629093937,3.387826708
2391,1,2010,9,20,0,16,2.030727903,2.784045252
2392,1,2010,9,20,0,16,0.927701801,1.986649159
2393,1,2010,9,20,0,16,0.784285278,1.88311892
2394,1,2010,9,20,0,16,3.107036194,3.88960759
2395,1,2010,9,20,0,16,2.373620336,3.373310858
2396,1,2010,9,20,0,16,0.792434556,1.88311892
2397,1,2010,9,20,0,16,0.949166081,1.986649159
2398,1,2010,9,20,0,16,0.458567024,1.680705026
2399,1,2010,9,20,0,16,0.820452921,1.973057847
2400,1,2010,9,20,0,16,1.741538619,2.607737137
2401,1,2010,9,20,0,16,1.505298558,2.457493601
2402,1,2010,9,20,0,16,2.526378709,3.387826708
2403,1,2010,9,20,0,16,2.038798387,2.7890521
2404,1,2010,9,20,0,16,2.572913114,3.387826708
2405,1,2010,9,20,0,16,1.594480933,2.498290849
2406,1,2010,9,20,0,16,1.444312062,2.449131756
2407,1,2010,9,20,0,16,2.721425882,3.576136446
2408,1,2010,9,20,0,16,0.780727166,1.88311892
2409,1,2010,9,20,0,16,2.831879575,3.69943174
2410,1,2010,9,20,0,16,1.637642052,2.535626827
2411,1,2010,9,20,0,16,1.149677701,2.198497861
2412,1,2010,9,20,0,16,0.789312153,1.88311892
2413,1,2010,9,20,0,16,1.832641105,2.672168775
2414,1,2010,9,20,0,16,1.618463773,2.524291364
2415,1,2010,9,20,0,16,0.612626152,1.811027973
2416,1,2010,9,20,0,16,1.239013074,2.250305737
2417,1,2010,9,20,0,16,0.706142671,1.943088507
2418,1,2010,9,20,0,16,3.074006303,3.88960759
2419,1,2010,9,20,0,16,2.233457717,3.18987827
2420,1,2010,9,20,0,16,2.903177694,3.723153116
2421,1,2010,9,20,0,16,1.137717251,2.198497861
2422,1,2010,9,20,0,16,1.226320299,2.250305737
2423,1,2010,9,20,0,16,2.423422159,3.387826708
2424,1,2010,9,20,0,16,1.033434672,2.080874953
2425,1,2010,9,20,0,16,1.373948139,2.302600019
2426,1,2010,9,20,0,16,1.45195357,2.449131756
2427,1,2010,9,20,0,16,0.616868961,1.811027973
2428,1,2010,9,20,0,16,1.221306089,2.250305737
2429,1,2010,9,20,0,16,1.384492486,2.31104849
2430,1,2010,9,20,0,16,2.489392501,3.387826708
2431,1,2010,9,20,0,16,1.209407308,2.412907709
2432,1,2010,9,20,0,16,0.311008474,1.674035232
2433,1,2010,9,20,0,16,1.609922435,2.528661018
2434,1,2010,9,20,0,16,1.431363819,2.449131756
2435,1,2010,9,20,0,16,2.14959263,3.044057379
2436,1,2010,9,20,0,16,1.183924155,2.201676187
2437,1,2010,9,20,0,16,2.391797768,3.373310858
2438,1,2010,9,20,0,16,0.745377106,1.876672602
2439,1,2010,9,20,0,16,2.085558758,2.950102666
2440,1,2010,9,20,0,16,1.933237734,2.726772116
2441,1,2010,9,20,0,16,1.781420331,2.600581307
2442,1,2010,9,20,0,16,2.70269107,3.501258029
2443,1,2010,9,20,0,16,1.303211514,2.298536441
2444,1,2010,9,20,0,16,0.859523428,1.985425006
2445,1,2010,9,20,0,16,0.856093164,1.981372987
2446,1,2010,9,20,0,16,2.301868575,3.2595538
2447,1,2010,9,20,0,16,2.545407775,3.387826708
2448,1,2010,9,20,0,16,0.90331979,1.982517719
2449,1,2010,9,20,0,16,1.641075834,2.535626827
2450,1,2010,9,20,0,16,0.500469775,1.688425185
2451,1,2010,9,20,0,16,0.806353156,1.926291457
2452,1,2010,9,20,0,16,1.371700565,2.302600019
2453,1,2010,9,20,0,16,1.820075579,2.616071337
2454,1,2010,9,20,0,16,0.734870532,1.876672602
2455,1,2010,9,20,0,16,2.270205552,3.23039998
2456,1,2010,9,20,0,16,1.850246421,2.642617115
2457,1,2010,9,20,0,16,2.068710381,2.802833132
2458,1,2010,9,20,0,16,1.157811197,2.201676187
2459,1,2010,9,20,0,16,2.252964117,3.221097378
2460,1,2010,9,20,0,16,1.438422286,2.449131756
2461,1,2010,9,20,0,16,1.911027171,2.709087543
2462,1,2010,9,20,0,16,0.662208364,1.811027973
2463,1,2010,9,20,0,16,1.700878095,2.586267271
2464,1,2010,9,20,0,16,1.010424923,2.044839707
2465,1,2010,9,20,0,16,2.371484939,3.373310858
2466,1,2010,9,20,0,16,0.460575895,1.680705026
2467,1,2010,9,20,0,16,1.769570874,2.600581307
2468,1,2010,9,20,0,16,0.602901526,1.802123525
2469,1,2010,9,20,0,16,1.715158636,2.586267271
2470,1,2010,9,20,0,16,1.474546769,2.453814182
2471,1,2010,9,20,0,16,1.96200877,2.735625217
2472,1,2010,9,20,0,16,1.076497988,2.146058246
2474,1,2010,9,20,0,16,1.740897884,2.607737137
2475,1,2010,9,20,0,16,1.634732173,2.535626827
2476,1,2010,9,20,0,16,1.878682999,2.69881166
2477,1,2010,9,20,0,16,1.051597613,2.116069881
2478,1,2010,9,20,0,16,2.223822294,3.18987827
2479,1,2010,9,20,0,16,2.271957287,3.23039998
2480,1,2010,9,20,0,16,1.800799459,2.608851889
2481,1,2010,9,20,0,16,0.954516846,1.989354206
2482,1,2010,9,20,0,16,1.540816124,2.474798897
2483,1,2010,9,20,0,16,1.638135424,2.535626827
2484,1,2012,4,1,6,22,0.114668538,2.264619935
2485,1,2012,3,5,0,9,0.908010856,2.025581351
2486,1,2012,3,5,0,9,0.802142526,1.853886677
2487,1,2012,3,5,0,9,3.272023239,3.973795994
2488,1,2012,3,5,0,9,1.38132213,2.365621527
2489,1,2012,3,5,0,9,0.816095337,1.993014393
2490,1,2012,8,20,0,14,0.888020103,2.031829918
2491,1,2012,8,20,0,14,2.817875624,3.763020264
2492,1,2011,12,1,3,1,0.81195492,1.908829674
2493,1,2013,6,21,4,11,0.852379892,2.129407742
2494,1,2013,6,21,4,11,0.860246033,2.119994218
2495,1,2013,6,21,4,11,0.657242012,1.861299381
2496,1,2013,6,21,4,11,1.713324525,2.826521942
2497,1,2013,4,10,2,11,1.820710801,2.898586232
2498,1,2013,4,10,2,11,1.26340427,2.434365062
2499,1,2014,3,29,5,14,0.213075461,1.819817527
2500,1,2014,3,29,5,14,0.783967356,2.01945838
2501,1,2010,4,5,0,6,0.989550445,2.005786251
2502,1,2014,12,1,0,0,2.389599442,3.395717654
2503,1,2012,8,1,2,18,1.217021751,2.286544845
2504,1,2012,8,1,2,18,0.668856367,1.837624654
2505,1,2012,8,1,2,18,1.049230146,2.141806273
2506,1,2013,7,13,5,18,0.952671658,2.170472855
2507,1,2013,7,13,5,18,0.634006504,1.857508505
2508,1,2013,7,13,5,18,1.11823737,2.304394478
2509,1,2013,7,13,5,18,0.923919945,2.165812783
2510,1,2014,3,6,3,4,1.204749638,2.288221587
2511,1,2014,10,7,1,19,1.245491633,2.356430949
2512,1,2014,10,7,1,19,1.163213229,2.346899852
2513,1,2014,10,7,1,19,0.002163855,2.661318693
2514,1,2014,10,7,1,19,0.41983593,1.756284761
2515,1,2013,8,21,2,9,1.280695544,2.470181936
2516,1,2013,8,21,2,9,1.450076577,2.576224913
2517,1,2013,8,21,2,9,1.175468276,2.33394086
2518,1,2015,1,26,0,7,1.125386137,2.268545065
2519,1,2015,1,26,0,7,1.094009948,2.234814716
2520,1,2015,1,26,0,7,0.991719232,2.127844487
2521,1,2015,1,26,0,7,1.446851307,2.548511684
2522,1,2009,3,16,0,9,0.8640761,1.976791264
2523,1,2009,3,16,0,9,0.669325164,1.813412339
2524,1,2009,3,16,0,9,1.479567154,2.436277207
2525,1,2009,3,16,0,9,0.982006123,2.020088858
2526,1,2009,3,16,0,9,0.428327829,1.668291132
2527,1,2011,3,6,6,21,0.846268594,1.971720234
2528,1,2011,3,6,6,21,0.548839007,1.729532538
2529,1,2011,3,6,6,21,0.228805379,1.969184658
2530,1,2011,3,6,6,21,0.801100813,1.853211583
2531,1,2011,3,6,6,21,0.664379368,1.820921828
2532,1,2011,3,6,6,21,1.774218175,2.570501094
2533,1,2011,3,6,6,21,1.463573534,2.356785784
2534,1,2011,3,6,6,21,1.077105791,2.121123799
2535,1,2011,3,6,6,21,1.468788233,2.356785784
2536,1,2011,3,6,6,21,0.416614897,1.673950618
2537,1,2011,3,6,6,21,0.923309098,1.974317461
2538,1,2011,3,6,6,21,1.333181594,2.278539223
2539,1,2011,3,6,6,21,0.937555872,1.974317461
2540,1,2011,3,6,6,21,0.785835815,1.853211583
2541,1,2011,3,6,6,21,2.266526931,3.160403427
2542,1,2011,3,6,6,21,1.890298402,2.736477144
2543,1,2011,3,6,6,21,1.563764627,2.437673332
2544,1,2011,3,6,6,21,1.332514789,2.278539223
2545,1,2011,3,6,6,21,1.220237423,2.195352774
2546,1,2011,3,6,6,21,1.408737194,2.363344179
2547,1,2011,3,6,6,21,1.894090758,2.736477144
2548,1,2011,3,6,6,21,0.612877523,1.820921828
2549,1,2011,3,6,6,21,0.921518862,1.974317461
2550,1,2011,3,6,6,21,1.411657806,2.350789993
2551,1,2011,3,6,6,21,1.020810088,2.067537041
2552,1,2011,3,6,6,21,0.99394864,2.029402708
2553,1,2011,3,6,6,21,1.030309845,2.051808974
2554,1,2011,3,6,6,21,0.689688616,1.827097069
2555,1,2011,3,6,6,21,0.756516007,1.840127369
2556,1,2011,3,6,6,21,2.318319978,3.163434806
2557,1,2011,3,6,6,21,1.986038438,2.794853869
2558,1,2011,3,6,6,21,1.566628053,2.437673332
2559,1,2011,3,6,6,21,2.614618249,3.294186039
2560,1,2011,3,6,6,21,1.193076879,2.17153414
2561,1,2011,3,6,6,21,1.90109938,2.750669622
2562,1,2011,3,6,6,21,2.127954732,2.867993655
2563,1,2011,3,6,6,21,0.646434566,1.820921828
2564,1,2011,3,6,6,21,1.756284443,2.570501094
2565,1,2011,3,6,6,21,0.266337617,1.667280825
2566,1,2011,3,6,6,21,1.215396987,2.195352774
2567,1,2011,3,6,6,21,1.054208287,2.0921709
2568,1,2011,3,6,6,21,0.613837427,1.820921828
2569,1,2011,3,6,6,21,2.969546942,3.949899814
2570,1,2011,3,6,6,21,0.914205667,1.970186021
2571,1,2011,3,6,6,21,3.096435774,3.962396095
2572,1,2011,3,6,6,21,1.877441063,2.71440626
2573,1,2011,3,6,6,21,1.097088977,2.121123799
2574,1,2011,3,6,6,21,1.377167248,2.286302587
2575,1,2011,3,6,6,21,1.682000037,2.55008958
2576,1,2011,3,6,6,21,1.431975613,2.356785784
2577,1,2011,3,6,6,21,1.196436897,2.17153414
2578,1,2011,3,6,6,21,1.543733056,2.430317948
2579,1,2011,3,6,6,21,1.149070873,2.168355815
2580,1,2011,3,6,6,21,0.547402511,1.729532538
2581,1,2011,3,6,6,21,0.549819327,1.729532538
2582,1,2011,3,6,6,21,0.397804323,1.667280825
2583,1,2011,3,6,6,21,1.460941416,2.356785784
2584,1,2011,3,6,6,21,0.65731716,1.820921828
2585,1,2011,3,6,6,21,1.599789382,2.448965523
2586,1,2011,3,6,6,21,1.318531067,2.305546654
2587,1,2011,3,6,6,21,1.54204146,2.419711365
2588,1,2011,3,6,6,21,0.366197595,1.667280825
2589,1,2011,3,6,6,21,0.4966295,1.673950618
2590,1,2011,3,6,6,21,1.567623992,2.437673332
2591,1,2011,3,6,6,21,1.324614805,2.278539223
2592,1,2011,3,6,6,21,0.898238401,1.970186021
2593,1,2011,3,6,6,21,1.005318125,2.035681767
2594,1,2011,3,6,6,21,0.380106172,1.667280825
2595,1,2011,3,6,6,21,0.957210461,1.987328955
2596,1,2011,3,6,6,21,1.655847529,2.525203411
2597,1,2011,3,6,6,21,0.176670127,1.715205404
2598,1,2011,3,6,6,21,1.00670071,2.035681767
2599,1,2011,3,6,6,21,0.629569244,1.820921828
2600,1,2011,3,6,6,21,2.407071215,3.222584011
2601,1,2011,3,6,6,21,2.16630368,2.926293001
2602,1,2011,3,6,6,21,0.747707292,1.840127369
2603,1,2011,3,6,6,21,1.270318332,2.236587102
2604,1,2011,3,6,6,21,0.725436001,1.840127369
2605,1,2011,3,6,6,21,1.963121758,2.777150395
2606,1,2011,3,6,6,21,0.995045072,2.029402708
2607,1,2011,3,6,6,21,1.653733042,2.552014592
2608,1,2011,3,6,6,21,0.215602688,1.715205404
2609,1,2011,3,6,6,21,0.829357084,1.965036301
2610,1,2011,3,6,6,21,1.845330137,2.62463554
2611,1,2011,3,6,6,21,0.572951672,1.75134877
2612,1,2011,3,6,6,21,0.710242752,1.953886688
2613,1,2011,3,6,6,21,1.736919185,2.577656924
2614,1,2011,3,6,6,21,1.293985898,2.255253727
2615,1,2011,3,6,6,21,0.438332403,1.673950618
2616,1,2011,3,6,6,21,1.011549331,2.035896885
2617,1,2011,3,6,6,21,1.595764511,2.447382606
2619,1,2011,3,6,6,21,1.958223513,2.777150395
2620,1,2011,3,6,6,21,1.460351745,2.356785784
2621,1,2011,3,6,6,21,0.351177004,1.667280825
2622,1,2011,3,6,6,21,0.906514708,1.970186021
2623,1,2009,9,4,4,20,0.695120976,1.830807243
2624,1,2009,9,4,4,20,0.749632623,1.88022949
2625,1,2009,9,4,4,20,0.699993066,1.828843041
2626,1,2009,9,4,4,20,0.504660114,1.696565022
2627,1,2013,9,25,2,5,1.70799488,2.730199117
2628,1,2013,9,25,2,5,2.583075354,3.402921384
2629,1,2010,4,16,4,10,1.064737754,2.121524483
2630,1,2010,4,16,4,10,2.361886119,3.327018628
2631,1,2011,10,12,2,7,1.5099501,2.415146227
2632,1,2011,10,12,2,7,1.241788554,2.262964398
2633,1,2011,10,12,2,7,2.102791474,2.979654318
2634,1,2010,6,13,6,13,1.185730611,2.201676187
2635,1,2011,11,20,6,2,1.968426649,2.810445837
2636,1,2011,11,20,6,2,0.418695946,1.673961148
2637,1,2010,12,13,0,6,0.576529276,1.744563169
2638,1,2010,12,13,0,6,1.475871644,2.402387384
2639,1,2009,11,24,1,8,1.19519676,2.190142001
2640,1,2009,11,24,1,8,0.475105966,1.682067423
2642,1,2009,11,24,1,8,1.254709398,2.24877059
2643,1,2009,11,24,1,8,1.173222081,2.190142001
2644,1,2009,11,24,1,8,1.375564061,2.324559397
2645,1,2014,9,22,0,7,1.836837008,2.875148746
2646,1,2011,5,30,0,9,1.055782532,2.102464357
2647,1,2012,9,21,4,5,0.086657669,1.901778353
2648,1,2010,11,22,0,19,1.415444918,2.421828058
2649,1,2010,11,22,0,19,1.702905258,2.586267271
2650,1,2010,10,5,1,2,0.875801735,1.918245208
2651,1,2010,10,5,1,2,2.332706687,3.121959019
2652,1,2010,10,5,1,2,1.724149319,2.57345956
2653,1,2010,10,5,1,2,2.414117554,3.225060487
2654,1,2010,10,5,1,2,2.296075062,3.121959019
2655,1,2010,10,5,1,2,1.875635427,2.694006181
2656,1,2010,10,5,1,2,1.540635398,2.42313046
2657,1,2010,10,5,1,2,0.670909805,1.786506971
2658,1,2010,10,5,1,2,2.363854015,3.204678514
2659,1,2010,10,5,1,2,2.291575114,3.121959019
2660,1,2010,10,5,1,2,0.602450302,1.762765053
2661,1,2010,10,5,1,2,1.223558074,2.218018564
2662,1,2010,10,5,1,2,0.81010422,1.883052452
2663,1,2010,10,5,1,2,1.821820337,2.600888239
2664,1,2010,10,5,1,2,1.00365767,2.015806026
2665,1,2010,10,5,1,2,2.093746977,2.961286217
2666,1,2010,10,5,1,2,0.929705152,1.935056499
2667,1,2014,8,23,5,16,1.033966675,2.277798185
2668,1,2014,8,23,5,16,0.794840669,2.02472223
2669,1,2012,3,15,3,8,1.08524961,2.16447379
2670,1,2012,3,15,3,8,0.76649105,1.850997247
2671,1,2012,3,15,3,8,2.155160124,3.015402146
2672,1,2012,3,15,3,8,2.073810306,2.892087695
2673,1,2012,3,15,3,8,0.827751077,1.993014393
2674,1,2013,10,4,4,2,0.905376603,2.083069783
2676,1,2009,3,28,5,15,1.193404994,2.16661701
2677,1,2009,3,28,5,15,1.965712563,2.777150395
2678,1,2009,3,28,5,15,1.905076622,2.731970836
2679,1,2012,1,25,2,22,1.489152978,2.483995463
2680,1,2012,1,25,2,22,1.312995479,2.311617152
2681,1,2012,1,25,2,22,0.668033352,1.8453121
2682,1,2012,1,25,2,22,1.911260778,2.815171521
2683,1,2011,7,21,3,7,0.809443859,1.898463084
2684,1,2011,7,21,3,7,1.690978939,2.572086007
2685,1,2011,7,21,3,7,0.894031464,1.933948472
2686,1,2010,12,1,2,22,1.111385914,2.153209668
2687,1,2013,6,23,6,2,0.994028304,2.116489778
2688,1,2013,6,23,6,2,0.812340748,1.95006617
2689,1,2014,3,24,0,22,1.359070216,2.453028451
2690,1,2014,3,24,0,22,1.265957525,2.394858529
2691,1,2014,3,24,0,22,0.730067494,2.01024554
2692,1,2014,3,24,0,22,1.191721139,2.275152948
2693,1,2013,9,13,4,1,1.015044114,2.147653951
2694,1,2013,10,14,0,18,1.788512416,2.914511901
2695,1,2013,10,14,0,18,0.848618441,2.155059988
2696,1,2013,10,14,0,18,1.488489307,2.603951386
2697,1,2013,10,14,0,18,0.455631721,1.756284761
2698,1,2013,11,18,0,15,1.044588756,2.303143449
2699,1,2013,11,18,0,15,3.070902203,4.017600135
2700,1,2013,11,18,0,15,0.569756984,1.818564888
2701,1,2013,11,18,0,15,0.242714772,1.789012254
2702,1,2013,11,18,0,15,0.816652493,2.036228396
2703,1,2011,2,20,6,23,1.19952159,2.17153414
2704,1,2011,2,20,6,23,1.460367434,2.382495239
2705,1,2011,2,20,6,23,2.201418464,2.982857636
2706,1,2011,2,20,6,23,1.868050082,2.693187077
2707,1,2011,2,20,6,23,1.918320795,2.760560089
2708,1,2010,2,6,5,19,1.684940086,2.548220073
2709,1,2012,3,10,5,2,1.238010527,2.214816555
2710,1,2012,3,10,5,2,1.705282931,2.556455796
2711,1,2012,3,10,5,2,0.890725765,1.953878127
2712,1,2014,4,13,6,17,1.003859397,2.247885011
2713,1,2010,4,4,6,21,1.325486495,2.272522383
2714,1,2010,4,4,6,21,1.839694022,2.650251799
2715,1,2010,4,4,6,21,1.744129906,2.583587892
2716,1,2010,4,4,6,21,0.945762062,1.974317461
2717,1,2013,3,23,5,4,1.867725226,2.849365653
2718,1,2010,6,29,1,0,3.153077141,3.876140509
2719,1,2010,6,29,1,0,0.561381292,1.741599637
2720,1,2011,10,17,0,12,0.794996532,1.892982377
2721,1,2011,10,17,0,12,1.011062897,2.044839707
2722,1,2012,1,30,0,19,1.556193327,2.467587099
2723,1,2012,1,30,0,19,1.037755668,2.089537382
2724,1,2012,1,30,0,19,1.411445813,2.416031959
2725,1,2012,1,30,0,19,0.895575882,2.004493772
2726,1,2012,1,30,0,19,1.527663532,2.461902099
2727,1,2011,5,30,0,1,1.389462987,2.264068259
2728,1,2011,5,30,0,1,0.885965277,1.910697695
2729,1,2011,2,8,1,1,1.250961633,2.184609868
2730,1,2012,5,23,2,16,0.745924715,1.857549103
2732,1,2009,10,8,3,10,2.515036858,3.341162184
2733,1,2009,10,8,3,10,1.527807061,2.443525437
2734,1,2009,10,8,3,10,2.481431296,3.341162184
2735,1,2010,7,2,4,22,1.657718523,2.515432231
2736,1,2010,7,2,4,22,1.084648613,2.156572627
2737,1,2012,5,3,3,14,0.731856774,1.861105991
2738,1,2012,5,3,3,14,1.42299078,2.40780506
2739,1,2012,5,3,3,14,2.282763808,3.369108681
2740,1,2012,5,3,3,14,1.908428357,2.82307546
2741,1,2012,5,3,3,14,0.745684142,1.861105991
2742,1,2013,4,4,3,16,1.849238377,2.906668946
2743,1,2013,4,4,3,16,1.114170482,2.321039583
2744,1,2009,12,2,2,15,2.323661678,3.253212913
2745,1,2009,12,2,2,15,0.844857806,1.981372987
2746,1,2010,1,3,6,2,1.137271842,2.081412821
2747,1,2010,1,3,6,2,1.033574696,2.001669841
2748,1,2011,8,21,6,10,1.144738506,2.198497861
2749,1,2011,8,21,6,10,2.967270775,3.99781287
2750,1,2011,8,21,6,10,1.985664774,2.794853869
2751,1,2011,1,30,6,14,0.754563541,1.840127369
2752,1,2011,1,30,6,14,1.910226889,2.753626889
2753,1,2011,4,16,5,21,2.093158449,2.88100089
2754,1,2011,4,16,5,21,1.481592502,2.395238423
2755,1,2011,4,16,5,21,0.595680357,1.804604033
2756,1,2013,10,5,5,19,1.153372888,2.322712917
2757,1,2013,10,5,5,19,1.567846211,2.705616239
2758,1,2013,10,5,5,19,1.83725765,2.897392369
2759,1,2013,10,5,5,19,1.756983337,2.852915797
2760,1,2014,10,31,4,8,1.008973243,2.251394652
2761,1,2014,10,31,4,8,1.053142256,2.309036801
2762,1,2014,10,31,4,8,0.998825288,2.251394652
2763,1,2014,10,31,4,8,1.079070688,2.319725143
2764,1,2014,10,31,4,8,2.045556704,2.945255005
2765,1,2009,5,31,6,21,1.909438362,2.731970836
2766,1,2014,6,4,2,1,1.404680179,2.414342306
2767,1,2009,7,14,1,17,0.716145474,1.864761725
2768,1,2009,7,14,1,17,0.714372597,1.864761725
2769,1,2012,12,5,2,16,1.67208769,2.629077153
2770,1,2012,12,5,2,16,2.583671142,3.499548274
2771,1,2009,12,18,4,12,0.997860389,2.048898006
2772,1,2009,12,18,4,12,1.174910046,2.201676187
2773,1,2009,12,18,4,12,1.72199746,2.585564261
2774,1,2009,12,18,4,12,1.275536289,2.28766063
2775,1,2009,12,18,4,12,1.366880324,2.309718002
2776,1,2009,12,18,4,12,1.42667822,2.428163545
2777,1,2012,11,21,2,15,0.596451208,1.835462759
2778,1,2011,5,3,1,7,1.71793759,2.55922809
2779,1,2011,5,3,1,7,0.728793239,1.857549103
2780,1,2011,5,3,1,7,0.812649998,1.895193327
2781,1,2010,9,21,1,6,2.1809661,3.010901261
2782,1,2010,9,21,1,6,1.473401628,2.400613019
2783,1,2011,10,7,4,22,0.356183625,1.674035232
2784,1,2011,10,7,4,22,1.360428787,2.305711116
2785,1,2009,2,8,6,8,0.766737925,1.836627181
2786,1,2013,9,24,1,21,1.086908481,2.22916454
2787,1,2013,9,24,1,21,1.367457944,2.455619878
2788,1,2013,9,24,1,21,1.330127964,2.448392985
2789,1,2013,9,24,1,21,1.593315396,2.681254209
2790,1,2013,9,24,1,21,1.633612566,2.734902749
2791,1,2013,9,24,1,21,1.406526116,2.47364448
2792,1,2012,3,14,2,19,1.833428061,2.696350346
2793,1,2012,3,14,2,19,0.534298281,1.781428605
2794,1,2012,3,14,2,19,1.263876953,2.334637367
2795,1,2012,3,14,2,19,0.930301565,2.011336286
2796,1,2012,3,14,2,19,0.847654251,1.99204142
2797,1,2012,3,14,2,19,1.223013552,2.270732363
2798,1,2012,3,14,2,19,1.628284783,2.519243906
2799,1,2009,11,12,3,11,0.919677437,1.986215674
2800,1,2009,11,12,3,11,0.555798736,1.730015561
2801,1,2009,6,21,6,4,1.927352435,2.743368997
2802,1,2009,6,21,6,4,1.831928329,2.665848494
2803,1,2014,1,25,5,12,1.168419991,2.333753968
2804,1,2014,1,25,5,12,1.0302435,2.269781728
2805,1,2012,12,27,3,13,1.211744489,2.341818976
2806,1,2011,6,28,1,16,0.685155637,1.826564677
2807,1,2010,12,1,2,8,1.39541539,2.318166473
2808,1,2012,11,19,0,12,0.491069109,1.742178834
2809,1,2012,11,19,0,12,0.577633683,1.814585976
2810,1,2012,11,19,0,12,0.968824148,2.063896824
2811,1,2012,11,19,0,12,1.536118212,2.487432758
2812,1,2012,11,19,0,12,2.892332154,3.780807365
2813,1,2009,7,13,0,17,1.435026053,2.403554331
2814,1,2009,7,13,0,17,1.038877822,2.061387851
2815,1,2009,7,13,0,17,1.14240419,2.198497861
2816,1,2011,6,25,5,11,0.595142474,1.811484988
2817,1,2011,6,25,5,11,2.384627652,3.382699164
2818,1,2012,1,26,3,7,1.731624264,2.600883053
2819,1,2012,1,26,3,7,1.322494669,2.329026482
2820,1,2012,1,26,3,7,0.90642761,1.977681789
2821,1,2012,1,26,3,7,1.011963568,2.013855089
2822,1,2012,1,26,3,7,1.221102725,2.263523758
2823,1,2012,1,26,3,7,0.819935849,1.932565188
2824,1,2012,1,26,3,7,0.547323445,1.781428605
2825,1,2012,1,26,3,7,1.97833471,2.857817569
2826,1,2012,1,26,3,7,0.974509093,1.998158493
2827,1,2012,1,26,3,7,1.160504737,2.171519247
2828,1,2012,1,26,3,7,1.257088234,2.281069533
2829,1,2012,1,26,3,7,2.013384899,2.879852731
2830,1,2012,1,26,3,7,1.739453214,2.600883053
2831,1,2012,1,26,3,7,0.337626309,1.721732749
2832,1,2012,1,26,3,7,0.601271026,1.834263453
2833,1,2012,1,26,3,7,1.220505894,2.263523758
2834,1,2012,1,26,3,7,1.05247275,2.109101624
2835,1,2012,1,26,3,7,2.38980396,3.471687408
2836,1,2012,1,26,3,7,0.906493581,1.977681789
2837,1,2012,1,26,3,7,1.42511312,2.407702492
2838,1,2012,1,26,3,7,2.403358682,3.471687408
2839,1,2012,1,26,3,7,1.542200327,2.439161661
2840,1,2012,1,26,3,7,0.716237476,1.848485955
2841,1,2012,1,26,3,7,1.441059199,2.407702492
2842,1,2012,1,26,3,7,1.538881591,2.445171324
2843,1,2012,1,26,3,7,2.7150008,3.465676189
2844,1,2012,1,26,3,7,1.836065947,2.688776277
2845,1,2012,1,26,3,7,2.246150732,3.288716132
2846,1,2012,1,26,3,7,1.460687142,2.407702492
2847,1,2012,1,26,3,7,2.111607077,2.978534955
2848,1,2012,1,26,3,7,1.524415029,2.445171324
2849,1,2012,1,26,3,7,1.124376221,2.157598537
2850,1,2012,1,26,3,7,1.093876402,2.166406652
2851,1,2012,1,26,3,7,1.698835197,2.572004707
2852,1,2012,1,26,3,7,0.657512548,1.839916654
2853,1,2012,1,26,3,7,1.292464728,2.303828881
2854,1,2012,1,26,3,7,0.88796358,1.960861685
2855,1,2012,1,26,3,7,1.141732412,2.171519247
2856,1,2012,1,26,3,7,1.17850116,2.171519247
2857,1,2012,1,26,3,7,1.682355843,2.572004707
2858,1,2012,1,26,3,7,0.910497314,1.977681789
2859,1,2012,1,26,3,7,1.393910218,2.317924766
2860,1,2012,1,26,3,7,0.996126377,2.009251982
2861,1,2012,1,26,3,7,2.408211869,3.471687408
2862,1,2012,1,26,3,7,0.546800621,1.781428605
2863,1,2012,1,26,3,7,0.803410428,1.857267007
2864,1,2012,1,26,3,7,1.464222282,2.416051095
2865,1,2012,1,26,3,7,1.588814647,2.456549909
2866,1,2012,1,26,3,7,1.213199629,2.263523758
2867,1,2012,1,26,3,7,1.816824412,2.64141962
2868,1,2012,1,26,3,7,0.338522555,1.721732749
2869,1,2012,1,26,3,7,1.152143991,2.171519247
2870,1,2012,1,26,3,7,1.232342389,2.274003986
2871,1,2012,1,26,3,7,0.94892255,1.980929165
2872,1,2012,1,26,3,7,0.298100826,1.721732749
2873,1,2012,1,26,3,7,0.979957841,2.021545104
2874,1,2012,1,26,3,7,1.842704112,2.688776277
2875,1,2012,1,26,3,7,0.606732936,1.839916654
2876,1,2012,1,26,3,7,0.7911084,1.857443565
2877,1,2012,1,26,3,7,0.321893987,1.721732749
2878,1,2012,1,26,3,7,1.559224113,2.452318693
2879,1,2012,1,26,3,7,1.206197451,2.237985138
2880,1,2012,1,26,3,7,0.774409726,1.857443565
2881,1,2012,1,26,3,7,1.46350817,2.416051095
2882,1,2012,1,26,3,7,0.228885734,2.017686975
2883,1,2012,1,26,3,7,0.725806835,1.850997247
2884,1,2012,1,26,3,7,2.32033372,3.305023672
2885,1,2012,1,26,3,7,1.15009737,2.171519247
2886,1,2012,1,26,3,7,0.638453833,1.839916654
2887,1,2012,1,26,3,7,0.478978565,1.728402543
2888,1,2012,1,26,3,7,2.419449345,3.471687408
2889,1,2012,1,26,3,7,1.473982121,2.428794278
2890,1,2012,1,26,3,7,1.971977644,2.851293316
2891,1,2012,1,26,3,7,0.876996327,1.960861685
2892,1,2012,1,26,3,7,0.877093532,1.960861685
2893,1,2012,1,26,3,7,1.530764925,2.445171324
2894,1,2012,1,26,3,7,0.823054523,1.932565188
2895,1,2012,1,26,3,7,0.739732194,1.850997247
2896,1,2012,1,26,3,7,1.461486732,2.416051095
2897,1,2012,1,26,3,7,1.601447484,2.47410743
2898,1,2012,1,26,3,7,1.239269667,2.280679269
2899,1,2012,1,26,3,7,1.453043626,2.407702492
2900,1,2012,1,26,3,7,1.100175873,2.16194028
2901,1,2012,1,26,3,7,1.713394858,2.578601972
2902,1,2012,1,26,3,7,2.254348436,3.291871062
2903,1,2012,1,26,3,7,0.580247121,1.83549966
2904,1,2012,1,26,3,7,0.974836604,1.998158493
2905,1,2012,1,26,3,7,1.267619577,2.306705672
2906,1,2012,1,26,3,7,1.355465437,2.308235355
2907,1,2012,1,26,3,7,1.721735277,2.588606979
2908,1,2012,1,26,3,7,0.615414464,1.839916654
2909,1,2012,1,26,3,7,0.706819216,1.905203962
2910,1,2012,1,26,3,7,1.708531672,2.578601972
2911,1,2012,1,26,3,7,1.005341377,2.015531042
2912,1,2012,1,26,3,7,2.65818817,3.528163763
2913,1,2012,1,26,3,7,0.716748656,1.849981766
2914,1,2012,1,26,3,7,0.530879865,1.781428605
2915,1,2012,1,26,3,7,0.650780882,1.839916654
2916,1,2012,1,26,3,7,0.601365887,1.834263453
2917,1,2012,1,26,3,7,2.269221273,3.301173663
2918,1,2012,1,26,3,7,0.201766565,1.763707721
2919,1,2012,1,26,3,7,0.508001483,1.770969927
2920,1,2012,1,26,3,7,1.271768025,2.306705672
2921,1,2012,1,26,3,7,2.147070248,3.005077682
2922,1,2012,1,26,3,7,1.576973382,2.456549909
2923,1,2012,1,26,3,7,2.077250312,2.884183756
2924,1,2012,1,26,3,7,1.54998245,2.449768244
2925,1,2012,1,26,3,7,1.454684548,2.407702492
2926,1,2012,1,26,3,7,1.671470695,2.572004707
2927,1,2012,1,26,3,7,0.667168208,1.839916654
2928,1,2012,1,26,3,7,1.480334144,2.428794278
2929,1,2012,1,26,3,7,2.55344103,3.471687408
2930,1,2012,1,26,3,7,1.244741217,2.280679269
2931,1,2012,1,26,3,7,2.183254886,3.056845998
2932,1,2012,1,26,3,7,1.106675902,2.16194028
2933,1,2012,1,26,3,7,2.170257152,3.056845998
2934,1,2012,1,26,3,7,1.607303357,2.488780601
2935,1,2012,1,26,3,7,2.065322373,2.884183756
2937,1,2012,1,26,3,7,0.735097602,1.850997247
2938,1,2012,1,26,3,7,0.750317868,1.850997247
2939,1,2012,1,26,3,7,0.91669665,1.977681789
2940,1,2012,1,26,3,7,1.210210174,2.263523758
2941,1,2012,1,26,3,7,1.037822797,2.040505291
2942,1,2012,1,26,3,7,1.465184219,2.416051095
2943,1,2012,1,26,3,7,1.342559977,2.308235355
2944,1,2012,1,26,3,7,0.111645043,1.815826778
2945,1,2012,1,26,3,7,2.006087012,2.879852731
2946,1,2012,1,26,3,7,0.528732015,1.781428605
2947,1,2012,1,26,3,7,1.554247823,2.446051389
2948,1,2015,3,20,4,23,1.054183841,2.218476198
2949,1,2015,3,20,4,23,2.09161346,3.053840302
2950,1,2015,3,20,4,23,0.473104442,1.756284761
2951,1,2013,12,14,5,3,2.422004215,3.381678114
2952,1,2013,12,14,5,3,0.364201269,1.743961514
2953,1,2014,4,14,0,7,1.201986502,2.325638535
2954,1,2014,4,14,0,7,1.611440964,2.650753202
2955,1,2015,5,21,3,7,0.916442674,2.071718812
2956,1,2011,8,30,1,16,1.078829417,2.132285608
2957,1,2011,8,30,1,16,1.342252955,2.279687836
2958,1,2011,8,30,1,16,1.097242338,2.132285608
2959,1,2010,12,9,3,7,0.337303551,1.667291355
2960,1,2010,12,9,3,7,2.204116111,3.004772
2961,1,2010,12,9,3,7,1.58111147,2.431846518
2962,1,2010,12,9,3,7,0.664612391,1.798429485
2963,1,2010,12,9,3,7,0.593126385,1.785968148
2964,1,2010,12,9,3,7,1.411331169,2.391156911
2965,1,2010,12,9,3,7,1.361506804,2.311941102
2966,1,2010,12,9,3,7,1.994554016,2.835862691
2967,1,2010,12,9,3,7,0.915102278,1.934430616
2968,1,2010,12,9,3,7,1.813598965,2.60652025
2969,1,2010,12,9,3,7,0.872212785,1.933948472
2970,1,2010,12,9,3,7,1.267941049,2.29687357
2971,1,2010,12,9,3,7,1.530111702,2.420338455
2972,1,2010,12,9,3,7,0.705932984,1.906221238
2973,1,2010,12,9,3,7,1.539079761,2.420338455
2974,1,2010,12,9,3,7,0.014571055,1.83109739
2975,1,2010,12,9,3,7,0.693647768,1.804604726
2976,1,2010,12,9,3,7,0.978329074,2.004966407
2977,1,2010,12,9,3,7,0.550130732,1.730015561
2978,1,2010,12,9,3,7,0.663199996,1.798429485
2979,1,2010,12,9,3,7,1.750664877,2.59818605
2980,1,2010,12,9,3,7,2.070967208,2.89453491
2981,1,2010,12,9,3,7,2.311942426,3.090435206
2982,1,2010,12,9,3,7,1.20325897,2.236382838
2983,1,2010,12,9,3,7,0.968234654,1.987003854
2984,1,2010,12,9,3,7,0.853886978,1.921171748
2985,1,2010,12,9,3,7,0.612003575,1.798429485
2986,1,2010,12,9,3,7,1.096906692,2.133527564
2987,1,2010,12,9,3,7,0.99629649,2.015664424
2988,1,2010,12,9,3,7,0.041624057,1.978621624
2989,1,2010,12,9,3,7,1.077275165,2.124809095
2990,1,2010,12,9,3,7,0.820019147,1.918096578
2991,1,2010,12,9,3,7,1.095419251,2.133527564
2992,1,2010,12,9,3,7,0.813405191,1.892099815
2993,1,2010,12,9,3,7,1.405805568,2.391156911
2994,1,2010,12,9,3,7,1.333007853,2.305025304
2995,1,2010,12,9,3,7,0.788398984,1.888040151
2996,1,2010,12,9,3,7,1.378859756,2.320389573
2997,1,2010,12,9,3,7,1.210313134,2.252965359
2998,1,2010,12,9,3,7,0.829142861,1.918096578
2999,1,2010,12,9,3,7,1.363764864,2.311941102
3000,1,2010,12,9,3,7,1.129396081,2.166170269
3001,1,2010,12,9,3,7,0.817393296,1.918096578
3002,1,2010,12,9,3,7,0.767565311,1.881593833
3003,1,2010,12,9,3,7,2.072147212,2.89453491
3004,1,2010,12,9,3,7,1.140955395,2.171688658
3005,1,2010,12,9,3,7,0.903831764,1.934430616
3006,1,2010,12,9,3,7,0.765416157,1.881593833
3007,1,2010,12,9,3,7,1.306562545,2.305654424
3008,1,2010,12,9,3,7,0.995460794,2.015664424
3009,1,2010,12,9,3,7,1.3301101,2.305025304
3010,1,2010,12,9,3,7,0.860039716,1.927039209
3011,1,2010,12,9,3,7,1.196353697,2.174866984
3012,1,2010,12,9,3,7,1.460451392,2.38478149
3013,1,2010,12,9,3,7,1.615915671,2.484034051
3014,1,2010,12,9,3,7,0.594678873,1.785968148
3015,1,2010,12,9,3,7,0.862806251,1.933948472
3016,1,2010,12,9,3,7,0.630793596,1.798429485
3017,1,2010,12,9,3,7,0.603317147,1.785968148
3018,1,2010,12,9,3,7,0.792692193,1.888040151
3019,1,2010,12,9,3,7,0.512679859,1.71143809
3020,1,2010,12,9,3,7,0.93527665,1.952356541
3021,1,2010,12,9,3,7,0.380722534,1.667291355
3022,1,2010,12,9,3,7,1.176377418,2.174866984
3023,1,2010,12,9,3,7,0.616211881,1.798429485
3024,1,2010,12,9,3,7,0.819551558,1.918096578
3025,1,2010,12,9,3,7,2.320194881,3.090435206
3026,1,2010,12,9,3,7,0.84036473,1.921171748
3027,1,2010,12,9,3,7,1.781397242,2.59103022
3028,1,2010,12,9,3,7,3.070185652,3.914346466
3029,1,2010,12,9,3,7,1.392784942,2.320389573
3030,1,2010,12,9,3,7,0.845797377,1.921171748
3031,1,2010,12,9,3,7,0.515171968,1.722459581
3032,1,2010,12,9,3,7,0.751066009,1.881593833
3033,1,2010,12,9,3,7,1.15830226,2.174866984
3034,1,2010,12,9,3,7,1.229199416,2.263445587
3035,1,2010,12,9,3,7,2.192560315,3.022746568
3036,1,2010,12,9,3,7,0.720911015,1.876832876
3037,1,2010,12,9,3,7,1.113828831,2.129061192
3038,1,2010,12,9,3,7,0.736955501,1.881593833
3039,1,2010,12,9,3,7,1.752428032,2.59103022
3040,1,2010,12,9,3,7,1.282402494,2.301854438
3041,1,2010,12,9,3,7,0.943841345,1.952356541
3042,1,2010,12,9,3,7,1.791560414,2.592944766
3043,1,2010,12,9,3,7,0.952368256,1.957828492
3044,1,2010,12,9,3,7,2.943751403,3.890318527
3045,1,2010,12,9,3,7,1.380890251,2.320389573
3046,1,2010,12,9,3,7,1.320766523,2.332032735
3047,1,2010,12,9,3,7,1.195752983,2.174866984
3048,1,2010,12,9,3,7,0.538582468,1.730015561
3049,1,2010,12,9,3,7,0.904878509,1.934430616
3050,1,2010,12,9,3,7,1.692518912,2.55466235
3051,1,2010,12,9,3,7,1.10053436,2.129061192
3052,1,2010,12,9,3,7,2.499647992,3.305239144
3053,1,2010,12,9,3,7,1.000569073,2.019191334
3054,1,2010,12,9,3,7,1.120313122,2.162155369
3055,1,2010,12,9,3,7,1.68394367,2.549188367
3056,1,2010,12,9,3,7,1.423513083,2.38478149
3057,1,2010,12,9,3,7,1.128081319,2.166170269
3058,1,2010,12,9,3,7,1.760776291,2.59103022
3059,1,2010,12,9,3,7,1.120383213,2.162155369
3060,1,2010,12,9,3,7,1.612127149,2.47622997
3061,1,2010,12,9,3,7,1.542871938,2.474466696
3062,1,2010,12,9,3,7,0.937697427,1.952356541
3063,1,2010,12,9,3,7,2.06000628,2.89453491
3064,1,2010,12,9,3,7,0.991477849,2.01988266
3065,1,2010,12,9,3,7,1.696966921,2.55466235
3066,1,2010,12,9,3,7,0.833455752,1.918096578
3067,1,2010,12,9,3,7,2.455553388,3.305239144
3068,1,2010,12,9,3,7,1.321632215,2.332032735
3069,1,2010,12,9,3,7,1.03493707,2.027204704
3070,1,2010,12,9,3,7,1.095368079,2.133527564
3071,1,2010,12,9,3,7,1.363663532,2.311941102
3072,1,2010,12,9,3,7,1.20977258,2.415567331
3073,1,2010,12,9,3,7,1.751895136,2.59103022
3074,1,2010,12,9,3,7,0.672617169,1.804604726
3075,1,2010,12,9,3,7,1.220991235,2.252965359
3076,1,2010,12,9,3,7,2.959022859,3.907214437
3077,1,2010,12,9,3,7,1.093808112,2.133527564
3078,1,2010,12,9,3,7,0.740356292,1.881593833
3079,1,2010,12,9,3,7,1.491646466,2.396809437
3080,1,2010,12,9,3,7,0.824523107,1.918096578
3081,1,2010,12,9,3,7,0.928917627,1.944378871
3082,1,2010,12,9,3,7,0.683674619,1.804604726
3083,1,2010,12,9,3,7,1.40338602,2.40503116
3084,1,2010,12,9,3,7,1.235564414,2.263445587
3085,1,2010,12,9,3,7,1.41863616,2.39076922
3086,1,2010,12,9,3,7,0.950826327,1.952356541
3087,1,2010,12,9,3,7,0.87999531,1.933948472
3088,1,2010,12,9,3,7,1.533688924,2.420338455
3089,1,2010,12,9,3,7,0.879932589,1.933948472
3090,1,2011,9,25,6,13,1.141703944,2.198497861
3091,1,2011,9,25,6,13,1.07965034,2.146058246
3092,1,2011,9,25,6,13,1.259723428,2.24877059
3093,1,2011,9,25,6,13,1.770744012,2.597933774
3094,1,2011,9,25,6,13,0.837653561,1.970617983
3095,1,2012,9,8,5,4,2.310849926,3.319833652
3096,1,2012,5,8,1,3,2.325845654,3.355750828
3097,1,2012,5,8,1,3,0.748096336,1.851061254
3098,1,2012,5,8,1,3,2.082765388,2.8115784
3099,1,2012,5,8,1,3,1.335686683,2.305601002
3100,1,2012,5,8,1,3,1.999756847,2.878450388
3101,1,2012,5,8,1,3,1.281361172,2.281378096
3102,1,2012,5,8,1,3,0.917983472,1.970698231
3103,1,2012,5,8,1,3,0.75068683,1.851061254
3104,1,2012,5,8,1,3,2.110609344,2.985798684
3105,1,2010,10,6,2,21,0.792254986,1.88311892
3106,1,2010,10,6,2,21,1.11970032,2.175525397
3107,1,2010,10,6,2,21,1.437968539,2.383225521
3108,1,2010,10,6,2,21,0.860703527,1.981466055
3109,1,2010,10,6,2,21,1.01413207,2.060196844
3110,1,2014,5,17,5,2,1.677786184,2.67893501
3111,1,2009,7,31,4,7,0.512237074,1.704683682
3112,1,2009,7,31,4,7,0.064286342,2.095641693
3113,1,2012,3,6,1,7,1.47531244,2.393699556
3114,1,2009,1,29,3,22,1.644284593,2.518580103
3115,1,2013,3,17,6,12,0.864233097,2.110758653
3116,1,2014,6,18,2,9,1.862502792,2.902681465
3117,1,2011,9,21,2,13,0.990636457,2.045531032
3118,1,2011,9,21,2,13,1.153239692,2.201676187
3119,1,2011,9,21,2,13,1.05529911,2.116069881
3120,1,2011,9,21,2,13,3.102992167,3.984673079
3121,1,2015,3,12,3,19,2.161554044,3.193543989
3122,1,2015,3,12,3,19,2.642064433,3.537238688
3123,1,2015,3,12,3,19,0.995906063,2.246084501
3124,1,2015,3,12,3,19,1.632852156,2.713988873
3125,1,2014,1,18,5,17,0.892198072,2.143656352
3126,1,2014,1,18,5,17,0.660054993,1.857508505
3127,1,2014,1,18,5,17,1.765696174,2.869453168
3128,1,2014,1,18,5,17,1.54944609,2.646534532
3129,1,2011,4,5,1,1,1.694244618,2.539796852
3130,1,2011,4,5,1,1,1.730610006,2.58332238
3131,1,2011,9,4,6,1,1.952487707,2.770200317
3132,1,2010,8,9,0,8,1.465091534,2.375013652
3133,1,2010,8,9,0,8,1.193425726,2.190142001
3134,1,2010,8,9,0,8,1.714328341,2.55922809
3135,1,2010,8,9,0,8,2.129696983,2.988255578
3136,1,2010,8,9,0,8,1.333423489,2.292092881
3137,1,2010,3,27,5,7,0.613666165,1.807259725
3138,1,2011,11,16,2,12,1.056401296,2.103400656
3139,1,2011,11,16,2,12,0.704817928,1.841379559
3140,1,2011,11,16,2,12,3.094872507,3.984673079
3141,1,2009,10,29,3,10,1.211939085,2.250305737
3142,1,2009,10,29,3,10,1.47490395,2.472360382
3143,1,2015,2,1,6,0,2.008682623,2.846758782
3144,1,2015,2,1,6,0,1.332865955,2.392429264
3145,1,2015,2,1,6,0,1.060744458,2.176445023
3146,1,2015,2,1,6,0,1.179005967,2.241732285
3147,1,2015,2,1,6,0,1.55149614,2.640204502
3148,1,2014,4,3,3,2,0.991073777,2.114921812
3149,1,2010,7,4,6,3,2.287029181,3.121959019
3150,1,2009,3,31,1,23,1.179537333,2.16661701
3151,1,2009,3,31,1,23,2.398484219,3.246621288
3152,1,2009,3,31,1,23,1.788515808,2.582724962
3153,1,2012,2,2,3,0,0.880764743,1.947497235
3154,1,2012,2,2,3,0,0.88834784,1.947497235
3155,1,2012,2,2,3,0,2.013271409,2.881068985
3156,1,2012,2,2,3,0,1.816259816,2.627691376
3157,1,2014,1,26,6,15,1.113425789,2.293716539
3158,1,2012,2,14,1,15,0.720535968,1.846424878
3159,1,2012,2,14,1,15,0.73864551,1.847440359
3160,1,2012,2,14,1,15,1.182151845,2.217289579
3161,1,2012,2,14,1,15,0.971414816,2.02157088
3162,1,2011,12,6,1,11,1.929800534,2.787715515
3163,1,2011,12,6,1,11,0.811089162,1.948660819
3164,1,2011,7,12,1,19,1.860123366,2.687482081
3165,1,2011,7,12,1,19,1.446396789,2.379282045
3166,1,2011,7,12,1,19,1.086798669,2.132285608
3167,1,2010,9,16,3,14,1.050374972,2.116069881
3168,1,2010,9,16,3,14,1.510751841,2.434316734
3169,1,2010,9,16,3,14,1.418108841,2.418106274
3170,1,2010,9,16,3,14,1.604455387,2.50669532
3171,1,2014,6,11,2,1,1.438629709,2.406910878
3172,1,2013,5,18,5,15,1.294860047,2.477764575
3173,1,2013,5,18,5,15,1.121555268,2.307396435
3174,1,2015,2,14,5,20,1.268888838,2.394858529
3175,1,2015,2,14,5,20,1.028389318,2.22656755
3176,1,2015,2,14,5,20,0.549469721,1.801755568
3177,1,2009,1,22,3,12,0.938489334,1.978015417
3178,1,2011,4,23,5,21,0.533455721,1.729532538
3179,1,2013,9,1,6,17,0.49994578,1.78837556
3180,1,2013,9,1,6,17,0.914913361,2.162132129
3181,1,2013,4,22,0,13,1.831798486,2.912719755
3182,1,2013,4,22,0,13,1.232265663,2.387133848
3183,1,2013,4,22,0,13,0.896099413,2.144324489
3184,1,2015,2,21,5,18,0.50272684,1.76400492
3185,1,2009,4,23,3,0,2.422385309,3.23571955
3186,1,2009,4,23,3,0,1.380240287,2.288883067
3187,1,2012,5,28,0,5,2.696020566,3.557493314
3188,1,2010,1,3,6,20,1.94182337,2.777150395
3189,1,2013,3,9,5,21,1.670888462,2.717232825
3190,1,2013,3,9,5,21,1.056799572,2.236426983
3191,1,2011,4,21,3,8,0.472647464,1.668291132
3192,1,2011,2,20,6,9,2.496707143,3.316287268
3193,1,2011,2,20,6,9,1.221993274,2.211550059
3194,1,2010,7,22,3,9,1.126040225,2.181239844
3195,1,2010,7,22,3,9,0.898740279,1.986215674
3196,1,2010,7,22,3,9,1.356348506,2.283634584
3197,1,2011,1,24,0,20,1.591991904,2.460657275
3198,1,2013,7,22,0,15,1.374853076,2.516013476
3199,1,2013,7,22,0,15,0.414450956,1.756284761
3200,1,2013,7,22,0,15,2.288137502,3.399136968
3201,1,2013,7,22,0,15,0.731274742,2.01024554
3202,1,2013,1,23,2,16,1.437028291,2.557940619
3203,1,2013,1,23,2,16,1.045082858,2.29703678
3204,1,2013,1,23,2,16,1.108580287,2.30230796
3205,1,2013,1,6,6,12,0.243808298,1.752626777
3206,1,2013,1,6,6,12,0.800634345,2.01945838
3207,1,2012,2,13,0,4,3.046432562,3.981785882
3208,1,2013,2,7,3,8,1.078827066,2.31364582
3209,1,2013,2,7,3,8,1.306349535,2.494865984
3210,1,2013,2,7,3,8,1.007138858,2.255018214
3211,1,2013,2,7,3,8,1.430265383,2.576224913
3212,1,2015,2,21,5,17,1.730212667,2.828838586
3213,1,2015,2,21,5,17,0.870303044,2.119994218
3214,1,2015,2,21,5,17,1.274952098,2.453313137
3215,1,2015,2,21,5,17,1.270870126,2.438535934
3216,1,2015,2,21,5,17,0.392185621,1.749614967
3217,1,2013,6,19,2,13,1.104980352,2.30230796
3218,1,2013,6,19,2,13,0.931513008,2.165812783
3219,1,2013,6,19,2,13,1.013833023,2.245429607
3220,1,2013,6,19,2,13,2.764526688,3.707423536
3221,1,2013,6,19,2,13,2.018777754,3.010054911
3222,1,2015,6,26,4,16,0.499276373,1.756284761
3223,1,2015,6,26,4,16,0.295060962,1.749614967
3224,1,2010,6,5,5,7,1.121195922,2.509337122
3225,1,2011,10,28,4,13,1.24250538,2.24877059
3226,1,2011,10,28,4,13,0.921423564,1.990347114
3227,1,2011,10,28,4,13,0.731451106,1.890092947
3228,1,2012,9,29,5,2,1.512297321,2.44709754
3229,1,2011,8,6,5,12,1.913124987,2.760560089
3230,1,2012,11,19,0,22,2.472058174,3.455129066
3231,1,2013,11,29,4,20,1.144987917,2.29935545
3232,1,2012,5,31,3,17,1.403347925,2.438613354
3233,1,2012,5,31,3,17,0.014086839,2.410278131
3234,1,2012,5,31,3,17,0.607038713,1.848868988
3235,1,2012,5,31,3,17,1.049885614,2.134959642
3236,1,2012,4,20,4,8,1.526312277,2.448071909
3237,1,2012,4,20,4,8,1.20309649,2.268176612
3238,1,2012,4,20,4,8,1.173381577,2.200191535
3239,1,2009,1,26,0,18,0.986748802,2.027385754
3240,1,2009,1,26,0,18,0.794252083,1.850386489
3241,1,2009,1,26,0,18,1.76054767,2.58431574
3242,1,2009,1,26,0,18,1.040632398,2.040540059
3243,1,2011,10,20,3,0,1.956767564,2.794509655
3244,1,2011,10,20,3,0,0.719698822,1.865744513
3245,1,2011,10,20,3,0,0.705433072,1.936921374
3246,1,2011,6,3,4,11,1.510561392,2.428081774
3247,1,2011,6,3,4,11,1.230643939,2.245597215
3248,1,2011,6,3,4,11,0.671934029,1.827097069
3249,1,2011,6,3,4,11,0.325297007,1.667280825
3250,1,2011,6,3,4,11,0.836992744,1.964701676
3251,1,2011,10,25,1,20,1.097162558,2.133389021
3252,1,2012,7,5,3,18,1.614919669,2.506562305
3253,1,2012,7,5,3,18,0.959738288,2.038253214
3254,1,2012,7,5,3,18,0.727763433,1.896521955
3255,1,2012,7,5,3,18,1.317899313,2.339134496
3256,1,2012,7,5,3,18,1.116807872,2.175541335
3257,1,2012,7,5,3,18,0.793833491,1.902968273
3258,1,2015,4,7,1,14,1.026499172,2.287352271
3259,1,2015,4,7,1,14,0.667065477,1.880336761
3260,1,2013,8,28,2,0,1.423922892,2.399720661
3261,1,2013,8,28,2,0,1.020756868,2.1504841
3262,1,2012,11,20,1,21,0.911892973,2.052853752
3263,1,2012,11,20,1,21,1.552739013,2.44060989
3265,1,2012,11,20,1,21,0.421802262,1.749194685
3266,1,2012,11,20,1,21,3.091656589,3.985427835
3267,1,2012,11,20,1,21,0.711795762,1.876362615
3268,1,2012,11,20,1,21,0.639915368,1.837559071
3269,1,2012,11,20,1,21,1.132096137,2.249157265
3270,1,2012,11,20,1,21,1.363966546,2.387781429
3271,1,2012,11,20,1,21,0.979420832,2.068438984
3272,1,2012,11,20,1,21,0.647713274,1.837559071
3273,1,2012,11,20,1,21,0.414392882,1.749194685
3274,1,2012,11,20,1,21,1.123425215,2.215721025
3275,1,2012,11,20,1,21,2.40178489,3.455129066
3276,1,2012,11,20,1,21,2.367999965,3.396281987
3277,1,2012,11,20,1,21,1.883794734,2.802201617
3278,1,2012,11,20,1,21,0.434304067,1.749194685
3279,1,2012,11,20,1,21,1.060874581,2.200071772
3280,1,2012,11,20,1,21,0.883719972,2.035464127
3281,1,2012,11,20,1,21,0.276050712,1.742524891
3282,1,2012,11,20,1,21,2.005669433,2.925371419
3283,1,2012,11,20,1,21,0.611891757,1.837559071
3284,1,2012,11,20,1,21,0.763242796,1.901065769
3285,1,2012,11,20,1,21,3.070497592,3.985427835
3286,1,2012,11,20,1,21,2.615099277,3.477140195
3287,1,2012,11,20,1,21,1.631826412,2.527004868
3288,1,2012,11,20,1,21,1.916813863,2.844790218
3289,1,2012,11,20,1,21,0.669117375,1.837559071
3290,1,2012,11,20,1,21,0.083176914,2.070454257
3291,1,2012,11,20,1,21,1.591764718,2.450319164
3292,1,2012,11,20,1,21,2.056842111,2.927457396
3293,1,2012,11,20,1,21,2.117852741,3.078106398
3294,1,2012,11,20,1,21,0.848124696,2.01172066
3295,1,2012,11,20,1,21,1.695160438,2.630604784
3296,1,2012,11,20,1,21,1.196674665,2.254517493
3297,1,2012,11,20,1,21,0.472964962,1.749194685
3298,1,2012,11,20,1,21,0.94469576,2.042306642
3299,1,2012,11,20,1,21,0.968369384,2.060198869
3300,1,2012,11,20,1,21,1.735687285,2.675638605
3301,1,2012,11,20,1,21,1.793352101,2.693128758
3302,1,2012,11,20,1,21,0.724739263,1.901065769
3303,1,2012,11,20,1,21,1.283608359,2.364613495
3304,1,2012,11,20,1,21,0.522010693,1.780305256
3305,1,2012,11,20,1,21,1.5030896,2.427467844
3306,1,2012,11,20,1,21,1.175076319,2.254517493
3307,1,2012,11,20,1,21,2.292730295,3.27132207
3308,1,2012,11,20,1,21,0.378878982,1.742524891
3309,1,2012,11,20,1,21,2.695843521,3.591049352
3310,1,2012,11,20,1,21,1.165071807,2.254517493
3311,1,2012,11,20,1,21,1.972111857,2.875188647
3312,1,2012,11,20,1,21,1.58267696,2.450319164
3313,1,2012,11,20,1,21,1.030083932,2.128586828
3314,1,2012,11,20,1,21,2.33428671,3.27132207
3315,1,2012,11,20,1,21,0.674951768,1.837559071
3316,1,2012,11,20,1,21,0.899652405,2.052853752
3317,1,2012,11,20,1,21,0.47671566,1.749194685
3318,1,2012,11,20,1,21,1.218873657,2.281375885
3319,1,2012,11,20,1,21,1.661322726,2.635107128
3320,1,2012,11,20,1,21,1.604426034,2.494447315
3321,1,2012,11,20,1,21,0.363492091,1.742524891
3322,1,2012,11,20,1,21,0.900399821,2.052853752
3323,1,2012,11,20,1,21,1.93075379,2.850864691
3324,1,2012,11,20,1,21,1.744223384,2.675638605
3325,1,2012,11,20,1,21,0.945443998,2.042306642
3326,1,2012,11,20,1,21,0.941367348,2.042306642
3327,1,2012,11,20,1,21,1.707740619,2.630604784
3328,1,2012,11,20,1,21,2.712308604,3.517488085
3329,1,2012,11,20,1,21,0.619775601,1.837559071
3330,1,2012,11,20,1,21,1.770463938,2.675638605
3331,1,2012,11,20,1,21,1.01059266,2.092037696
3332,1,2012,11,20,1,21,1.773243873,2.675638605
3333,1,2012,11,20,1,21,0.14278369,1.928746913
3334,1,2012,11,20,1,21,1.6082491,2.509368046
3335,1,2012,11,20,1,21,1.747770682,2.675638605
3336,1,2012,11,20,1,21,2.055999299,2.927457396
3337,1,2012,11,20,1,21,1.624575301,2.527004868
3338,1,2012,11,20,1,21,1.068968946,2.200071772
3339,1,2012,11,20,1,21,1.027431864,2.128586828
3340,1,2012,11,20,1,21,1.973983181,2.875188647
3341,1,2012,11,20,1,21,1.280670156,2.364613495
3342,1,2012,11,20,1,21,1.964473004,2.875188647
3343,1,2012,11,20,1,21,1.010959234,2.092037696
3344,1,2012,11,20,1,21,0.960259543,2.057129539
3345,1,2012,11,20,1,21,1.662043099,2.635107128
3346,1,2012,11,20,1,21,1.064951722,2.200071772
3347,1,2012,11,20,1,21,2.897889346,3.767139266
3348,1,2012,11,20,1,21,1.450525148,2.436109458
3349,1,2012,11,20,1,21,1.571488261,2.44060989
3350,1,2012,11,20,1,21,0.261260026,1.742524891
3351,1,2012,11,20,1,21,1.478226156,2.439496403
3352,1,2012,11,20,1,21,0.421775727,1.749194685
3353,1,2012,11,20,1,21,1.989219602,2.911501171
3354,1,2012,11,20,1,21,2.2394628,3.254372386
3355,1,2012,11,20,1,21,1.544733729,2.449438388
3356,1,2012,11,20,1,21,2.525548823,3.455129066
3357,1,2012,11,20,1,21,1.319052308,2.408521018
3358,1,2012,11,20,1,21,2.013210578,2.925371419
3359,1,2012,11,20,1,21,1.815423889,2.726192505
3360,1,2012,11,20,1,21,1.300732617,2.378122876
3361,1,2012,11,20,1,21,1.783415701,2.675638605
3362,1,2012,11,20,1,21,0.873603973,2.035464127
3363,1,2012,11,20,1,21,0.69964384,1.885905784
3364,1,2012,11,20,1,21,1.78535862,2.675638605
3365,1,2012,11,20,1,21,1.129528182,2.215721025
3366,1,2012,11,20,1,21,0.98320128,2.082272941
3367,1,2012,11,20,1,21,0.951320205,2.042306642
3368,1,2012,11,20,1,21,1.20453726,2.288519097
3369,1,2012,11,20,1,21,1.575300439,2.450319164
3370,1,2012,11,20,1,21,0.662128792,1.837559071
3371,1,2012,11,20,1,21,1.0990346,2.204629157
3372,1,2012,11,20,1,21,1.451858924,2.436109458
3373,1,2012,11,20,1,21,0.843602172,2.01172066
3374,1,2012,11,20,1,21,0.651498598,1.837559071
3375,1,2012,11,20,1,21,0.693487508,1.837559071
3376,1,2012,11,20,1,21,1.6506583,2.527004868
3377,1,2012,11,20,1,21,1.003671926,2.092037696
3378,1,2012,11,20,1,21,1.368970969,2.387781429
3379,1,2012,11,20,1,21,1.340499096,2.38772989
3380,1,2012,11,20,1,21,0.916573067,2.052853752
3381,1,2012,11,20,1,21,0.829430081,1.996057977
3382,1,2012,11,20,1,21,1.243717946,2.293480552
3383,1,2012,11,20,1,21,2.552448028,3.455129066
3384,1,2012,11,20,1,21,1.209512469,2.369752374
3385,1,2012,11,20,1,21,1.312191963,2.375141029
3386,1,2012,11,20,1,21,2.345953731,3.233612624
3387,1,2012,11,20,1,21,1.34805522,2.38772989
3388,1,2012,11,20,1,21,1.154421954,2.254517493
3389,1,2012,11,20,1,21,1.539030557,2.449839175
3390,1,2012,11,20,1,21,0.780302279,1.907512087
3391,1,2012,11,20,1,21,1.133427355,2.254517493
3392,1,2012,11,20,1,21,1.28001025,2.364613495
3393,1,2012,11,20,1,21,2.559614793,3.455129066
3394,1,2012,11,20,1,21,2.490202768,3.455129066
3395,1,2012,11,20,1,21,1.695781428,2.630604784
3396,1,2012,11,20,1,21,1.324744173,2.38772989
3397,1,2012,11,20,1,21,1.578985605,2.450319164
3398,1,2012,11,20,1,21,1.210795103,2.281375885
3399,1,2012,11,20,1,21,1.785924166,2.686772722
3400,1,2012,11,20,1,21,0.419895066,1.749194685
3401,1,2011,2,22,1,14,1.25588693,2.215301866
3402,1,2014,6,23,0,0,2.506114702,3.380765432
3403,1,2014,6,23,0,0,1.109971747,2.167783853
3404,1,2014,6,23,0,0,1.192385147,2.26462188
3405,1,2014,6,23,0,0,2.563702547,3.380765432
3406,1,2014,6,23,0,0,1.68967539,2.640964262
3407,1,2014,6,23,0,0,1.109687896,2.167783853
3408,1,2014,6,23,0,0,2.413438246,3.375434629
3409,1,2014,6,23,0,0,0.87732873,2.039761073
3410,1,2014,6,23,0,0,2.353425566,3.361994347
3411,1,2014,6,23,0,0,1.328741343,2.360100687
3412,1,2014,6,23,0,0,1.222063366,2.270290488
3413,1,2014,6,23,0,0,1.599556111,2.681228828
3414,1,2014,6,23,0,0,1.645846677,2.650670088
3415,1,2014,6,23,0,0,1.454434909,2.399720661
3416,1,2014,6,23,0,0,2.222088195,3.295994232
3417,1,2014,6,23,0,0,1.261657116,2.285421938
3418,1,2014,6,23,0,0,1.341547283,2.360100687
3419,1,2014,6,23,0,0,2.393962547,3.375434629
3420,1,2014,6,23,0,0,1.3019569,2.361703275
3421,1,2014,6,23,0,0,2.614894164,3.425567629
3422,1,2014,6,23,0,0,0.954175045,2.08343314
3423,1,2014,6,23,0,0,1.465725623,2.507251281
3424,1,2014,6,23,0,0,1.053309051,2.152700091
3425,1,2014,6,23,0,0,1.4748566,2.53016192
3426,1,2014,6,23,0,0,1.87701958,2.866966518
3427,1,2014,6,23,0,0,2.052585406,2.995554914
3428,1,2014,6,23,0,0,1.615208634,2.654948961
3429,1,2014,6,23,0,0,0.734731097,1.958646818
3430,1,2014,6,23,0,0,0.901589306,2.078440081
3431,1,2014,6,23,0,0,1.356196403,2.360100687
3432,1,2014,6,23,0,0,0.344244408,1.73693963
3433,1,2014,6,23,0,0,1.041229169,2.152700091
3434,1,2014,6,23,0,0,2.409713279,3.375434629
3435,1,2014,6,23,0,0,0.12480306,1.880385181
3436,1,2014,6,23,0,0,1.377661801,2.381797055
3437,1,2014,6,23,0,0,1.06364733,2.167783853
3438,1,2014,6,23,0,0,1.738377973,2.716038704
3439,1,2014,6,23,0,0,0.966721431,2.088436452
3440,1,2014,6,23,0,0,0.522962132,1.793877811
3441,1,2014,6,23,0,0,3.01707323,4.004133054
3442,1,2014,6,23,0,0,1.232258094,2.270290488
3443,1,2014,6,23,0,0,1.967956966,2.977167755
3444,1,2014,6,23,0,0,1.268461158,2.307863292
3445,1,2014,6,23,0,0,0.841571098,1.956513443
3446,1,2014,6,23,0,0,1.201558891,2.277347814
3447,1,2014,6,23,0,0,2.319528922,3.34115442
3448,1,2014,6,23,0,0,0.966398008,2.088436452
3449,1,2014,6,23,0,0,1.033061467,2.12684292
3450,1,2014,6,23,0,0,1.939661948,2.977167755
3451,1,2014,6,23,0,0,0.691572302,1.848150487
3452,1,2014,6,23,0,0,1.978790958,2.977167755
3453,1,2014,6,23,0,0,2.900320757,3.756396345
3454,1,2014,6,23,0,0,1.085666309,2.167783853
3455,1,2014,6,23,0,0,1.772529528,2.763033857
3456,1,2011,11,24,3,2,1.832582828,2.678135014
3457,1,2011,11,24,3,2,0.876104888,1.918245208
3458,1,2011,11,24,3,2,1.901627447,2.749466289
3459,1,2013,6,5,2,1,1.628901249,2.656526562
3460,1,2013,3,18,0,12,1.3186505,2.507524783
3461,1,2013,3,18,0,12,0.56170941,1.818564888
3462,1,2013,3,18,0,12,1.817587588,2.920193427
3463,1,2014,12,14,6,9,0.990301,2.240433089
3464,1,2014,12,14,6,9,0.872387128,2.105535068
3465,1,2014,12,14,6,9,0.892624342,2.134420787
3466,1,2012,5,31,3,13,1.191887115,2.212372448
3467,1,2012,5,31,3,13,1.560105947,2.484428067
3468,1,2012,5,31,3,13,1.218654577,2.309858041
3469,1,2012,5,31,3,13,0.682199728,1.848868988
3470,1,2011,1,16,6,18,0.926458977,1.974317461
3471,1,2011,1,16,6,18,0.744521495,1.840127369
3472,1,2009,4,25,5,10,1.37714974,2.31250976
3473,1,2009,4,25,5,10,1.562193435,2.459950584
3474,1,2009,4,25,5,10,1.069900336,2.127089462
3475,1,2009,4,20,0,11,0.783182743,1.850386489
3476,1,2012,7,20,4,6,0.453640807,1.728402543
3477,1,2009,10,22,3,21,1.792569909,2.603689568
3478,1,2009,10,22,3,21,2.088800575,2.981924781
3479,1,2009,10,22,3,21,0.881019996,1.981466055
3480,1,2009,10,22,3,21,0.825883033,1.969098896
3481,1,2009,3,16,0,10,1.651917858,2.503470975
3482,1,2009,7,14,1,12,0.940959542,1.990347114
3483,1,2009,7,14,1,12,1.219365868,2.241692105
3484,1,2009,7,14,1,12,1.522772314,2.433091895
3485,1,2009,7,14,1,12,1.520418226,2.433091895
3486,1,2009,7,14,1,12,1.752489558,2.587843595
3487,1,2009,7,14,1,12,1.44749371,2.419701142
3488,1,2009,7,14,1,12,1.248114081,2.240156958
3489,1,2009,7,14,1,12,0.818026196,1.976755802
3490,1,2014,11,12,2,9,0.765387863,2.01240935
3491,1,2014,11,12,2,9,0.542471294,1.801755568
3492,1,2014,11,12,2,9,0.721442436,1.999655518
3493,1,2014,11,12,2,9,1.8573396,2.899343791
3494,1,2014,11,12,2,9,0.869054944,2.114770633
3495,1,2011,4,10,6,11,1.395401002,2.312133676
3496,1,2011,4,10,6,11,0.101372046,2.085939982
3497,1,2011,4,10,6,11,0.827369032,1.959917492
3498,1,2011,4,10,6,11,1.137169609,2.168355815
3499,1,2011,9,20,1,11,0.539417148,1.736286946
3500,1,2011,9,20,1,11,1.625072724,2.513997777
3501,1,2011,9,20,1,11,1.820448458,2.615674404
3502,1,2010,9,24,4,17,1.016976737,2.074268891
3503,1,2010,2,12,4,13,0.793849826,1.847805558
3504,1,2010,2,12,4,13,1.259302956,2.215301866
3505,1,2010,2,12,4,13,0.967514461,1.998010361
3506,1,2010,2,12,4,13,0.930937324,1.978015417
3507,1,2010,2,12,4,13,1.547150321,2.446820028
3508,1,2011,1,3,0,21,1.275480797,2.240832449
3509,1,2011,1,3,0,21,0.262971638,1.667280825
3510,1,2011,7,26,1,13,0.699027472,1.836546236
3511,1,2011,7,26,1,13,1.147722951,2.198497861
3512,1,2011,7,26,1,13,0.945756554,1.990347114
3513,1,2011,8,18,3,13,1.370983336,2.305025519
3514,1,2011,8,18,3,13,0.774105832,1.896539265
3515,1,2013,6,20,3,19,0.898412234,2.149446508
3516,1,2013,6,20,3,19,0.999048311,2.225532577
3517,1,2013,6,20,3,19,0.580414034,1.837638352
3518,1,2013,6,20,3,19,1.962522376,2.985307142
3519,1,2013,6,20,3,19,1.289703469,2.408969156
3520,1,2013,9,25,2,22,1.503422842,2.561294554
3521,1,2013,9,25,2,22,1.376075415,2.455619878
3522,1,2013,9,25,2,22,1.119615169,2.24172259
3523,1,2013,9,25,2,22,1.64915195,2.724039042
3524,1,2013,9,25,2,22,2.134619516,3.114218832
3525,1,2013,9,25,2,22,1.698991675,2.727282995
3526,1,2013,9,25,2,22,0.896766057,2.129053673
3527,1,2013,9,25,2,22,3.080191827,4.011011459
3528,1,2013,9,25,2,22,0.562121635,1.827018714
3529,1,2013,9,25,2,22,0.495279026,1.756284761
3530,1,2013,9,25,2,22,1.193061637,2.28057011
3531,1,2013,9,25,2,22,0.616633225,1.879053887
3532,1,2013,9,25,2,22,0.630735458,1.879053887
3533,1,2013,9,25,2,22,1.003493571,2.188804325
3534,1,2013,9,25,2,22,1.146414023,2.277200045
3535,1,2013,9,25,2,22,1.060847012,2.22916454
3536,1,2013,9,25,2,22,0.642212612,1.879053887
3537,1,2013,9,25,2,22,0.706542246,2.00453179
3538,1,2013,9,25,2,22,0.680727192,1.879053887
3539,1,2013,9,25,2,22,0.956671655,2.151362679
3540,1,2013,9,25,2,22,1.597949152,2.674207201
3541,1,2013,9,25,2,22,0.872993201,2.099601383
3542,1,2013,9,25,2,22,0.685383803,1.879053887
3543,1,2013,9,25,2,22,1.360723143,2.455619878
3544,1,2013,9,25,2,22,1.33258953,2.448392985
3545,1,2013,9,25,2,22,1.092912268,2.22916454
3546,1,2013,9,25,2,22,2.312550232,3.264407926
3547,1,2013,9,25,2,22,1.50890814,2.595032866
3548,1,2013,9,25,2,22,1.263402578,2.343848021
3549,1,2013,9,25,2,22,1.142076207,2.277200045
3550,1,2013,9,25,2,22,1.00110669,2.188804325
3551,1,2013,9,25,2,22,3.029037215,4.011011459
3552,1,2013,9,25,2,22,1.449370402,2.494899257
3553,1,2013,9,25,2,22,0.801832403,2.031169503
3554,1,2013,9,25,2,22,1.471772284,2.534232185
3555,1,2013,9,25,2,22,1.078299507,2.22916454
3556,1,2013,9,25,2,22,1.949271596,2.978004662
3557,1,2013,9,25,2,22,1.35367024,2.448392985
3558,1,2013,9,25,2,22,1.977292669,2.978004662
3559,1,2013,9,25,2,22,2.104573899,3.03634736
3560,1,2013,9,25,2,22,0.948428297,2.151362679
3561,1,2013,9,25,2,22,2.547276152,3.49654665
3562,1,2013,9,25,2,22,0.702881979,1.919706806
3563,1,2013,9,25,2,22,0.801110493,2.031169503
3564,1,2013,9,25,2,22,0.991524477,2.18710055
3565,1,2013,9,25,2,22,1.221528958,2.293164876
3566,1,2013,9,25,2,22,1.915376204,2.948269209
3567,1,2013,9,25,2,22,1.116380894,2.230176542
3568,1,2013,9,25,2,22,2.00763896,2.988251993
3569,1,2013,9,25,2,22,3.362572017,4.011011459
3570,1,2013,9,25,2,22,2.117684607,3.056766658
3571,1,2013,9,25,2,22,0.948928612,2.151362679
3572,1,2013,9,25,2,22,2.55302063,3.49654665
3573,1,2013,9,25,2,22,1.056645094,2.218476198
3574,1,2013,9,25,2,22,1.117160571,2.230176542
3575,1,2013,9,25,2,22,0.974364231,2.149753068
3576,1,2013,9,25,2,22,1.605760883,2.704287124
3577,1,2013,9,25,2,22,1.297796784,2.433666468
3578,1,2013,9,25,2,22,1.623624823,2.724039042
3579,1,2013,9,25,2,22,1.184323186,2.319041865
3580,1,2013,9,25,2,22,2.032664865,2.995428241
3581,1,2013,9,25,2,22,1.433324128,2.510880697
3582,1,2013,9,25,2,22,2.145989946,3.142304624
3583,1,2013,9,25,2,22,1.646397552,2.724039042
3584,1,2013,9,25,2,22,0.807265393,2.031840711
3585,1,2013,9,25,2,22,2.321785915,3.264407926
3586,1,2013,9,25,2,22,0.869810357,2.099601383
3587,1,2013,9,25,2,22,1.564966521,2.675332389
3588,1,2013,9,25,2,22,1.143726678,2.277200045
3589,1,2013,9,25,2,22,2.06648013,3.056139328
3590,1,2013,9,25,2,22,0.999064596,2.188804325
3591,1,2013,9,25,2,22,0.953598478,2.151362679
3592,1,2013,9,25,2,22,1.297959274,2.433666468
3593,1,2013,9,25,2,22,1.598434813,2.674207201
3594,1,2013,9,25,2,22,1.564309466,2.675332389
3595,1,2013,9,25,2,22,0.898830978,2.129053673
3596,1,2013,9,25,2,22,1.004454842,2.188804325
3597,1,2013,9,25,2,22,1.826681188,2.875323185
3598,1,2013,9,25,2,22,2.254537187,3.249395132
3599,1,2013,9,25,2,22,1.802700889,2.858255102
3600,1,2013,9,25,2,22,3.001349304,4.011011459
3601,1,2013,9,25,2,22,1.09095354,2.22916454
3602,1,2013,9,25,2,22,2.481566157,3.49654665
3603,1,2013,9,25,2,22,0.951882825,2.151362679
3604,1,2013,9,25,2,22,0.859930794,2.099601383
3605,1,2013,9,25,2,22,1.29991962,2.433666468
3606,1,2013,9,25,2,22,2.165761164,3.272582907
3607,1,2013,9,25,2,22,1.760220547,2.82865423
3608,1,2013,9,25,2,22,1.340952565,2.448392985
3609,1,2013,9,25,2,22,0.671380513,1.879053887
3610,1,2013,9,25,2,22,1.128864467,2.257090996
3611,1,2013,9,25,2,22,2.168515382,3.240288873
3612,1,2013,9,25,2,22,1.888086031,2.907742553
3613,1,2013,9,25,2,22,1.082624895,2.22916454
3614,1,2013,9,25,2,22,0.791380348,2.031169503
3615,1,2013,9,25,2,22,1.915123835,2.948269209
3616,1,2013,9,25,2,22,0.60716025,1.879053887
3617,1,2013,9,25,2,22,2.989381509,3.996023059
3618,1,2013,9,25,2,22,1.390056543,2.455619878
3619,1,2013,9,25,2,22,0.726394418,2.01024554
3620,1,2013,9,25,2,22,1.422115678,2.504427363
3621,1,2013,9,25,2,22,1.09783471,2.22916454
3622,1,2013,9,25,2,22,1.085889132,2.22916454
3623,1,2013,9,25,2,22,0.503588894,1.771243421
3624,1,2013,9,25,2,22,1.116822612,2.230176542
3625,1,2013,9,25,2,22,1.331053802,2.448392985
3626,1,2013,9,25,2,22,1.104528026,2.22916454
3627,1,2013,9,25,2,22,1.306745728,2.443110725
3628,1,2013,9,25,2,22,1.011681856,2.194317338
3629,1,2013,9,25,2,22,0.777334575,2.031169503
3630,1,2013,9,25,2,22,1.5225292,2.595032866
3631,1,2013,9,25,2,22,1.384845705,2.455619878
3632,1,2013,9,25,2,22,1.122667489,2.24172259
3633,1,2013,9,25,2,22,1.423316454,2.504427363
3634,1,2013,9,25,2,22,3.052536946,4.011011459
3635,1,2013,9,25,2,22,1.916957263,2.948269209
3636,1,2013,9,25,2,22,1.638274615,2.724039042
3637,1,2013,9,25,2,22,2.163392811,3.272582907
3638,1,2013,9,25,2,22,0.932134529,2.138170819
3639,1,2013,9,25,2,22,1.484798374,2.534232185
3640,1,2013,9,25,2,22,1.287312775,2.402587395
3641,1,2013,9,25,2,22,2.04405204,2.995428241
3642,1,2013,9,25,2,22,1.242250292,2.298429392
3643,1,2013,9,25,2,22,0.900129634,2.129053673
3644,1,2013,9,25,2,22,1.959153958,2.978004662
3645,1,2013,9,25,2,22,1.084757766,2.22916454
3646,1,2013,9,25,2,22,1.552216498,2.618375772
3647,1,2013,9,25,2,22,1.075772115,2.22916454
3648,1,2013,9,25,2,22,1.548735492,2.616313402
3649,1,2013,9,25,2,22,0.541620424,1.801755568
3650,1,2013,9,25,2,22,1.549325742,2.616313402
3651,1,2013,9,25,2,22,1.336287916,2.448392985
3652,1,2013,9,25,2,22,2.607348702,3.518855854
3653,1,2013,9,25,2,22,1.989224528,2.985633396
3654,1,2013,9,25,2,22,0.919370538,2.138170819
3655,1,2013,9,25,2,22,1.872663191,2.885333932
3656,1,2013,9,25,2,22,0.029851239,3.146926773
3657,1,2013,9,25,2,22,0.894471568,2.116014388
3658,1,2013,9,25,2,22,1.007741508,2.188804325
3659,1,2013,9,25,2,22,1.056539417,2.218476198
3660,1,2013,9,25,2,22,1.396151536,2.46882487
3661,1,2013,9,25,2,22,0.659504748,1.879053887
3662,1,2013,9,25,2,22,1.97570189,2.978004662
3663,1,2013,9,25,2,22,1.142372985,2.277200045
3664,1,2013,9,25,2,22,1.540105164,2.601262928
3665,1,2013,9,25,2,22,1.385048662,2.455619878
3666,1,2013,9,25,2,22,1.007961481,2.188804325
3667,1,2013,9,25,2,22,1.357880813,2.453028451
3668,1,2013,9,25,2,22,0.67954754,1.879053887
3669,1,2013,9,25,2,22,0.874472543,2.099601383
3670,1,2009,1,15,3,2,0.196906197,1.701439642
3671,1,2011,7,6,2,18,1.422428897,2.389888082
3672,1,2011,7,6,2,18,0.748632596,1.886536059
3673,1,2011,7,6,2,18,0.883636332,1.981466055
3674,1,2011,9,8,3,1,2.718446239,3.51368094
3675,1,2014,7,11,4,12,0.58782437,1.849974593
3676,1,2010,11,4,3,5,0.44935128,1.673961148
3677,1,2009,10,4,6,10,1.070131838,2.144271815
3678,1,2009,10,4,6,10,0.58702189,1.81570368
3679,1,2009,10,4,6,10,0.482983157,1.67504554
3680,1,2009,10,4,6,10,0.479908521,1.67504554
3681,1,2013,2,28,3,12,0.976413704,2.185293766
3682,1,2013,2,28,3,12,1.070067515,2.30230796
3683,1,2013,2,28,3,12,1.03771691,2.291437938
3684,1,2013,2,28,3,12,0.478500312,1.74926891
3685,1,2013,8,3,5,7,2.318496039,3.376156695
3686,1,2015,1,26,0,23,1.327443548,2.448392985
3687,1,2012,10,31,2,11,1.231721579,2.341818976
3688,1,2012,10,31,2,11,1.917523057,2.824528661
3689,1,2011,12,23,4,23,1.39799953,2.417238352
3690,1,2015,1,29,3,11,0.659427293,1.894234809
3691,1,2015,1,29,3,11,0.953829136,2.170472855
3692,1,2014,1,31,4,11,1.98903878,2.918632026
3693,1,2014,1,31,4,11,1.28085173,2.470181936
3694,1,2014,1,31,4,11,1.166057243,2.345940882
3695,1,2014,1,31,4,11,0.864645398,2.119994218
3696,1,2014,1,31,4,11,0.98478786,2.223665916
3697,1,2015,2,20,4,11,0.527031594,1.801755568
3698,1,2015,2,20,4,11,1.461892207,2.620911077
3699,1,2015,2,20,4,11,1.154087104,2.345940882
3700,1,2015,2,20,4,11,0.950968555,2.170472855
3701,1,2015,2,20,4,11,0.466735732,1.74926891
3702,1,2014,8,31,6,4,1.142649696,2.220563379
3703,1,2014,8,1,4,18,0.903184995,2.17515109
3704,1,2014,8,1,4,18,0.770391536,2.017632935
3705,1,2009,5,16,5,14,0.808226853,1.916576526
3706,1,2009,5,16,5,14,0.864706784,1.976791264
3707,1,2009,12,17,3,6,1.228355208,2.23860323
3708,1,2009,12,17,3,6,0.336564998,1.667291355
3709,1,2009,12,17,3,6,1.173338154,2.142802315
3710,1,2010,2,23,1,17,0.685574762,1.820293293
3711,1,2010,2,23,1,17,0.546826023,1.723261153
3712,1,2012,7,30,0,16,1.055064847,2.166208174
3713,1,2012,7,30,0,16,1.596712736,2.487568804
3714,1,2012,7,30,0,16,1.14158295,2.233102061
3715,1,2012,7,30,0,16,0.825871998,2.000016928
3716,1,2012,7,30,0,16,1.611632333,2.521423148
3717,1,2013,8,26,0,11,1.838064057,2.914277914
3718,1,2013,8,26,0,11,0.823532473,2.031840711
3719,1,2013,8,26,0,11,2.634339842,3.558572971
3720,1,2013,3,6,2,23,0.826556753,2.025598109
3721,1,2013,3,6,2,23,0.978059624,2.197490791
3722,1,2013,3,6,2,23,1.029238671,2.233238737
3723,1,2013,3,6,2,23,0.605590595,1.861364963
3724,1,2013,3,6,2,23,1.725783179,2.808399513
3725,1,2013,3,6,2,23,1.291927499,2.415362188
3726,1,2010,10,30,5,13,1.031945401,2.078973062
3727,1,2010,10,30,5,13,0.682397203,1.823850181
3728,1,2010,10,30,5,13,0.340232469,1.674035232
3729,1,2010,10,30,5,13,0.832506543,1.970617983
3730,1,2012,3,25,6,16,0.658926599,1.848868988
3731,1,2012,3,25,6,16,1.063453712,2.159363202
3732,1,2013,10,17,3,22,1.444549121,2.494899257
3733,1,2013,10,17,3,22,1.611762745,2.709493559
3734,1,2013,10,17,3,22,1.743861079,2.818430153
3735,1,2013,10,17,3,22,0.980854037,2.209855283
3736,1,2010,9,15,2,16,1.710860916,2.581157206
3737,1,2010,9,15,2,16,1.702906119,2.581157206
3738,1,2010,9,15,2,16,0.88756538,1.985425006
3739,1,2014,5,9,4,0,1.516312448,2.585209674
3740,1,2014,5,9,4,0,2.901842662,3.756396345
3741,1,2014,5,9,4,0,1.804366794,2.805603251
3742,1,2010,12,11,5,17,0.684134128,1.816969227
3743,1,2010,6,14,0,5,1.654877422,2.53114519
3744,1,2012,3,5,0,13,1.244103472,2.332166792
3745,1,2012,3,5,0,13,0.903312565,2.025581351
3746,1,2011,3,3,3,7,1.441200417,2.363722118
3747,1,2011,3,3,3,7,1.397529378,2.345300971
3748,1,2010,7,1,3,22,1.355464041,2.261562208
3749,1,2010,7,1,3,22,1.111455428,2.152106255
3750,1,2010,7,1,3,22,0.760117727,1.899643442
3751,1,2012,1,7,5,21,1.349619222,2.330847409
3752,1,2010,8,22,6,12,0.719442123,1.870675628
3753,1,2010,8,22,6,12,0.777020334,1.875745083
3754,1,2012,5,26,5,0,2.236824686,3.25737226
3755,1,2011,12,16,4,9,1.5476956,2.444510096
3756,1,2012,1,26,3,20,1.541603415,2.456982915
3757,1,2012,1,26,3,20,1.391762123,2.34066723
3758,1,2012,1,26,3,20,1.06694392,2.151679728
3759,1,2012,1,26,3,20,1.103495875,2.156237114
3760,1,2010,2,3,2,11,0.766418739,1.843940171
3761,1,2010,2,3,2,11,1.215451372,2.215455168
3762,1,2014,10,7,1,11,2.537121494,3.541878802
3763,1,2014,10,7,1,11,0.634806816,1.861364963
3764,1,2014,10,7,1,11,1.609941896,2.7517851
3765,1,2014,10,7,1,11,0.71636495,2.000628476
3766,1,2014,10,7,1,11,0.920310662,2.165812783
3767,1,2014,10,7,1,11,1.019440815,2.295446626
3768,1,2013,5,6,0,23,1.389774883,2.455619878
3769,1,2015,6,13,5,19,1.136489107,2.329295776
3770,1,2015,6,13,5,19,1.383629897,2.455339266
3771,1,2015,6,13,5,19,1.995990864,2.98770766
3772,1,2015,6,13,5,19,1.681174752,2.722909218
3773,1,2015,6,13,5,19,0.529465572,1.801755568
3774,1,2011,6,29,2,0,0.694398801,1.813819415
3775,1,2011,6,29,2,0,0.707964591,1.84580138
3776,1,2011,6,29,2,0,1.73952447,2.589327173
3777,1,2009,11,28,5,13,1.080238294,2.133389021
3778,1,2009,11,28,5,13,0.404369345,1.67539763
3779,1,2010,5,2,6,12,1.218471229,2.215455168
3780,1,2009,10,12,0,14,0.89268529,1.989122961
3781,1,2015,1,13,1,12,0.883371855,2.12628378
3782,1,2015,1,13,1,12,1.214737438,2.39413478
3783,1,2015,1,13,1,12,1.602074199,2.746627613
3784,1,2015,1,13,1,12,0.330167756,1.742599117
3785,1,2015,1,13,1,12,1.031805765,2.287352271
3786,1,2015,3,4,2,21,1.091001607,2.261040757
3787,1,2015,3,4,2,21,0.764287236,2.017632935
3788,1,2015,3,4,2,21,0.897728901,2.129053673
3789,1,2015,3,4,2,21,1.666114781,2.717232825
3790,1,2015,3,4,2,21,1.127796932,2.277123097
3791,1,2015,3,4,2,21,2.138399127,3.098300077
3792,1,2015,3,4,2,21,0.589004582,1.854935524
3793,1,2015,3,4,2,21,1.428518159,2.498947012
3794,1,2015,3,4,2,21,0.597296556,1.854935524
3795,1,2012,1,31,1,9,1.007293857,2.04110859
3796,1,2012,1,31,1,9,1.231613649,2.29900723
3797,1,2012,1,31,1,9,1.426323528,2.434764335
3798,1,2012,1,31,1,9,0.657680316,1.8453121
3800,1,2011,3,22,1,12,1.810980065,2.597402656
3801,1,2011,3,22,1,12,0.672053434,1.826564677
3802,1,2011,3,22,1,12,0.995877585,2.02279343
3803,1,2014,10,5,6,17,0.803943191,2.02472223
3804,1,2013,7,5,4,0,1.111776632,2.166574125
3805,1,2013,7,5,4,0,1.98962327,2.992777902
3806,1,2010,9,28,1,21,0.483935398,1.680705026
3807,1,2010,9,28,1,21,2.27688814,3.171215552
3808,1,2010,9,28,1,21,0.999314175,2.044839707
3809,1,2010,9,28,1,21,1.783413456,2.597425167
3810,1,2010,9,28,1,21,0.466262105,1.680705026
3811,1,2012,5,25,4,9,0.491448776,1.728402543
3812,1,2012,5,25,4,9,0.800430004,1.86141449
3813,1,2012,5,25,4,9,0.738979085,1.861105991
3814,1,2010,1,30,5,0,1.278252217,2.228639778
3815,1,2010,1,30,5,0,0.929169919,1.927508985
3816,1,2009,10,16,4,16,0.812282036,1.932461775
3817,1,2009,10,16,4,16,0.868622898,1.985425006
3818,1,2009,10,16,4,16,0.612797515,1.810793985
3819,1,2012,4,2,0,8,0.815602828,2.117342411
3820,1,2012,4,2,0,8,0.763216043,1.847440359
3821,1,2009,9,4,4,6,0.797598962,1.873801629
3822,1,2012,8,29,2,9,1.214463921,2.319736843
3823,1,2012,8,29,2,9,1.325500659,2.351932211
3824,1,2011,3,13,6,5,1.673676465,2.544613304
3825,1,2010,10,22,4,0,0.794332536,1.873801629
3826,1,2010,9,12,6,22,1.719836116,2.573041277
3827,1,2014,9,13,5,4,2.076179113,3.011937343
3828,1,2014,9,13,5,4,1.675700466,2.68009055
3829,1,2010,8,17,1,7,1.314895283,2.296033296
3830,1,2010,8,17,1,7,0.412872466,1.660184856
3831,1,2010,8,17,1,7,1.309942491,2.28457398
3832,1,2011,3,6,6,23,1.405906473,2.363344179
3833,1,2014,6,19,3,8,0.63351591,1.861299381
3834,1,2014,6,19,3,8,0.636784146,1.861299381
3835,1,2014,6,19,3,8,1.665468043,2.704097757
3836,1,2014,6,19,3,8,1.255233689,2.405549764
3837,1,2014,6,19,3,8,0.706476917,1.994429637
3838,1,2014,6,19,3,8,0.46746762,1.743609424
3839,1,2015,2,26,3,23,0.607358782,1.876367484
3840,1,2015,2,26,3,23,0.977206588,2.166065342
3841,1,2015,2,26,3,23,1.979606282,2.949692745
3842,1,2015,2,26,3,23,0.685009205,1.876367484
3843,1,2015,2,26,3,23,1.162631037,2.251004637
3844,1,2015,2,26,3,23,2.02708432,2.995006636
3845,1,2015,2,26,3,23,2.179824241,3.187865761
3846,1,2015,2,26,3,23,0.45483706,1.756284761
3847,1,2013,10,9,2,15,1.00345836,2.255018214
3848,1,2013,10,9,2,15,0.509981049,1.786176808
3849,1,2013,10,9,2,15,2.095902794,3.076078098
3850,1,2011,9,1,3,9,0.905470554,1.986215674
3851,1,2011,9,1,3,9,1.590299282,2.433121739
3852,1,2011,9,1,3,9,0.714687901,1.891232753
3853,1,2011,9,1,3,9,1.553299921,2.439771933
3854,1,2011,11,28,0,14,1.369813205,2.308616859
3855,1,2011,11,28,0,14,0.900973316,1.986215674
3856,1,2010,9,28,1,0,2.162764784,3.023836637
3857,1,2010,9,28,1,0,1.634103685,2.509810961
3858,1,2010,9,28,1,0,0.808952608,1.883052452
3859,1,2013,8,30,4,11,1.737430077,2.836007851
3860,1,2013,8,30,4,11,1.543167231,2.686776919
3861,1,2013,9,19,3,21,0.545849483,1.801755568
3862,1,2013,9,19,3,21,0.782026184,2.031169503
3863,1,2012,7,1,6,22,0.896062481,2.041562637
3864,1,2013,1,19,5,8,1.0749415,2.290121046
3865,1,2011,7,2,5,0,1.065330594,2.192474724
3866,1,2011,7,2,5,0,1.229380324,2.198063883
3867,1,2014,2,8,5,17,1.651235541,2.721397628
3868,1,2010,1,13,2,1,0.773535628,1.850386489
3869,1,2014,1,5,6,12,1.281280606,2.458335363
3870,1,2014,1,5,6,12,1.369902564,2.508356324
3871,1,2014,1,5,6,12,0.860888764,2.110758653
3872,1,2014,1,5,6,12,1.043745569,2.286116909
3873,1,2014,1,5,6,12,0.51539909,1.803905471
3874,1,2014,1,5,6,12,2.585911818,3.541298333
3875,1,2011,2,4,4,9,1.454023253,2.390451412
3876,1,2011,2,4,4,9,1.348075943,2.296769407
3877,1,2011,2,4,4,9,0.737273936,1.850997247
3878,1,2011,2,4,4,9,0.770565698,1.850997247
3879,1,2012,3,8,3,12,0.829136896,1.993014393
3880,1,2012,3,8,3,12,1.80029097,2.604644962
3881,1,2012,3,8,3,12,1.101456456,2.174973119
3882,1,2012,3,8,3,12,1.802364819,2.604644962
3883,1,2009,7,31,4,18,0.777922946,1.880537989
3884,1,2009,7,10,4,20,0.481155875,1.673950618
3885,1,2009,7,10,4,20,0.219691158,1.715205404
3886,1,2010,11,5,4,14,1.814792498,2.612072724
3887,1,2010,11,5,4,14,0.636383962,1.814650443
3888,1,2010,11,5,4,14,1.66040216,2.571314433
3889,1,2010,11,5,4,14,2.565077735,3.341162184
3890,1,2010,3,9,1,8,1.017417198,2.06521941
3891,1,2010,3,9,1,8,0.928211447,1.978015417
3892,1,2010,3,9,1,8,0.408101171,1.668291132
3893,1,2010,8,21,5,21,0.803464436,1.897636559
3894,1,2011,7,27,2,9,0.829554599,1.976755802
3895,1,2011,7,27,2,9,0.517897682,1.715705173
3896,1,2011,7,27,2,9,1.63543505,2.507296462
3897,1,2011,7,27,2,9,1.10617892,2.127819235
3898,1,2011,7,27,2,9,0.326461754,1.661621338
3899,1,2010,10,9,5,17,0.901316426,1.982517719
3900,1,2014,1,16,3,23,1.651656937,2.703125166
3901,1,2009,9,25,4,15,2.508086147,3.406254025
3902,1,2009,9,25,4,15,0.607141469,1.81767494
3903,1,2009,9,25,4,15,0.747654748,1.88022949
3904,1,2009,9,25,4,15,1.192158358,2.201676187
3905,1,2009,12,13,6,20,1.201302586,2.218572928
3906,1,2009,12,13,6,20,1.360615979,2.322835687
3907,1,2009,12,13,6,20,1.235371967,2.234108452
3908,1,2009,12,13,6,20,1.056226334,2.103400656
3909,1,2010,5,26,2,21,1.216661844,2.190435644
3910,1,2010,5,26,2,21,1.728635071,2.597395759
3911,1,2010,5,26,2,21,0.500453829,1.681670777
3912,1,2010,5,26,2,21,1.463591863,2.396723802
3913,1,2010,5,26,2,21,0.946866366,1.974317461
3914,1,2010,5,3,0,8,0.867203389,1.976791264
3915,1,2010,5,3,0,8,0.741918524,1.847685646
3916,1,2010,5,3,0,8,1.067128579,2.144593042
3917,1,2010,5,3,0,8,1.114371228,2.140832616
3918,1,2009,6,22,0,8,1.992869978,2.755044741
3919,1,2009,6,22,0,8,1.287218653,2.264571114
3920,1,2009,1,20,1,17,0.930818075,1.974317461
3921,1,2009,1,20,1,17,0.442039128,1.673950618
3922,1,2009,1,20,1,17,1.028894937,2.051335098
3923,1,2009,1,20,1,17,0.631739953,1.811027973
3924,1,2009,1,20,1,17,2.74014105,3.358263055
3925,1,2013,2,4,0,16,1.610028855,2.715717896
3926,1,2013,2,4,0,16,0.992258595,2.220194445
3927,1,2009,7,22,2,9,0.569550198,1.748868262
3928,1,2009,7,22,2,9,0.904054342,1.986215674
3929,1,2009,7,22,2,9,0.723934367,1.876672602
3930,1,2013,7,17,2,6,1.967564444,2.993183331
3931,1,2011,1,24,0,20,1.048536839,2.078443685
3932,1,2011,1,24,0,20,1.06381693,2.116607353
3933,1,2011,1,24,0,20,0.52949048,1.729532538
3934,1,2012,4,25,2,17,2.09117899,2.941507392
3935,1,2012,4,25,2,17,0.543329427,1.781428605
3936,1,2012,4,25,2,17,1.290574202,2.322666027
3937,1,2012,4,25,2,17,1.722820723,2.597838974
3938,1,2010,1,23,5,14,0.983270281,2.020088858
3939,1,2010,1,23,5,14,0.871921329,1.976791264
3940,1,2012,3,7,2,1,1.31591756,2.301102013
3941,1,2012,3,7,2,1,1.81702617,2.627691376
3942,1,2012,6,2,5,1,0.484570708,1.752773183
3943,1,2012,6,2,5,1,2.959749428,3.956488489
3944,1,2011,2,18,4,20,0.770584641,1.850997247
3945,1,2011,2,18,4,20,1.671322642,2.562512934
3946,1,2011,2,18,4,20,0.476537147,1.673950618
3947,1,2010,11,3,2,17,0.5394687,1.730015561
3948,1,2011,10,20,3,13,1.439963127,2.422098201
3949,1,2011,10,20,3,13,2.962429904,3.972729826
3950,1,2013,11,29,4,15,0.847664757,2.175695738
3951,1,2013,11,29,4,15,1.368676634,2.516013476
3952,1,2015,6,24,2,7,0.090452819,1.901778353
3953,1,2015,6,24,2,7,2.867622148,3.784242963
3954,1,2015,6,24,2,7,0.552847396,1.801755568
3955,1,2015,6,24,2,7,1.769746322,2.851716391
3956,1,2015,6,24,2,7,0.386147437,1.73693963
3957,1,2010,3,27,5,11,0.803741022,1.849749395
3958,1,2010,3,27,5,11,0.691849823,1.823850181
3959,1,2010,3,27,5,11,0.553951736,1.723261153
3960,1,2014,6,9,0,11,0.588398994,1.853831051
3961,1,2014,6,9,0,11,1.321119728,2.507524783
3962,1,2014,6,9,0,11,0.921729708,2.153441635
3963,1,2014,6,9,0,11,0.355182817,1.742599117
3964,1,2014,6,9,0,11,1.041584181,2.320374661
3965,1,2012,8,8,2,9,0.658313291,1.837624654
3966,1,2012,8,8,2,9,0.480383145,1.728402543
3967,1,2012,8,8,2,9,1.112143981,2.179999527
3968,1,2014,10,28,1,12,1.786344629,2.909542889
3969,1,2014,10,28,1,12,1.019041628,2.273716373
3970,1,2014,10,28,1,12,1.180797574,2.351358044
3971,1,2014,10,28,1,12,0.980355754,2.223665916
3972,1,2014,10,28,1,12,0.545210747,1.801755568
3973,1,2013,4,4,3,2,2.097653502,3.039112049
3974,1,2011,7,11,0,20,1.67177765,2.554144262
3975,1,2011,7,11,0,20,0.904000364,1.982517719
3976,1,2013,2,23,5,14,1.623313793,2.715541154
3977,1,2010,1,30,5,18,1.117204803,2.117192586
3978,1,2010,1,30,5,18,1.669864259,2.575155417
3979,1,2010,1,30,5,18,0.601774249,1.805213603
3980,1,2010,1,30,5,18,1.952729453,2.777150395
3981,1,2010,1,30,5,18,0.833539031,1.952260586
3982,1,2013,10,7,0,11,1.198177031,2.342728088
3983,1,2013,10,7,0,11,0.788252927,2.025803065
3984,1,2013,10,7,0,11,0.978879428,2.214918329
3985,1,2012,10,8,0,12,0.816407279,2.003714884
3986,1,2014,8,22,4,6,1.123215583,2.201274072
3987,1,2014,8,22,4,6,0.653002336,1.853956232
3988,1,2014,4,26,5,22,1.533077478,2.601262928
3989,1,2010,5,13,3,8,2.223822894,3.146866995
3990,1,2010,5,13,3,8,0.769005165,1.851242534
3991,1,2010,5,13,3,8,1.935501633,2.77581023
3992,1,2010,5,13,3,8,1.317519881,2.291908658
3993,1,2014,6,22,6,14,0.489809011,1.756284761
3994,1,2014,6,22,6,14,0.619630473,1.874390936
3995,1,2013,1,22,1,14,0.620170306,1.874390936
3996,1,2013,1,22,1,14,1.11723757,2.309701723
3997,1,2013,1,22,1,14,1.322170454,2.507524783
3998,1,2013,1,22,1,14,2.98143974,3.987016855
3999,1,2010,10,8,4,11,0.966971332,2.010414482
4000,1,2010,10,8,4,11,0.680889162,1.820825685
4001,1,2015,3,14,5,2,0.171105325,1.80714219
4002,1,2015,3,14,5,2,2.22842745,3.307918994
4003,1,2015,3,14,5,2,2.02810742,2.988481823
4004,1,2015,3,14,5,2,2.162235133,3.171488079
4005,1,2014,9,20,5,0,1.417291186,2.400964428
4006,1,2014,9,25,3,20,1.834699079,2.885431034
4007,1,2014,9,25,3,20,1.961221804,2.978004662
4008,1,2014,9,25,3,20,0.826284292,2.031840711
4009,1,2014,9,25,3,20,0.982707964,2.185727826
4010,1,2014,9,25,3,20,0.689150656,1.879053887
4011,1,2014,9,25,3,20,1.603260663,2.715150831
4012,1,2013,8,20,1,9,1.094403549,2.30230796
4013,1,2012,1,19,3,0,1.696623164,2.5510745
4014,1,2009,12,23,2,9,1.968753579,2.823005829
4015,1,2009,12,23,2,9,1.495109859,2.451321885
4016,1,2009,12,23,2,9,1.759417047,2.595028833
4017,1,2012,12,15,5,6,1.743185867,2.668046488
4018,1,2012,12,15,5,6,3.124040285,3.987205286
4019,1,2012,12,15,5,6,0.670805351,1.825162573
4020,1,2013,9,30,0,7,1.270217117,2.426714591
4021,1,2014,6,10,1,11,0.971605152,2.191099751
4022,1,2014,6,10,1,11,1.338176186,2.507524783
4023,1,2015,5,30,5,5,0.034606633,2.273135031
4024,1,2015,5,30,5,5,1.907076663,2.918155676
4025,1,2014,4,15,1,8,0.788873786,2.007574788
4026,1,2014,4,15,1,8,1.320625277,2.507524783
4027,1,2012,9,4,1,21,0.999683516,2.084452486
4028,1,2012,6,23,5,19,1.111958556,2.169405934
4029,1,2014,9,23,1,18,1.084092641,2.315266951
4030,1,2014,9,23,1,18,1.004461997,2.251394652
4031,1,2011,6,30,3,21,1.282272355,2.234245506
4032,1,2011,6,30,3,21,1.085459179,2.132285608
4033,1,2011,6,30,3,21,1.047772763,2.082783762
4034,1,2011,6,30,3,21,1.32553848,2.26741569
4035,1,2011,6,30,3,21,0.608664434,1.823946324
4036,1,2011,6,30,3,21,1.066358076,2.137318225
4037,1,2013,4,9,1,8,0.567812848,1.818564888
4038,1,2013,2,14,3,3,0.977323622,2.104352144
4039,1,2009,2,23,0,21,1.35172294,2.272702752
4040,1,2009,2,23,0,21,0.569861479,1.748868262
4041,1,2009,2,23,0,21,1.045625893,2.040540059
4042,1,2013,4,5,4,20,1.716826562,2.828267427
4043,1,2013,4,5,4,20,1.385315489,2.455619878
4044,1,2013,4,5,4,20,1.797069683,2.889583346
4045,1,2013,3,11,0,6,1.270840562,2.325205374
4046,1,2012,1,5,3,5,1.244853474,2.209035431
4047,1,2009,5,11,0,10,1.97412174,2.735625217
4048,1,2014,2,22,5,2,1.803258475,2.806819419
4049,1,2014,2,22,5,2,1.170555988,2.26540377
4050,1,2014,2,22,5,2,0.129389822,2.003310513
4051,1,2014,2,22,5,2,1.593973935,2.649775464
4052,1,2014,2,22,5,2,1.571321179,2.645010692
4053,1,2013,7,25,3,1,1.916101883,2.938230283
4054,1,2013,7,25,3,1,1.449423752,2.406910878
4055,1,2013,10,15,1,8,0.65495282,1.857508505
4056,1,2014,8,26,1,23,1.32560487,2.448392985
4057,1,2014,8,26,1,23,1.868552492,2.885333932
4058,1,2014,8,26,1,23,1.018338866,2.203008004
4059,1,2009,8,28,4,23,1.326665683,2.269131839
4060,1,2009,8,28,4,23,0.923252046,1.986649159
4061,1,2009,8,28,4,23,0.628244831,1.81767494
4062,1,2009,8,28,4,23,3.07316819,3.907757791
4063,1,2009,8,7,4,7,1.667058284,2.562109261
4064,1,2009,8,7,4,7,1.814933051,2.606302573
4065,1,2009,8,7,4,7,1.393263452,2.308746562
4066,1,2013,11,11,0,13,3.052649478,4.017600135
4067,1,2013,11,11,0,13,1.302302,2.494865984
4068,1,2013,11,11,0,13,1.90261846,3.000845189
4069,1,2013,11,11,0,13,0.769840082,2.017632935
4070,1,2013,11,11,0,13,0.971468193,2.15576969
4071,1,2013,11,11,0,13,1.134899872,2.339358023
4072,1,2012,8,11,5,19,1.124603911,2.199208085
4073,1,2012,8,11,5,19,0.6900572,1.837325084
4074,1,2012,8,11,5,19,1.148543243,2.228643869
4075,1,2012,8,11,5,19,1.365537447,2.366531477
4076,1,2011,6,29,2,6,2.612875169,3.395858897
4077,1,2014,10,19,6,15,2.162850333,3.222006609
4078,1,2014,12,16,1,13,0.95856427,2.170472855
4079,1,2014,12,16,1,13,1.112554798,2.331063003
4080,1,2010,6,11,4,13,4.615081312,1.836936148
4081,1,2010,6,11,4,13,0.79211851,1.85728839
4082,1,2010,6,11,4,13,1.159810045,2.201676187
4083,1,2012,12,9,6,22,1.714104647,2.636420642
4084,1,2012,12,9,6,22,1.665352468,2.638183634
4085,1,2010,6,21,0,20,2.098306184,2.933440517
4086,1,2011,5,11,2,19,1.616496417,2.491684908
4087,1,2013,6,17,0,6,0.405041888,1.73693963
4088,1,2009,7,29,2,7,0.734911704,1.869936243
4089,1,2009,7,29,2,7,1.986188039,2.802179833
4090,1,2009,7,29,2,7,0.678000174,1.804072334
4091,1,2009,7,29,2,7,0.584783477,1.802507217
4092,1,2014,8,8,4,0,1.306007911,2.367890935
4093,1,2014,8,8,4,0,1.750063532,2.75320688
4094,1,2014,8,8,4,0,1.482476494,2.53016192
4095,1,2009,2,19,3,9,1.463565546,2.412663568
4096,1,2013,9,12,3,12,0.617209571,1.857508505
4097,1,2013,9,12,3,12,1.580263932,2.689939292
4098,1,2013,9,12,3,12,2.688315772,3.635187535
4099,1,2013,9,12,3,12,1.007666946,2.255018214
4100,1,2011,6,26,6,3,2.199163803,2.957131916
4101,1,2013,9,28,5,9,1.20042561,2.351246651
4102,1,2013,9,28,5,9,0.894006513,2.143656352
4103,1,2010,4,20,1,7,1.363071752,2.292773482
4104,1,2010,4,20,1,7,0.68257949,1.800982256
4105,1,2011,4,16,5,6,0.951050183,1.935486655
4106,1,2011,9,18,6,18,0.992596073,2.045531032
4107,1,2011,9,18,6,18,2.437125953,3.267078915
4108,1,2014,3,4,1,16,1.689419192,2.717607499
4109,1,2014,3,4,1,16,0.918696141,2.165812783
4110,1,2013,8,3,5,15,0.734272774,1.997916255
4111,1,2012,6,21,3,19,0.782498836,1.873289666
4112,1,2012,6,21,3,19,1.140711856,2.228643869
4113,1,2012,6,21,3,19,1.011267603,2.058871891
4114,1,2014,3,10,0,12,0.665792766,1.857508505
4115,1,2014,3,10,0,12,0.965692748,2.178728603
4116,1,2014,3,10,0,12,1.610710133,2.715717896
4117,1,2014,11,10,0,10,2.071083656,3.06231617
4118,1,2014,11,10,0,10,1.65363373,2.763263422
4119,1,2010,10,17,6,23,1.323912036,2.279660793
4120,1,2009,12,22,1,15,0.43973342,1.682067423
4121,1,2009,12,22,1,15,0.397665351,1.67539763
4122,1,2009,12,22,1,15,1.660419399,2.590769615
4123,1,2014,5,8,3,21,0.453289324,1.756284761
4124,1,2014,5,8,3,21,1.402929788,2.468164129
4125,1,2014,5,8,3,21,0.939429925,2.146702607
4126,1,2014,5,8,3,21,1.386123726,2.455619878
4127,1,2009,10,28,2,17,0.857731312,1.98148539
4128,1,2009,10,28,2,17,0.543439979,1.730015561
4129,1,2014,7,10,3,7,1.534914745,2.633712402
4130,1,2014,7,10,3,7,0.853016258,2.081229897
4131,1,2012,7,15,6,3,1.698020969,2.569192837
4132,1,2010,3,31,2,5,0.880263825,1.910697695
4133,1,2010,3,31,2,5,0.839315501,1.896477007
4134,1,2010,7,6,1,20,1.055677721,2.102297243
4135,1,2010,7,6,1,20,1.020367448,2.077431491
4136,1,2010,7,6,1,20,0.821084018,1.969098896
4137,1,2013,6,10,0,11,0.366586104,1.742599117
4138,1,2013,6,10,0,11,0.675637611,1.857508505
4139,1,2013,6,10,0,11,0.713079518,2.000628476
4140,1,2013,6,10,0,11,0.50321978,1.76422757
4141,1,2013,6,10,0,11,1.444723784,2.576224913
4142,1,2015,4,25,5,1,1.034740175,2.127143249
4143,1,2015,4,25,5,1,0.710627167,1.949029754
4144,1,2015,4,25,5,1,0.672102035,1.867390249
4145,1,2015,4,25,5,1,1.180251015,2.253002875
4146,1,2015,4,25,5,1,1.264446532,2.323854555
4147,1,2011,5,27,4,14,0.907493985,1.973883976
4148,1,2011,5,27,4,14,1.28686082,2.260034524
4149,1,2011,5,27,4,14,1.445792739,2.414930743
4150,1,2011,5,27,4,14,1.087516037,2.12234207
4151,1,2012,10,28,6,13,1.092515377,2.222914404
4152,1,2011,6,12,6,1,2.290217569,3.104427394
4153,1,2011,6,12,6,1,1.822347297,2.602021642
4154,1,2014,12,11,3,15,2.888334623,3.76091256
4155,1,2014,12,11,3,15,0.949969159,2.170472855
4156,1,2011,6,19,6,4,1.236344117,2.214950906
4157,1,2015,6,2,1,9,0.717343289,1.992148908
4158,1,2015,6,2,1,9,0.652120367,1.880336761
4159,1,2015,6,2,1,9,1.253934126,2.399399296
4160,1,2015,6,2,1,9,0.630511214,1.880336761
4161,1,2015,6,2,1,9,1.421657189,2.576224913
4162,1,2014,5,9,4,2,1.532577644,2.60513359
4163,1,2011,10,8,5,12,1.124294913,2.181239844
4164,1,2011,10,8,5,12,1.667196671,2.564140785
4165,1,2009,6,2,1,8,1.2516096,2.244062068
4166,1,2009,6,2,1,8,0.865155402,1.984327596
4167,1,2010,12,9,3,17,0.690023778,1.820825685
4168,1,2013,6,22,5,1,1.02129187,2.159080117
4169,1,2014,12,7,6,19,0.902075661,2.140210943
4170,1,2014,12,7,6,19,1.290335546,2.419065402
4171,1,2013,12,4,2,17,0.963326992,2.170472855
4172,1,2013,12,4,2,17,1.306573502,2.487454706
4173,1,2013,12,4,2,17,1.218225405,2.365409391
4174,1,2013,12,4,2,17,0.369159235,1.761005025
4175,1,2013,12,4,2,17,0.566338015,1.828592548
4176,1,2013,12,4,2,17,1.38092433,2.508602198
4177,1,2013,12,4,2,17,2.373274204,3.562811067
4178,1,2014,7,20,6,17,2.064476162,2.978710896
4179,1,2010,12,15,2,8,0.744204124,1.884773304
4180,1,2010,12,15,2,8,0.857371761,1.989142296
4181,1,2010,12,15,2,8,3.0579544,3.914346466
4182,1,2010,12,15,2,8,0.657604462,1.807237097
4183,1,2011,2,7,0,8,1.296566302,2.286095556
4184,1,2012,5,26,5,11,1.141974809,2.212372448
4185,1,2012,4,24,1,17,0.741992948,1.847440359
4186,1,2012,4,24,1,17,2.302157274,3.308765931
4187,1,2012,4,24,1,17,1.649997452,2.528388956
4188,1,2014,1,11,5,19,0.99371627,2.246084501
4189,1,2015,1,5,0,21,1.347542642,2.448392985
4190,1,2015,1,5,0,21,1.328240896,2.448392985
4191,1,2013,4,23,1,13,1.268783324,2.467671669
4192,1,2013,4,23,1,13,0.950633342,2.170472855
4193,1,2011,7,19,1,22,2.040284941,2.820947811
4194,1,2012,3,18,6,2,2.933757214,3.79168167
4195,1,2012,3,18,6,2,1.646758239,2.515225867
4196,1,2009,1,19,0,19,1.590121305,2.463355108
4197,1,2011,6,21,1,22,0.669547341,1.823474599
4198,1,2011,6,21,1,22,1.848255158,2.65880087
4199,1,2011,6,21,1,22,1.953322447,2.782760309
4200,1,2012,2,10,4,6,1.499582789,2.389016519
4201,1,2013,1,13,6,0,1.456623233,2.39127657
4202,1,2013,1,13,6,0,1.378118459,2.373352965
4203,1,2015,3,28,5,9,0.351296725,1.73693963
4204,1,2015,3,28,5,9,0.850631334,2.196528077
4205,1,2015,5,2,5,15,1.119849371,2.324627647
4206,1,2015,5,2,5,15,0.418866453,1.780655401
4207,1,2015,5,2,5,15,0.938101773,2.165812783
4208,1,2015,5,2,5,15,1.015530719,2.278740071
4209,1,2015,5,2,5,15,1.39229262,2.508356324
4210,1,2015,5,2,5,15,0.843547071,2.056807774
4211,1,2015,5,2,5,15,1.427276804,2.558300435
4212,1,2012,1,1,6,0,1.858023279,2.713007795
4213,1,2012,1,1,6,0,1.191598301,2.11451952
4214,1,2012,1,1,6,0,1.493644492,2.40766257
4215,1,2012,1,1,6,0,1.696796724,2.556890359
4216,1,2010,6,24,3,19,1.282702402,2.264571114
4217,1,2010,6,24,3,19,0.539960279,1.723261153
4218,1,2010,4,25,6,9,1.758754183,2.580040521
4219,1,2010,4,25,6,9,1.7238271,2.585567613
4220,1,2009,8,11,1,21,1.817373417,2.606692727
4221,1,2012,6,12,1,7,1.199780987,2.201987066
4222,1,2012,6,12,1,7,0.711699147,1.843930064
4223,1,2011,12,30,4,11,1.543360235,2.511558461
4224,1,2011,12,30,4,11,1.040811064,2.057911344
4225,1,2011,12,30,4,11,0.921149668,1.986215674
4226,1,2011,12,30,4,11,0.915011916,1.986215674
4227,1,2013,11,28,3,13,1.116740543,2.315118885
4228,1,2010,6,14,0,20,2.128556369,2.958414132
4229,1,2010,6,14,0,20,1.718742967,2.573963362
4230,1,2012,6,10,6,0,1.809898168,2.624007251
4231,1,2012,6,10,6,0,1.830644338,2.711435966
4232,1,2013,2,10,6,19,1.092254408,2.287830417
4233,1,2013,2,10,6,19,1.760079452,2.817682021
4234,1,2010,2,20,5,4,1.420798149,2.386486421
4235,1,2010,2,20,5,4,1.241529277,2.194714305
4236,1,2010,2,20,5,4,0.841319972,1.891783151
4237,1,2014,1,1,2,16,0.67394226,1.861364963
4238,1,2014,1,1,2,16,1.12244329,2.336814561
4239,1,2014,1,1,2,16,1.416256309,2.569808764
4240,1,2014,1,1,2,16,1.278520049,2.460724415
4241,1,2013,6,4,1,8,0.994900061,2.241333609
4242,1,2013,6,4,1,8,0.888200077,2.132560593
4243,1,2013,6,4,1,8,1.410537181,2.553746468
4244,1,2013,6,4,1,8,0.608744713,1.861364963
4245,1,2013,6,4,1,8,0.451484794,1.753637084
4246,1,2012,7,13,4,8,2.279570011,3.376889427
4247,1,2012,7,13,4,8,0.987483737,2.058570853
4248,1,2012,7,13,4,8,0.682814644,1.837325084
4249,1,2012,7,13,4,8,1.596545539,2.446892828
4250,1,2014,6,9,0,13,1.03536578,2.295368728
4251,1,2014,6,9,0,13,1.034958013,2.295368728
4252,1,2010,10,1,4,13,0.858199072,1.983004477
4253,1,2010,10,1,4,13,1.16916373,2.205581296
4254,1,2010,10,1,4,13,2.36650357,3.339448047
4255,1,2010,2,27,5,22,1.100672988,2.111740297
4256,1,2010,2,27,5,22,0.918891089,1.970186021
4257,1,2012,11,23,4,5,1.770214967,2.668046488
4258,1,2009,10,5,0,15,0.796822394,1.88311892
4259,1,2009,12,1,1,2,1.536805301,2.42313046
4260,1,2013,4,30,1,14,2.017151048,2.963540286
4261,1,2013,4,30,1,14,1.939090407,2.960532639
4262,1,2013,4,30,1,14,1.611774858,2.731254349
4263,1,2015,5,17,6,4,1.428438479,2.47176516
4264,1,2015,5,17,6,4,1.357440693,2.411101695
4265,1,2015,5,17,6,4,1.286681865,2.331937175
4266,1,2015,5,17,6,4,1.217907034,2.256128817
4267,1,2014,7,26,5,23,0.898608054,2.129053673
4268,1,2009,11,7,5,16,0.744477717,1.883537286
4269,1,2009,11,7,5,16,1.029786233,2.068205728
4270,1,2009,11,7,5,16,3.111987338,3.903469381
4271,1,2009,11,7,5,16,0.503397381,1.697927419
4272,1,2012,11,7,2,12,1.003541721,2.092037696
4273,1,2012,11,7,2,12,1.477526362,2.426691982
4274,1,2012,11,7,2,12,0.613484402,1.837624654
4275,1,2011,1,7,4,9,0.445539107,1.668291132
4276,1,2011,1,7,4,9,0.752604014,1.850997247
4277,1,2012,7,18,2,16,0.690562479,1.833768196
4278,1,2009,12,17,3,10,1.422064971,2.428163545
4279,1,2009,12,17,3,10,1.571552086,2.455155442
4280,1,2009,12,17,3,10,0.553395752,1.730015561
4281,1,2009,12,17,3,10,0.760904318,1.888330192
4282,1,2013,3,8,4,19,1.571796871,2.695766447
4283,1,2013,3,8,4,19,0.840214521,2.025598109
4284,1,2011,3,11,4,23,1.118638983,2.128245117
4285,1,2011,3,11,4,23,1.035512652,2.064660912
4286,1,2011,3,11,4,23,0.79981961,1.864333408
4287,1,2011,3,11,4,23,0.619484975,1.81706537
4288,1,2009,12,10,3,22,0.657695846,1.810793985
4289,1,2009,12,10,3,22,1.783645216,2.591420374
4290,1,2009,12,10,3,22,0.49706328,1.682067423
4291,1,2009,12,10,3,22,2.243219276,3.138063565
4292,1,2012,7,13,4,11,2.415749427,3.499548274
4293,1,2012,7,13,4,11,1.911296155,2.82307546
4294,1,2012,7,13,4,11,3.088899569,3.987205286
4295,1,2012,7,13,4,11,1.392452409,2.365621527
4296,1,2012,7,21,5,17,1.335967009,2.340007712
4297,1,2009,4,23,3,2,1.074480286,2.070603494
4298,1,2009,4,23,3,2,1.690206964,2.559252034
4299,1,2012,11,3,5,23,1.427362177,2.397165525
4300,1,2012,11,3,5,23,0.519200267,1.804675896
4301,1,2012,11,3,5,23,0.826665977,2.002695873
4302,1,2012,11,3,5,23,1.656939847,2.543011643
4303,1,2012,2,21,1,20,0.496002254,1.741077879
4304,1,2012,2,21,1,20,0.593939199,1.835462759
4305,1,2012,3,26,0,5,2.141994391,2.994465615
4306,1,2010,2,1,0,20,0.775785876,1.850386489
4307,1,2010,2,1,0,20,1.084624238,2.151546219
4308,1,2010,2,1,0,20,0.548983185,1.723261153
4309,1,2009,9,26,5,4,0.497982504,1.666939264
4310,1,2009,1,29,3,15,2.383125528,3.340364239
4311,1,2009,1,29,3,15,0.411497654,1.673950618
4312,1,2009,12,29,1,2,2.035541142,2.952288465
4313,1,2009,12,29,1,2,1.47527706,2.450808944
4314,1,2010,9,6,0,0,1.000990059,2.015806026
4315,1,2012,9,8,5,21,0.997742828,2.088273119
4316,1,2012,9,8,5,21,1.315608558,2.381782425
4317,1,2012,9,8,5,21,1.02164944,2.13931719
4318,1,2012,9,8,5,21,0.907861359,2.052853752
4319,1,2010,11,4,3,16,1.417892261,2.406957171
4320,1,2009,12,8,1,7,1.539056729,2.416512968
4321,1,2009,12,8,1,7,1.611598698,2.472404482
4322,1,2012,8,30,3,20,1.510007103,2.450690865
4323,1,2013,6,8,5,16,0.790711989,2.01945838
4324,1,2013,6,8,5,16,1.030860024,2.269119567
4325,1,2014,7,1,1,11,0.419801431,1.77363955
4326,1,2014,7,1,1,11,1.156243317,2.345940882
4327,1,2013,8,19,0,16,1.76218334,2.880853979
4328,1,2014,12,26,4,21,1.152450935,2.298908238
4329,1,2012,10,25,3,16,1.473489829,2.478524003
4330,1,2012,10,25,3,16,2.386933498,3.481978642
4331,1,2013,8,14,2,11,0.727253789,2.01024554
4332,1,2013,8,14,2,11,2.04407344,3.01795885
4333,1,2010,10,1,4,1,1.642083541,2.473769216
4334,1,2012,12,7,4,19,3.39575517,3.962396095
4335,1,2012,12,7,4,19,0.72386284,1.904622657
4336,1,2011,7,11,0,1,1.238714597,2.204846468
4337,1,2013,7,18,3,1,0.843391439,1.969053276
4338,1,2013,7,18,3,1,0.838841826,1.960901128
4339,1,2009,6,25,3,10,0.47368771,1.668291132
4340,1,2009,6,25,3,10,0.36812627,1.661621338
4341,1,2012,7,31,1,20,0.912829211,2.041562637
4342,1,2012,7,31,1,20,0.727178706,1.892965067
4343,1,2012,7,31,1,20,0.577652535,1.822339005
4344,1,2012,7,31,1,20,1.319024415,2.339742187
4345,1,2010,11,15,0,22,1.031222747,2.068205728
4346,1,2015,6,8,0,5,1.706009376,2.700684214
4347,1,2015,6,8,0,5,2.185235126,3.196605726
4348,1,2013,12,8,6,20,0.620083774,1.861364963
4349,1,2013,12,8,6,20,1.238488514,2.299840837
4351,1,2009,5,10,6,0,1.860752016,2.669383101
4352,1,2009,5,10,6,0,0.64056167,1.791362851
4353,1,2009,5,10,6,0,1.378515692,2.301055223
4354,1,2009,5,10,6,0,0.70281064,1.808430749
4355,1,2009,5,10,6,0,0.615522739,1.791362851
4356,1,2009,2,28,5,10,0.261323725,1.661621338
4357,1,2009,2,28,5,10,0.985784599,2.020088858
4358,1,2011,8,19,4,17,0.575874134,1.755139646
4359,1,2011,8,19,4,17,1.30672202,2.288132203
4360,1,2014,6,5,3,22,1.539589981,2.601637672
4361,1,2014,6,5,3,22,2.242623845,3.25543897
4362,1,2014,6,5,3,22,3.074289383,3.987979719
4363,1,2014,6,5,3,22,0.648977602,1.861364963
4364,1,2014,6,5,3,22,0.645963648,1.861364963
4365,1,2014,6,5,3,22,2.187459889,3.178711083
4366,1,2014,7,16,2,18,1.121282237,2.332356369
4367,1,2014,7,16,2,18,0.958121115,2.170472855
4368,1,2014,7,16,2,18,1.635425082,2.727074021
4369,1,2009,7,14,1,22,0.683447782,1.813412339
4370,1,2009,7,14,1,22,0.722472216,1.876672602
4371,1,2009,7,14,1,22,2.89163587,3.711397044
4372,1,2013,11,21,3,14,0.718974522,1.997372493
4373,1,2015,1,2,4,11,0.821313818,2.048329104
4374,1,2015,1,2,4,11,1.035347672,2.295368728
4375,1,2015,1,2,4,11,2.233104569,3.364552022
4376,1,2015,1,2,4,11,0.986120248,2.239289499
4377,1,2011,9,26,0,22,0.82506482,1.969098896
4378,1,2015,4,14,1,1,1.509566415,2.585209674
4379,1,2013,5,14,1,16,1.496551065,2.601434518
4380,1,2013,5,14,1,16,1.471304902,2.601434518
4381,1,2013,11,23,5,22,1.869858765,2.847771342
4382,1,2013,11,23,5,22,1.217427639,2.293164876
4383,1,2014,7,14,0,16,0.65991614,1.857508505
4384,1,2010,7,30,4,12,0.440965458,1.673950618
4385,1,2010,7,30,4,12,0.922723057,1.990347114
4386,1,2011,7,27,2,21,1.108957985,2.127819235
4387,1,2011,7,27,2,21,0.940611751,1.986649159
4388,1,2014,3,18,1,19,0.727972706,2.01024554
4389,1,2014,3,18,1,19,1.739443686,2.829196322
4390,1,2014,3,18,1,19,0.907141638,2.149446508
4391,1,2014,7,28,0,21,1.473002898,2.534232185
4392,1,2009,5,23,5,7,1.026777508,2.008255595
4393,1,2010,6,5,5,23,1.651299,2.457890418
4394,1,2010,6,5,5,23,0.773385796,1.859446173
4395,1,2010,6,5,5,23,1.39301083,2.274798971
4396,1,2010,6,5,5,23,1.543221059,2.405588632
4397,1,2010,6,5,5,23,1.413907952,2.350789993
4398,1,2012,7,1,6,19,0.921936375,2.031015527
4399,1,2015,6,7,6,17,1.058144393,2.286116909
4400,1,2015,6,7,6,17,0.860481606,2.110758653
4401,1,2015,6,7,6,17,0.778731085,2.01945838
4402,1,2015,6,7,6,17,1.235281621,2.363520689
4403,1,2013,3,10,6,7,0.950151928,2.103930189
4404,1,2011,3,24,3,17,1.48951006,2.427673926
4405,1,2011,3,24,3,17,1.021932661,2.067063164
4406,1,2014,3,28,4,21,2.032689564,2.995006636
4407,1,2014,3,28,4,21,0.74788398,2.01024554
4408,1,2014,3,28,4,21,1.144562871,2.278928718
4409,1,2014,3,28,4,21,1.053698538,2.218476198
4410,1,2013,4,28,6,20,3.095109918,4.006200236
4411,1,2013,4,28,6,20,1.029433143,2.182514923
4412,1,2013,4,28,6,20,1.58031373,2.674433117
4413,1,2013,4,28,6,20,0.571018103,1.827018714
4414,1,2012,4,27,4,18,1.440794903,2.442899782
4415,1,2012,4,27,4,18,1.607624343,2.509543089
4416,1,2012,4,27,4,18,1.286361421,2.308688854
4417,1,2014,4,5,5,18,1.411187534,2.52213561
4418,1,2013,11,7,3,22,1.952519179,3.007971495
4419,1,2010,6,19,5,3,0.736411906,1.832885804
4420,1,2012,6,30,5,3,1.325138327,2.260858585
4421,1,2012,6,30,5,3,1.960503528,2.810396564
4422,1,2011,9,15,3,2,2.110669626,2.979279736
4423,1,2011,9,15,3,2,2.154756538,3.023171103
4424,1,2012,8,8,2,4,3.034099011,3.99201651
4425,1,2011,5,19,3,16,0.757036155,1.861105991
4426,1,2011,5,19,3,16,0.864902127,1.973093309
4427,1,2011,5,19,3,16,0.760181608,1.861105991
4428,1,2011,5,19,3,16,2.365688864,3.358168782
4429,1,2009,12,27,6,4,1.989263376,2.842027118
4430,1,2010,1,11,0,12,2.768153914,3.501885726
4431,1,2010,1,11,0,12,0.993766335,2.029402708
4432,1,2010,1,11,0,12,0.638228162,1.807237097
4433,1,2010,1,11,0,12,0.98683753,2.027385754
4434,1,2010,1,11,0,12,0.918803362,1.973883976
4435,1,2010,10,16,5,9,2.659553871,3.341162184
4436,1,2010,10,16,5,9,1.012010328,2.051081767
4437,1,2014,7,25,4,18,0.900664127,2.156695638
4438,1,2014,7,25,4,18,1.139696524,2.34148269
4439,1,2014,7,25,4,18,1.616259944,2.719913655
4440,1,2014,7,25,4,18,0.824695544,2.031840711
4441,1,2014,7,25,4,18,1.154723864,2.34148269
4442,1,2013,3,18,0,15,1.317806653,2.507524783
4443,1,2013,3,18,0,15,0.618998164,1.857508505
4444,1,2010,5,13,3,6,1.078524289,2.070603494
4445,1,2010,5,13,3,6,1.380549069,2.301988911
4446,1,2009,5,16,5,8,2.190605582,2.951727151
4447,1,2014,5,13,1,21,0.899935495,2.129053673
4448,1,2014,5,13,1,21,1.156963936,2.278928718
4449,1,2010,4,23,4,16,0.688930795,1.823850181
4450,1,2010,4,23,4,16,0.951716619,1.974317461
4451,1,2010,4,23,4,16,0.758645653,1.847497059
4452,1,2015,5,25,0,22,2.787290985,3.683675132
4453,1,2015,5,25,0,22,1.830843491,2.895372221
4454,1,2013,11,16,5,18,0.770439813,2.016552099
4455,1,2013,11,16,5,18,1.72957932,2.840864025
4456,1,2013,11,16,5,18,1.586332376,2.689939292
4457,1,2013,11,16,5,18,1.220464721,2.339011536
4458,1,2012,4,16,0,17,1.036234641,2.074994923
4459,1,2012,4,16,0,17,1.048162604,2.124192308
4460,1,2012,4,16,0,17,1.33110861,2.35394746
4461,1,2014,12,29,0,12,1.201761035,2.385999775
4462,1,2014,12,29,0,12,2.130408542,3.146229447
4463,1,2014,12,29,0,12,1.589857065,2.97831339
4464,1,2009,8,2,6,14,0.962671078,2.003431031
4465,1,2009,8,2,6,14,2.630297363,3.353963897
4466,1,2009,8,2,6,14,0.612100917,1.814650443
4467,1,2015,1,12,0,15,2.027238579,3.027880899
4468,1,2015,1,12,0,15,2.790134199,3.715191769
4469,1,2015,1,12,0,15,1.37869467,2.516013476
4470,1,2015,1,12,0,15,1.881705312,2.928673914
4471,1,2015,1,12,0,15,0.967457586,2.178728603
4472,1,2015,1,12,0,15,1.811301356,2.920193427
4473,1,2015,1,12,0,15,1.488475794,2.61587622
4474,1,2014,9,4,3,19,0.814035845,2.038840013
4475,1,2014,9,4,3,19,0.588618019,1.853831051
4476,1,2014,9,4,3,19,0.478282268,1.766312421
4477,1,2014,9,4,3,19,2.147925942,3.148787603
4478,1,2009,6,1,0,17,1.650468788,2.530941138
4479,1,2009,6,1,0,17,1.360999364,2.297668366
4480,1,2009,6,1,0,17,0.879519503,1.97667069
4481,1,2010,9,21,1,1,1.565391247,2.434760465
4482,1,2010,9,21,1,1,0.821336582,1.902393314
4483,1,2013,5,26,6,15,2.098848231,2.985310451
4484,1,2013,5,26,6,15,1.311131077,2.48118586
4485,1,2009,9,20,6,23,0.180147477,1.721959812
4486,1,2009,8,12,2,23,2.239158011,3.138063565
4487,1,2012,7,18,2,9,1.173471928,2.222251249
4488,1,2012,7,18,2,9,0.890718516,2.031829918
4489,1,2012,7,18,2,9,0.619692038,1.833768196
4490,1,2012,7,18,2,9,0.809116699,1.96904152
4491,1,2009,9,25,4,21,1.282367872,2.267569891
4492,1,2009,9,25,4,21,1.800485104,2.603689568
4493,1,2009,9,25,4,21,0.988540822,2.045531032
4494,1,2009,9,25,4,21,0.330493293,1.674035232
4495,1,2009,9,25,4,21,1.573665344,2.457808729
4496,1,2009,9,25,4,21,1.067947939,2.15407077
4497,1,2009,3,22,6,20,1.614847865,2.517215262
4498,1,2009,3,22,6,20,1.260708218,2.199104581
4499,1,2011,12,9,4,21,1.284289907,2.267389522
4500,1,2011,12,9,4,21,1.621297887,2.502820929
4501,1,2011,12,9,4,21,0.714032924,1.879919503
4502,1,2013,7,5,4,20,0.587745766,1.853831051
4503,1,2013,12,20,4,15,1.555763476,2.841459939
4504,1,2013,12,20,4,15,1.216282345,2.365409391
4505,1,2013,12,20,4,15,2.618673185,3.558572971
4506,1,2013,12,20,4,15,1.57598542,2.962260935
4507,1,2014,10,6,0,14,1.498443038,2.61587622
4508,1,2014,10,6,0,14,1.938367104,3.022535371
4509,1,2014,10,6,0,14,1.09545184,2.331063003
4510,1,2014,10,6,0,14,0.989894583,2.232194466
4511,1,2015,1,18,6,23,2.177385749,3.17751031
4512,1,2015,1,18,6,23,1.317991895,2.440735833
4513,1,2014,5,1,3,14,1.50817921,2.630990908
4514,1,2014,5,1,3,14,0.964352384,2.188928308
4515,1,2014,5,1,3,14,1.075223721,2.325645841
4516,1,2014,5,1,3,14,0.793409876,2.020539216
4517,1,2014,5,1,3,14,1.263874681,2.446748625
4518,1,2014,5,1,3,14,1.960504449,3.022535371
4519,1,2012,5,22,1,14,0.91191142,2.025581351
4520,1,2012,5,22,1,14,0.799733784,1.863995421
4521,1,2009,6,17,2,14,1.458967053,2.412663568
4522,1,2009,9,16,2,10,1.146473177,2.198497861
4523,1,2009,9,16,2,10,0.048507998,1.836601107
4524,1,2014,2,6,3,13,1.123251048,2.336814561
4525,1,2015,4,16,3,2,1.306310708,2.360449402
4526,1,2011,6,6,0,7,2.250380775,3.030674141
4527,1,2011,6,6,0,7,0.727104433,1.856550101
4528,1,2011,6,6,0,7,0.573131416,1.744080146
4529,1,2011,6,6,0,7,2.033330718,2.7890521
4530,1,2011,6,6,0,7,0.726193303,1.856550101
4531,1,2013,2,27,2,19,1.980585253,2.969379792
4532,1,2013,2,27,2,19,1.59565939,2.689939292
4533,1,2013,2,27,2,19,1.54300542,2.627197997
4534,1,2013,2,27,2,19,0.598974403,1.871519975
4535,1,2013,2,27,2,19,0.850384718,2.201751661
4536,1,2013,2,27,2,19,1.089052622,2.291236843
4537,1,2014,10,3,4,1,1.102781341,2.173924373
4538,1,2014,10,3,4,1,0.774894561,1.950574876
4539,1,2010,6,26,5,0,1.210251154,2.204470678
4540,1,2009,9,15,1,8,1.068324055,2.131803816
4541,1,2009,9,15,1,8,1.496204871,2.413610268
4542,1,2009,9,15,1,8,0.914368326,1.986215674
4543,1,2009,9,15,1,8,0.659229627,1.807237097
4544,1,2011,8,9,1,5,1.315273649,2.28968227
4545,1,2010,10,20,2,8,0.89641773,1.986215674
4546,1,2010,10,20,2,8,0.669536641,1.817203214
4547,1,2012,2,8,2,11,0.665675509,1.837624654
4548,1,2012,2,8,2,11,1.078345417,2.179439491
4549,1,2012,2,8,2,11,1.149620377,2.217289579
4550,1,2013,8,7,2,2,2.701536214,3.574926158
4551,1,2012,10,26,4,0,1.83398266,2.760145911
4552,1,2012,7,18,2,22,0.827845585,1.996057977
4553,1,2011,5,17,1,22,1.88465469,2.730772147
4554,1,2009,4,4,5,0,1.828916296,2.661849882
4555,1,2009,4,4,5,0,1.254016002,2.194714305
4556,1,2009,4,4,5,0,1.877519014,2.694600897
4557,1,2009,9,4,4,18,1.019445394,2.076530596
4558,1,2009,9,4,4,18,1.422151324,2.407019026
4559,1,2010,9,19,6,17,1.487794142,2.421782919
4560,1,2010,9,19,6,17,1.66191313,2.597801442
4561,1,2010,9,19,6,17,1.219401309,2.250305737
4562,1,2010,9,19,6,17,0.719967992,1.870675628
4563,1,2010,9,19,6,17,1.794535393,2.601048815
4564,1,2010,9,19,6,17,1.157242608,2.201676187
4565,1,2013,3,19,1,18,1.209774231,2.35119845
4566,1,2013,3,19,1,18,1.584947944,2.689939292
4567,1,2011,11,22,1,0,0.838896105,1.902393314
4568,1,2011,11,22,1,0,1.5659046,2.438791785
4569,1,2011,4,23,5,11,0.584086447,1.82499956
4570,1,2011,4,23,5,11,0.805747699,1.857722236
4571,1,2011,4,23,5,11,0.568635194,1.755139646
4572,1,2012,10,19,4,6,0.80025699,1.890094094
4573,1,2012,10,19,4,6,0.481298158,1.735156951
4574,1,2009,12,16,2,14,0.776922981,1.891219622
4575,1,2009,12,16,2,14,0.858346761,1.989142296
4577,1,2012,8,13,0,21,0.816553091,1.996057977
4578,1,2012,8,13,0,21,0.442659381,1.741077879
4579,1,2012,8,13,0,21,0.458508517,1.741077879
4580,1,2010,11,8,0,10,0.683382491,1.817268797
4581,1,2010,11,8,0,10,1.023985274,2.083933795
4582,1,2010,11,8,0,10,0.698957609,1.835351057
4583,1,2010,11,8,0,10,1.619816225,2.485670734
4584,1,2010,11,8,0,10,2.396858256,3.339448047
4585,1,2010,11,8,0,10,0.572961556,1.751831794
4586,1,2010,12,5,6,16,0.950595521,1.986649159
4587,1,2010,12,5,6,16,1.353920611,2.302802204
4588,1,2014,10,15,2,12,1.208364813,2.39413478
4589,1,2009,4,1,2,19,1.820736381,2.611855047
4590,1,2009,4,1,2,19,1.288681452,2.267152507
4591,1,2009,4,1,2,19,0.888575134,1.969134357
4592,1,2009,4,1,2,19,2.308214876,3.178614306
4593,1,2009,4,1,2,19,0.945079133,1.974317461
4594,1,2009,4,1,2,19,1.178288823,2.17543925
4595,1,2011,11,26,5,2,1.776044484,2.589356581
4596,1,2011,11,26,5,2,1.831259689,2.683840011
4597,1,2009,1,11,6,7,0.926845682,1.936831358
4598,1,2009,1,11,6,7,0.5028,1.667905016
4599,1,2012,5,30,2,9,0.840412755,2.037364329
4600,1,2014,6,10,1,1,1.9458644,2.982045199
4601,1,2014,6,10,1,1,2.041087729,3.010776011
4602,1,2014,6,10,1,1,2.90249544,3.756396345
4603,1,2014,10,28,1,22,1.92709202,2.958721408
4604,1,2014,10,28,1,22,1.931055903,2.963227469
4605,1,2009,3,20,4,12,1.233184503,2.211550059
4606,1,2009,3,20,4,12,0.630657054,1.814584861
4607,1,2009,3,20,4,12,1.231953994,2.211550059
4608,1,2009,3,20,4,12,0.008476082,2.162075743
4609,1,2009,3,20,4,12,0.598489872,1.802123525
4610,1,2009,3,20,4,12,0.953737398,1.980720464
4611,1,2009,3,20,4,12,2.17570566,2.961011247
4612,1,2010,6,20,6,12,1.073148109,2.126150207
4613,1,2010,6,20,6,12,1.874436719,2.692049102
4614,1,2014,8,5,1,16,0.897840589,2.156695638
4615,1,2014,11,6,3,1,0.616329497,1.835697382
4616,1,2014,11,6,3,1,1.658252027,2.662588487
4617,1,2014,11,6,3,1,1.122245623,2.222373128
4618,1,2014,7,19,5,21,0.513749563,1.793877811
4619,1,2014,7,19,5,21,1.309553846,2.435453574
4620,1,2014,7,19,5,21,1.464354277,2.521588438
4621,1,2014,7,19,5,21,1.037823236,2.217335548
4622,1,2015,2,19,3,11,0.727284124,2.01024554
4623,1,2015,2,19,3,11,1.093471817,2.314307981
4624,1,2015,2,19,3,11,0.824522436,2.038942601
4625,1,2012,10,2,1,14,0.872934647,2.043121034
4626,1,2012,10,2,1,14,1.166918275,2.258975685
4627,1,2012,4,17,1,9,0.956315696,2.017739289
4628,1,2012,4,17,1,9,1.79069777,2.609375436
4629,1,2012,4,17,1,9,2.201876056,3.126946987
4630,1,2011,4,16,5,0,1.921776074,2.760560089
4631,1,2011,4,16,5,0,0.509147148,1.704683682
4632,1,2010,6,18,4,8,1.438899668,2.386800834
4633,1,2010,6,18,4,8,2.136349141,2.949194937
4634,1,2010,6,18,4,8,1.520503129,2.412872965
4635,1,2012,10,20,5,0,1.036106104,2.099039833
4636,1,2012,10,20,5,0,2.685585106,3.496067757
4637,1,2012,10,20,5,0,0.705172573,1.876902263
4638,1,2014,6,19,3,22,0.970260492,2.149753068
4639,1,2014,6,19,3,22,1.370611413,2.455619878
4640,1,2014,6,19,3,22,1.86651061,2.885333932
4641,1,2011,5,11,2,13,1.141533666,2.168355815
4642,1,2011,5,11,2,13,1.183983796,2.17153414
4643,1,2011,5,11,2,13,0.617616798,1.813508482
4644,1,2014,4,9,2,8,1.271965067,2.467671669
4645,1,2014,4,9,2,8,0.736274909,1.994776949
4646,1,2014,10,13,0,0,1.96984158,2.992374174
4647,1,2013,12,8,6,10,0.695704678,1.93139183
4648,1,2013,12,8,6,10,1.709457485,2.829186177
4649,1,2013,12,8,6,10,1.359714629,2.505764898
4650,1,2013,12,8,6,10,0.798065556,2.02472223
4651,1,2013,12,8,6,10,1.524577683,2.674181947
4652,1,2013,12,8,6,10,1.158703878,2.305279614
4653,1,2013,2,14,3,2,0.686208925,1.844359612
4654,1,2009,7,4,5,13,1.555347917,2.463428372
4655,1,2009,7,4,5,13,1.29881559,2.286095556
4656,1,2013,3,20,2,3,0.522125128,1.793877811
4657,1,2010,8,25,2,12,1.536559632,2.451460946
4658,1,2010,8,25,2,12,0.715477209,1.864761725
4659,1,2013,9,8,6,3,1.746466623,2.766116862
4660,1,2013,9,8,6,3,1.145373547,2.178511609
4661,1,2012,12,19,2,16,1.277875012,2.386128741
4662,1,2012,12,19,2,16,0.524185253,1.788183013
4663,1,2009,5,15,4,21,1.619479931,2.50507337
4664,1,2009,5,15,4,21,0.950681907,1.974317461
4665,1,2012,6,6,2,17,1.377813803,2.365621527
4666,1,2012,6,6,2,17,0.73015283,1.86328646
4667,1,2012,6,6,2,17,1.600424288,2.48879085
4668,1,2012,6,6,2,17,1.017360975,2.081297036
4669,1,2011,9,20,1,0,1.615581651,2.505163066
4670,1,2010,1,29,4,8,0.720127792,1.846481578
4671,1,2010,1,29,4,8,1.416766975,2.401121084
4672,1,2010,1,29,4,8,0.273667746,1.661621338
4673,1,2010,1,29,4,8,1.380154236,2.298998853
4674,1,2010,1,29,4,8,0.889713207,1.976791264
4675,1,2010,1,29,4,8,0.760639481,1.847497059
4676,1,2015,5,15,4,1,0.03133171,2.192617395
4677,1,2015,5,15,4,1,1.68794362,2.67893501
4678,1,2015,5,15,4,1,1.094944161,2.164419513
4679,1,2015,5,15,4,1,0.418394618,1.743609424
4680,1,2011,7,26,1,5,3.069082499,3.984673079
4681,1,2011,9,9,4,3,2.08521193,2.895390187
4682,1,2011,9,9,4,3,0.26697278,1.660269471
4683,1,2012,11,12,0,10,0.695672435,1.849893489
4684,1,2012,11,12,0,10,1.323807458,2.411422388
4685,1,2012,11,12,0,10,0.775039546,1.907512087
4686,1,2012,11,12,0,10,1.332725326,2.411422388
4687,1,2012,1,5,3,22,1.600599747,2.467014252
4688,1,2012,1,5,3,22,1.653954271,2.554900999
4689,1,2012,12,7,4,2,1.881881125,2.794627547
4690,1,2012,12,7,4,2,1.493842257,2.411017099
4691,1,2011,8,18,3,8,0.538525928,1.729532538
4692,1,2011,8,18,3,8,0.925378311,1.990347114
4693,1,2011,8,18,3,8,1.480879919,2.404080229
4694,1,2011,8,18,3,8,0.988467104,2.040132143
4695,1,2011,8,18,3,8,1.816746428,2.615456726
4696,1,2014,5,16,4,15,0.979430623,2.239289499
4697,1,2014,5,16,4,15,1.067735285,2.325645841
4698,1,2014,3,15,5,7,1.809406447,2.868247302
4699,1,2009,12,21,0,17,0.791509991,1.891219622
4700,1,2013,12,1,6,22,0.991981074,2.220187814
4701,1,2013,12,1,6,22,1.988216925,2.569334001
4702,1,2014,1,3,4,15,1.130914328,2.340338851
4703,1,2014,1,3,4,15,0.858880908,2.119994218
4704,1,2013,1,19,5,20,1.894455458,2.90833232
4705,1,2013,1,19,5,20,1.027808535,2.203617677
4706,1,2013,1,19,5,20,0.741943882,1.997916255
4707,1,2012,8,31,4,3,0.798607298,1.890094094
4708,1,2012,7,21,5,16,0.825319533,1.993879109
4709,1,2012,7,21,5,16,0.431996725,1.741077879
4710,1,2012,12,20,3,23,2.063792013,2.927457396
4711,1,2012,12,20,3,23,1.053393777,2.179238309
4712,1,2012,12,20,3,23,1.296469174,2.378122876
4713,1,2012,12,20,3,23,0.97214794,2.060198869
4714,1,2009,6,13,5,18,1.722211523,2.593813097
4715,1,2009,6,13,5,18,1.560916505,2.461174443
4716,1,2014,11,16,6,9,1.73168725,2.848507699
4717,1,2013,3,25,0,15,0.38500917,1.749614967
4718,1,2009,9,28,0,5,1.112115958,2.099561311
4719,1,2013,7,8,0,17,0.834920957,2.030861958
4720,1,2013,7,8,0,17,1.911592187,3.000845189
4721,1,2010,11,27,5,12,0.784334453,1.883845785
4722,1,2010,11,27,5,12,0.869170814,1.989122961
4723,1,2010,11,27,5,12,0.538678211,1.730015561
4724,1,2010,11,27,5,12,0.496133643,1.682067423
4725,1,2010,11,27,5,12,1.926010852,2.779208394
4726,1,2011,2,15,1,2,1.647314183,2.49836091
4727,1,2011,2,15,1,2,1.931856644,2.757408069
4728,1,2012,10,25,3,6,1.094601319,2.156739729
4729,1,2014,5,1,3,6,0.735338834,1.95328038
4730,1,2015,3,17,1,21,1.594758936,2.681254209
4731,1,2015,3,17,1,21,1.074760509,2.241698162
4732,1,2015,3,17,1,21,2.03093206,3.002309116
4733,1,2015,3,17,1,21,1.403022407,2.47364448
4734,1,2015,3,17,1,21,1.510135807,2.595032866
4735,1,2011,5,2,0,13,0.713342796,1.844929067
4736,1,2011,5,2,0,13,0.411348069,1.673950618
4737,1,2011,5,2,0,13,1.600263966,2.460138113
4738,1,2009,1,6,1,7,1.31653387,2.294692983
4739,1,2009,1,6,1,7,0.833793098,1.912180271
4740,1,2009,1,6,1,7,1.720608094,2.56333755
4741,1,2010,6,23,2,10,0.446235358,1.668291132
4742,1,2010,6,23,2,10,1.850543376,2.652470042
4743,1,2010,6,23,2,10,0.494927111,1.668291132
4744,1,2010,6,23,2,10,1.613950908,2.508110739
4745,1,2010,6,23,2,10,1.456788954,2.410629544
4746,1,2013,1,22,1,8,0.547038754,1.801755568
4747,1,2013,1,22,1,8,0.65477417,1.874390936
4748,1,2009,11,25,2,11,0.425939182,1.682067423
4749,1,2009,11,25,2,11,1.104622369,2.128922649
4750,1,2012,12,4,1,6,1.831264294,2.771743994
4751,1,2012,12,4,1,6,1.663431199,2.62690374
4752,1,2012,12,4,1,6,1.344414826,2.37623728
4753,1,2014,5,27,1,10,0.961517147,2.170472855
4754,1,2014,5,27,1,10,1.974040479,2.992568537
4755,1,2014,5,27,1,10,1.814396085,2.90798473
4756,1,2009,9,20,6,22,1.277469616,2.256609715
4757,1,2011,6,30,3,8,0.422502122,1.668291132
4758,1,2011,6,30,3,8,1.169428938,2.190142001
4759,1,2010,5,10,0,9,0.976392142,1.998010361
4760,1,2010,5,10,0,9,0.757310719,1.847685646
4761,1,2010,5,10,0,9,0.919230499,1.973883976
4762,1,2010,5,10,0,9,0.588904554,1.811847222
4763,1,2010,11,25,3,16,1.873794126,2.683871294
4764,1,2014,11,18,1,16,0.981141126,2.234058308
4765,1,2013,1,20,6,20,1.678516217,2.717232825
4766,1,2013,1,20,6,20,1.989066342,2.926868842
4767,1,2015,6,7,6,0,0.960438632,2.103930189
4768,1,2009,1,3,5,0,1.355879482,2.286624642
4769,1,2009,1,3,5,0,0.194865964,1.701439642
4770,1,2010,9,28,1,11,0.61896263,1.814118052
4771,1,2010,9,28,1,11,1.19182607,2.201676187
4772,1,2010,9,28,1,11,0.586939636,1.818728176
4773,1,2010,9,28,1,11,0.908057054,1.986215674
4774,1,2010,9,28,1,11,2.367634008,3.391738175
4775,1,2013,11,7,3,17,2.592612006,3.57760592
4776,1,2013,11,7,3,17,0.518138575,1.793877811
4777,1,2013,11,7,3,17,0.923191953,2.165812783
4778,1,2013,11,7,3,17,0.506830397,1.786176808
4779,1,2013,11,7,3,17,0.732851895,2.004879102
4780,1,2013,11,7,3,17,1.21665482,2.365409391
4781,1,2009,11,29,6,8,1.032436778,2.078973062
4782,1,2012,10,21,6,17,0.788206471,1.892037548
4783,1,2012,10,21,6,17,1.377268355,2.398795978
4784,1,2012,10,21,6,17,0.461014824,1.747832287
4785,1,2012,10,21,6,17,0.929963816,2.042306642
4786,1,2012,10,21,6,17,0.035211815,2.317237677
4787,1,2012,10,21,6,17,1.219337277,2.320094519
4788,1,2013,7,31,2,6,0.782316787,1.955941313
4789,1,2013,2,4,0,12,0.781800244,2.020539216
4790,1,2013,2,4,0,12,0.786336942,2.020539216
4791,1,2013,10,18,4,9,0.717453223,1.992148908
4792,1,2009,4,26,6,17,0.820583384,1.952260586
4793,1,2009,4,26,6,17,1.070632983,2.127089462
4794,1,2009,4,26,6,17,1.496620851,2.448183865
4795,1,2009,4,26,6,17,1.067989828,2.124219192
4796,1,2009,4,26,6,17,1.12750946,2.157186505
4797,1,2015,4,12,6,21,1.667788654,2.717232825
4798,1,2015,4,12,6,21,1.329990785,2.440735833
4799,1,2015,4,12,6,21,3.096722471,4.006200236
4800,1,2015,2,25,2,22,2.485000965,3.49654665
4801,1,2015,2,25,2,22,1.359383578,2.453028451
4802,1,2015,2,25,2,22,1.816302403,2.856696943
4803,1,2015,2,25,2,22,1.446409505,2.494899257
4804,1,2015,2,25,2,22,2.164670466,3.242919513
4805,1,2013,12,30,0,0,0.629975698,1.844151209
4806,1,2013,12,30,0,0,2.287817219,3.34115442
4807,1,2013,12,30,0,0,1.476288663,2.619291784
4808,1,2012,11,20,1,21,1.167782162,2.254517493
4809,1,2012,11,20,1,21,0.792544846,1.907512087
4810,1,2012,11,20,1,21,1.754081223,2.675638605
4811,1,2012,11,20,1,21,1.274606097,2.364613495
4812,1,2012,11,20,1,21,1.637229593,2.527004868
4813,1,2012,11,20,1,21,2.0710667,2.927457396
4814,1,2012,11,20,1,21,1.234226238,2.281375885
4815,1,2010,3,21,6,16,2.360672972,3.321581229
4816,1,2010,3,21,6,16,1.401099201,2.376241942
4817,1,2010,3,21,6,16,1.987401227,2.794853869
4818,1,2010,10,6,2,23,0.873494374,1.981466055
4819,1,2013,7,9,1,21,2.765470371,3.679293495
4820,1,2012,6,23,5,9,1.970493725,2.841364621
4821,1,2012,6,23,5,9,0.385844376,1.721732749
4822,1,2012,6,23,5,9,1.418556259,2.455389416
4823,1,2012,6,23,5,9,0.721700764,1.855973469
4824,1,2009,1,21,2,20,1.168655229,2.17153414
4825,1,2009,1,21,2,20,1.10684298,2.122792828
4826,1,2009,1,21,2,20,0.979933281,2.014593928
4827,1,2009,1,21,2,20,1.113690777,2.122792828
4828,1,2009,1,21,2,20,0.868629027,1.969134357
4829,1,2009,1,21,2,20,0.929076317,1.974317461
4830,1,2009,1,21,2,20,0.970119719,1.994312405
4831,1,2009,1,21,2,20,0.735856894,1.843940171
4832,1,2013,12,18,2,14,2.180521485,3.249501797
4833,1,2013,12,18,2,14,1.198386932,2.342728088
4834,1,2014,4,26,5,18,1.319530261,2.476428503
4835,1,2014,4,26,5,18,1.212730053,2.346012469
4836,1,2010,11,21,6,0,0.712719175,1.858402201
4837,1,2010,11,21,6,0,1.664190649,2.580019692
4838,1,2010,11,21,6,0,0.782688543,1.877109426
4839,1,2013,2,7,3,21,1.335793232,2.448392985
4840,1,2013,2,7,3,21,1.095869248,2.261040757
4841,1,2013,2,7,3,21,1.516580386,2.585557818
4842,1,2013,2,7,3,21,1.498129664,2.528751835
4843,1,2010,11,15,0,18,1.153088905,2.201676187
4844,1,2010,11,15,0,18,1.163567026,2.201676187
4845,1,2010,11,15,0,18,0.618180055,1.807237097
4846,1,2010,11,15,0,18,1.078494378,2.133389021
4847,1,2013,10,26,5,10,1.003091159,2.233161949
4848,1,2013,10,26,5,10,1.575970965,2.689939292
4849,1,2013,10,26,5,10,1.351653341,2.499867632
4850,1,2013,10,26,5,10,0.607660866,1.879053887
4851,1,2013,7,18,3,10,0.863355223,2.119994218
4852,1,2010,5,14,4,4,1.236310337,2.195195495
4853,1,2013,9,14,5,18,1.428882334,2.542872189
4854,1,2009,5,27,2,23,1.532759893,2.514487899
4855,1,2013,5,23,3,23,1.256972561,2.312890268
4856,1,2013,5,23,3,23,0.965334627,2.149753068
4857,1,2013,5,23,3,23,1.55612924,2.632571469
4858,1,2013,5,23,3,23,1.760796085,2.821419679
4859,1,2013,5,23,3,23,1.199866981,2.255402819
4860,1,2015,5,23,5,1,0.682719272,1.862727299
4862,1,2009,11,23,0,19,0.994794881,2.048898006
4863,1,2009,11,23,0,19,0.68466005,1.820293293
4864,1,2009,11,23,0,19,3.338240214,3.850840181
4865,1,2011,6,22,2,0,0.978307507,1.994714727
4866,1,2014,7,2,2,2,0.28313693,1.761310271
4867,1,2012,11,18,6,14,0.955344687,2.056294855
4868,1,2012,11,18,6,14,1.186407867,2.258975685
4869,1,2012,11,18,6,14,0.940547805,2.046004597
4870,1,2009,1,12,0,17,0.688123688,1.813412339
4871,1,2012,10,10,2,6,1.24626432,2.243788204
4872,1,2012,10,10,2,6,0.985405961,2.041045713
4873,1,2012,10,10,2,6,0.720171363,1.868616633
4874,1,2010,1,24,6,14,0.829071922,1.959917492
4875,1,2010,9,1,2,8,1.768114426,2.59103022
4876,1,2011,12,10,5,23,2.530124302,3.183671659
4877,1,2011,5,22,6,3,2.307433732,3.129739765
4878,1,2011,5,22,6,3,0.749940238,1.843748263
4879,1,2011,5,22,6,3,1.168391639,2.108368643
4880,1,2011,5,22,6,3,2.333787812,3.129739765
4881,1,2011,5,22,6,3,2.257945533,3.123506682
4882,1,2013,6,29,5,14,1.923553523,2.912373416
4883,1,2013,6,29,5,14,1.049859066,2.284849866
4884,1,2013,6,29,5,14,0.767116011,2.016552099
4885,1,2013,6,29,5,14,1.619422725,2.719913655
4886,1,2011,1,25,1,10,1.647210342,2.503470975
4887,1,2011,1,25,1,10,1.091048441,2.12234207
4888,1,2013,2,11,0,1,2.328077029,3.380962339
4889,1,2009,12,17,3,15,1.421821531,2.428163545
4890,1,2009,12,17,3,15,0.553180644,1.730015561
4891,1,2009,12,17,3,15,1.104131101,2.128922649
4892,1,2009,12,17,3,15,0.718560157,1.883569236
4893,1,2012,3,17,5,5,1.407675425,2.430713009
4894,1,2009,10,24,5,19,0.752405686,1.875436584
4895,1,2009,10,24,5,19,1.097404738,2.128922649
4896,1,2009,10,24,5,19,1.683287611,2.580793288
4897,1,2013,3,23,5,0,2.598336427,3.423896219
4898,1,2013,3,23,5,0,0.683913314,1.85562472
4899,1,2013,3,23,5,0,3.058537414,3.99932183
4900,1,2013,3,23,5,0,1.927946121,2.936618122
4901,1,2010,6,16,2,18,1.022615299,2.077431491
4902,1,2010,6,16,2,18,1.129889452,2.181239844
4903,1,2011,1,15,5,4,0.374410903,1.653515063
4904,1,2014,7,27,6,11,0.541618733,1.801755568
4905,1,2014,7,27,6,11,0.798325922,2.02472223
4906,1,2011,11,2,2,8,0.918330769,1.986215674
4907,1,2015,5,16,5,4,1.522154119,2.613788486
4908,1,2015,5,16,5,4,1.520854197,2.613788486
4909,1,2009,3,15,6,3,1.283599696,2.255668844
4910,1,2009,3,15,6,3,0.910896301,1.91756073
4911,1,2014,9,8,0,19,1.496674627,2.556747332
4912,1,2009,8,28,4,11,0.491246174,1.673950618
4913,1,2010,4,24,5,23,0.903133635,1.970186021
4914,1,2010,4,24,5,23,1.563435678,2.519441171
4915,1,2013,6,13,3,14,1.541444585,2.658729481
4916,1,2013,6,13,3,14,0.94673059,2.170472855
4917,1,2010,7,7,2,6,2.280239035,3.148151448
4918,1,2010,7,7,2,6,1.430381552,2.376319087
4919,1,2009,3,24,1,0,1.324816569,2.260007892
4920,1,2009,3,24,1,0,1.354837291,2.260007892
4921,1,2013,10,23,2,14,0.770056532,2.022999372
4922,1,2011,3,3,3,21,1.661456005,2.553034079
4923,1,2011,3,3,3,21,1.026333528,2.051494544
4924,1,2011,3,3,3,21,1.471193535,2.369528967
4925,1,2011,3,3,3,21,1.078983474,2.151546219
4926,1,2011,3,3,3,21,0.902737219,1.970186021
4927,1,2011,9,5,0,10,1.657362284,2.50871589
4928,1,2011,9,5,0,10,1.80341124,2.582423063
4929,1,2011,9,5,0,10,1.547797343,2.453460938
4930,1,2012,8,4,5,23,1.655129059,2.505506022
4931,1,2012,8,4,5,23,0.619037535,1.841181542
4932,1,2012,8,4,5,23,1.217824474,2.253692896
4933,1,2015,1,29,3,13,1.289476695,2.470181936
4934,1,2015,1,29,3,13,0.758395229,2.015484661
4935,1,2015,1,29,3,13,1.165062027,2.345940882
4936,1,2015,1,29,3,13,1.227251433,2.39413478
4937,1,2015,1,29,3,13,0.49383302,1.756284761
4938,1,2015,1,29,3,13,0.62782141,1.894234809
4939,1,2015,1,29,3,13,0.897016499,2.156695638
4940,1,2015,1,29,3,13,0.7551408,2.01024554
4941,1,2012,9,16,6,12,0.819645714,1.997577064
4942,1,2012,9,16,6,12,1.610145903,2.546294225
4943,1,2012,9,16,6,12,1.778696989,2.667445377
4944,1,2015,4,10,4,11,0.734175923,2.004879102
4945,1,2015,4,10,4,11,1.467018308,2.620911077
4946,1,2015,4,10,4,11,2.323174514,3.441744846
4947,1,2015,4,10,4,11,3.090920565,4.012788911
4948,1,2015,4,10,4,11,0.738885434,2.004879102
4949,1,2015,5,5,1,12,1.121219381,2.336814561
4950,1,2015,5,5,1,12,1.085131444,2.325645841
4951,1,2015,5,5,1,12,1.274071038,2.467671669
4952,1,2015,5,5,1,12,0.495992499,1.75929657
4953,1,2015,5,5,1,12,1.078045147,2.325645841
4954,1,2015,5,5,1,12,1.275552735,2.470181936
4955,1,2015,5,5,1,12,1.597016047,2.699789084
4956,1,2013,10,15,1,23,1.053010545,2.250989341
4957,1,2014,8,24,6,1,0.638238429,1.86028767
4958,1,2013,4,4,3,7,1.474349016,2.608918269
4959,1,2013,4,4,3,7,0.453816204,1.753637084
4960,1,2013,4,4,3,7,1.15862209,2.316274169
4961,1,2013,6,21,4,18,0.948345009,2.170472855
4962,1,2013,6,21,4,18,1.191984846,2.332852733
4963,1,2013,6,21,4,18,0.7745688,2.025905654
4964,1,2013,6,21,4,18,1.435270365,2.55052934
4965,1,2013,6,21,4,18,0.89229417,2.143656352
4966,1,2009,8,3,0,21,1.074410727,2.156572627
4967,1,2009,8,3,0,21,0.823721929,1.969098896
4968,1,2009,8,3,0,21,1.194281602,2.205581296
4969,1,2009,8,3,0,21,0.830001939,1.969098896
4970,1,2013,10,13,6,19,0.638876627,1.857508505
4971,1,2013,10,13,6,19,0.53490216,1.801755568
4972,1,2014,11,14,4,11,0.895347571,2.150319367
4973,1,2014,11,14,4,11,2.071296602,3.037212102
4974,1,2015,6,25,3,1,0.59952014,1.843719875
4975,1,2015,6,25,3,1,1.114854238,2.176101045
4976,1,2009,5,19,1,15,1.297699514,2.282650196
4977,1,2014,1,26,6,8,1.935192395,2.904599429
4978,1,2014,1,26,6,8,0.458951558,1.743609424
4979,1,2012,1,19,3,2,0.501489854,1.736122702
4980,1,2014,12,25,3,21,1.2178711,2.300310712
4981,1,2012,8,9,3,7,1.506109037,2.403442111
4982,1,2012,8,9,3,7,2.073115706,2.892087695
4983,1,2012,8,9,3,7,0.941496724,1.995824221
4984,1,2014,8,10,6,5,2.399672862,3.381678114
4985,1,2010,1,11,0,15,0.877114434,1.973093309
4986,1,2010,1,11,0,15,0.77737797,1.850386489
4987,1,2010,1,11,0,15,1.332196662,2.290752567
4988,1,2010,1,11,0,15,1.163577573,2.17153414
4989,1,2009,11,10,1,15,0.820404076,1.973057847
4990,1,2009,11,10,1,15,0.944523723,1.986649159
4991,1,2009,11,10,1,15,1.370168674,2.309718002
4992,1,2009,11,10,1,15,3.074021848,3.88960759
4993,1,2009,11,10,1,15,0.6118342,1.807237097
4994,1,2009,11,10,1,15,1.413267501,2.413410205
4995,1,2012,10,18,3,9,0.886455771,2.043121034
4996,1,2012,10,18,3,9,1.19355896,2.248124873
4997,1,2010,12,6,0,13,0.865076987,1.989122961
4998,1,2010,12,6,0,13,1.170431597,2.201676187
4999,1,2010,12,6,0,13,0.150560362,1.920109389
5000,1,2011,7,30,5,15,1.094843242,2.126150207
5001,1,2011,7,30,5,15,0.983372615,2.027708796
5002,1,2011,7,20,2,4,0.98538455,2.007437492
5003,1,2011,7,20,2,4,1.204499881,2.170561408
5004,1,2009,3,10,1,19,0.942652054,1.974317461
5005,1,2009,3,10,1,19,1.490200592,2.405999425
5006,1,2009,3,10,1,19,0.807512573,1.91610487
5007,1,2009,3,10,1,19,1.660340557,2.558196399
5008,1,2009,3,10,1,19,0.806898661,1.896691318
5009,1,2011,11,15,1,22,1.308191852,2.27442314
5010,1,2011,11,15,1,22,1.943492728,2.823005829
5011,1,2010,9,24,4,22,1.188710057,2.192370354
5012,1,2010,9,24,4,22,2.480587831,3.302716683
5013,1,2010,9,24,4,22,0.674902021,1.823850181
5014,1,2010,9,24,4,22,1.023416156,2.09660302
5015,1,2010,9,24,4,22,0.775191709,1.893313704
5016,1,2010,2,6,5,17,0.213096071,1.715205404
5017,1,2010,2,6,5,17,0.773364241,1.836935679
5018,1,2010,2,6,5,17,1.088414219,2.121123799
5019,1,2010,2,6,5,17,0.663000023,1.814650443
5020,1,2012,5,11,4,2,1.287390331,2.291482534
5021,1,2012,5,11,4,2,0.270033525,1.721732749
5022,1,2011,9,25,6,21,1.16829271,2.201676187
5023,1,2011,9,25,6,21,1.621234785,2.528351283
5024,1,2013,12,18,2,3,1.923284877,2.940203548
5025,1,2012,1,26,3,1,1.462256242,2.422668587
5026,1,2012,1,26,3,1,0.608519142,1.817479938
5027,1,2011,10,2,6,3,1.006336044,2.005239064
5028,1,2012,3,31,5,12,1.116976443,2.163920588
5029,1,2012,3,31,5,12,2.130642014,2.914453905
5030,1,2014,6,15,6,0,1.947921645,2.916534822
5031,1,2009,4,21,1,17,1.185731417,2.17153414
5032,1,2009,4,21,1,17,0.812251332,1.91610487
5033,1,2012,8,13,0,15,0.742855502,1.892965067
5034,1,2012,8,13,0,15,0.928122836,2.031015527
5035,1,2014,10,27,0,11,0.958359411,2.158101707
5036,1,2014,10,27,0,11,1.795715292,2.921751586
5037,1,2014,10,27,0,11,1.232382352,2.39413478
5038,1,2009,9,29,1,18,1.779664391,2.602587487
5039,1,2011,10,30,6,16,0.870609876,1.985425006
5040,1,2011,10,30,6,16,0.852945228,1.975235168
5041,1,2014,11,24,0,23,1.82563878,2.88011569
5042,1,2014,11,24,0,23,2.365578706,3.437343483
5043,1,2011,8,16,1,14,1.168499242,2.201676187
5044,1,2011,8,16,1,14,0.650826579,1.813508482
5045,1,2011,8,16,1,14,1.073556794,2.132285608
5046,1,2013,1,14,0,18,2.113990109,3.066584634
5047,1,2013,1,14,0,18,0.75615467,2.015484661
5048,1,2013,1,14,0,18,0.694785262,1.927535372
5049,1,2013,1,14,0,18,0.513272712,1.793877811
5050,1,2013,1,14,0,18,1.233933252,2.35119845
5051,1,2009,4,18,5,23,1.649321131,2.490511678
5052,1,2009,11,11,2,21,0.664516086,1.807237097
5053,1,2009,11,11,2,21,2.30436308,3.171215552
5054,1,2012,7,24,1,1,1.975489827,2.84460563
5055,1,2012,7,24,1,1,1.01562671,2.044034695
5056,1,2012,7,24,1,1,1.975751917,2.84460563
5057,1,2012,7,24,1,1,1.018226252,2.044747129
5058,1,2012,7,24,1,1,1.749921939,2.591039356
5059,1,2009,4,18,5,2,1.345618356,2.286624642
5060,1,2009,4,18,5,2,1.853853778,2.660200644
5061,1,2014,7,18,4,6,1.01148216,2.122140084
5062,1,2014,1,10,4,12,1.252836969,2.399399296
5063,1,2011,8,8,0,15,0.538858999,1.729532538
5064,1,2014,7,30,2,14,1.083889239,2.314307981
5065,1,2014,7,30,2,14,2.393588113,3.524309171
5066,1,2014,7,30,2,14,1.739196316,2.836007851
5067,1,2014,8,26,1,16,1.338109798,2.507524783
5068,1,2014,10,11,5,0,1.839152909,2.831648841
5069,1,2014,10,11,5,0,1.437239175,2.407707513
5070,1,2014,10,11,5,0,1.427591937,2.407707513
5071,1,2014,10,11,5,0,1.531765299,2.613120442
5072,1,2014,10,11,5,0,0.613905788,1.851833844
5073,1,2014,10,11,5,0,1.990253159,2.977057619
5074,1,2009,8,15,5,14,1.553048763,2.465356874
5075,1,2009,9,22,1,6,0.835046459,1.902393314
5076,1,2014,5,14,2,0,1.157191541,2.262556093
5077,1,2014,5,14,2,0,1.422272924,2.399720661
5078,1,2014,10,14,1,1,0.449805834,1.743609424
5079,1,2009,5,31,6,20,2.914132087,3.694768381
5080,1,2009,5,31,6,20,1.314346239,2.273889139
5081,1,2009,5,31,6,20,0.881547678,1.969134357
5082,1,2009,7,11,5,12,1.11343653,2.121683835
5083,1,2010,6,2,2,15,0.720271943,1.848662047
5084,1,2010,6,2,2,15,0.660779189,1.811093555
5085,1,2010,6,2,2,15,0.481160069,1.673950618
5086,1,2010,1,30,5,2,0.570192817,1.741599637
5087,1,2010,1,30,5,2,0.311037619,1.653515063
5088,1,2010,1,30,5,2,1.435872436,2.394818941
5089,1,2014,1,5,6,17,1.180077853,2.311862473
5090,1,2014,1,5,6,17,1.425781023,2.542872189
5091,1,2009,3,21,5,9,3.047039489,3.914346466
5092,1,2009,3,21,5,9,1.764080457,2.576757085
5093,1,2009,3,21,5,9,0.915138584,1.973883976
5094,1,2009,8,26,2,23,1.400892786,2.452801405
5095,1,2009,6,9,1,15,3.112354555,3.88960759
5096,1,2009,6,9,1,15,0.578478136,1.767846427
5097,1,2011,9,18,6,6,1.294463985,2.291194292
5098,1,2009,3,27,4,16,2.42943071,3.355924325
5099,1,2009,3,27,4,16,0.795204327,1.847805558
5100,1,2009,3,27,4,16,1.384018466,2.31250976
5101,1,2009,3,27,4,16,0.990637183,2.027011666
5102,1,2009,3,27,4,16,1.378399552,2.31250976
5103,1,2009,3,27,4,16,0.973466867,1.994312405
5104,1,2015,5,29,4,10,1.01630558,2.263242501
5105,1,2015,5,29,4,10,0.861528876,2.119994218
5106,1,2015,5,29,4,10,0.887695927,2.132560593
5107,1,2012,9,7,4,23,1.938189247,2.845161822
5108,1,2012,9,7,4,23,1.891852654,2.798627606
5109,1,2012,9,7,4,23,0.711768424,1.985559655
5110,1,2014,3,7,4,10,0.978076406,2.232298423
5111,1,2014,3,7,4,10,1.290923599,2.473499208
5112,1,2013,3,17,6,23,2.120740791,3.013637774
5113,1,2013,3,17,6,23,1.004806925,2.198140291
5114,1,2015,6,30,1,20,1.227070982,2.300310712
5115,1,2015,6,30,1,20,3.355262629,4.011011459
5116,1,2015,6,30,1,20,1.355766481,2.448392985
5117,1,2015,6,30,1,20,0.816736196,2.039312368
5118,1,2015,5,11,0,2,0.425011647,1.743609424
5119,1,2015,5,11,0,2,1.713336255,2.718681949
5120,1,2015,1,10,5,14,1.011950902,2.266820528
5121,1,2014,12,5,4,14,1.241268864,2.399399296
5122,1,2014,12,5,4,14,1.45305905,2.565957586
5123,1,2012,4,23,0,12,0.90755341,2.025581351
5124,1,2012,4,23,0,12,0.66757054,1.84064915
5125,1,2012,4,23,0,12,2.409050087,3.481978642
5126,1,2012,9,1,5,13,0.87724621,2.043121034
5127,1,2012,9,1,5,13,1.467077582,2.417011848
5128,1,2012,9,1,5,13,1.621970815,2.561429916
5129,1,2011,4,17,6,14,0.391898831,1.667280825
5130,1,2010,5,31,0,20,1.358809336,2.272330682
5131,1,2013,11,22,4,23,1.398630429,2.46882487
5132,1,2013,11,22,4,23,0.914951335,2.138170819
5133,1,2013,5,17,4,5,1.70797163,2.730379199
5134,1,2013,5,17,4,5,1.065400527,2.164419513
5135,1,2009,7,28,1,11,1.691967984,2.574092188
5136,1,2014,5,18,6,14,1.152558434,2.311862473
5137,1,2014,5,18,6,14,0.833029306,2.032495328
5138,1,2014,5,18,6,14,0.849106325,2.166460173
5139,1,2011,10,8,5,18,1.477534791,2.403032911
5140,1,2011,10,8,5,18,0.517855462,1.722459581
5141,1,2011,10,8,5,18,1.660914761,2.571314433
5143,1,2011,2,8,1,1,1.659557673,2.540603451
5144,1,2015,1,12,0,6,0.977713302,2.099284103
5145,1,2015,1,12,0,6,1.86952678,2.875760994
5146,1,2010,3,23,1,13,0.663560957,1.814118052
5147,1,2010,3,23,1,13,1.877230129,2.699435849
5148,1,2010,3,23,1,13,0.628259556,1.814118052
5149,1,2009,4,2,3,6,1.628343095,2.467429229
5150,1,2012,1,12,3,18,1.353539821,2.34419471
5151,1,2012,1,12,3,18,2.116132047,2.985315693
5152,1,2014,11,21,4,2,1.55667056,2.612036844
5153,1,2014,11,21,4,2,1.647997051,2.664879235
5154,1,2014,11,21,4,2,2.299173438,3.315043507
5155,1,2010,10,9,5,3,0.824126552,1.896255495
5156,1,2012,4,3,1,12,0.528558237,1.805799245
5157,1,2012,4,3,1,12,2.486923397,3.499548274
5158,1,2012,4,3,1,12,1.428768296,2.40780506
5159,1,2010,12,21,1,8,1.599817091,2.450983721
5160,1,2010,12,21,1,8,1.122395674,2.175065886
5161,1,2010,12,21,1,8,1.450725686,2.407860206
5162,1,2010,6,19,5,22,0.770431221,1.846110012
5163,1,2010,6,19,5,22,1.428160942,2.382495239
5164,1,2013,1,3,3,1,2.185183743,3.156655173
5165,1,2013,11,24,6,3,1.376568073,2.428019422
5166,1,2013,11,24,6,3,1.913433234,2.688890317
5167,1,2013,11,24,6,3,1.790314362,2.804513028
5168,1,2011,4,16,5,12,0.994897371,2.02279343
5169,1,2012,10,11,3,22,1.359506079,2.399006753
5170,1,2010,12,13,0,23,1.585710739,2.447792583
5171,1,2010,12,13,0,23,1.580267797,2.447792583
5172,1,2011,9,14,2,23,1.590378216,2.446508499
5173,1,2011,5,17,1,23,0.632134221,1.813508482
5174,1,2011,5,17,1,23,3.049012169,3.978084404
5175,1,2011,5,17,1,23,1.612413031,2.472775684
5176,1,2011,5,17,1,23,0.765425562,1.85780105
5177,1,2011,5,17,1,23,1.177160418,2.17153414
5178,1,2013,6,30,6,3,0.702795136,1.885634888
5179,1,2013,6,30,6,3,2.109612103,3.01660355
5180,1,2013,6,30,6,3,0.422577139,1.743609424
5181,1,2013,6,30,6,3,1.855516239,2.802132551
5182,1,2011,5,26,3,21,0.722377529,1.861105991
5183,1,2009,11,9,0,6,0.545694758,1.730015561
5184,1,2014,1,9,3,17,2.801016131,3.689114724
5185,1,2014,1,9,3,17,0.630188648,1.861364963
5186,1,2014,1,9,3,17,1.106043567,2.325645841
5187,1,2014,1,9,3,17,0.665470898,1.861364963
5188,1,2014,1,9,3,17,0.805191558,2.027086838
5189,1,2012,7,1,6,0,1.147150909,2.126835842
5190,1,2012,7,1,6,0,1.248168809,2.226917686
5191,1,2012,7,1,6,0,1.490700759,2.402554696
5192,1,2010,6,2,2,14,1.148972377,2.202402971
5193,1,2010,6,2,2,14,0.462892817,1.673950618
5194,1,2010,6,2,2,14,0.709807862,1.96947547
5195,1,2010,6,2,2,14,1.121281325,2.329214275
5196,1,2010,6,2,2,14,1.426690638,2.390451412
5197,1,2010,6,2,2,14,1.179722229,2.205581296
5198,1,2013,3,7,3,8,1.9406256,3.013910502
5199,1,2013,3,7,3,8,0.855289875,2.114770633
5200,1,2013,3,7,3,8,1.485934267,2.626143547
5201,1,2013,3,7,3,8,1.442907233,2.576224913
5202,1,2013,3,7,3,8,1.604015826,2.695080444
5203,1,2013,3,7,3,8,1.545867424,2.642988982
5204,1,2013,10,28,0,0,1.170784866,2.252261339
5205,1,2013,11,23,5,16,1.375512483,2.508356324
5206,1,2013,11,23,5,16,1.069564058,2.295538208
5207,1,2014,11,6,3,7,0.878570282,2.064545042
5208,1,2014,11,6,3,7,1.060748579,2.277395844
5209,1,2013,4,5,4,12,1.831601185,2.901596468
5210,1,2014,11,6,3,2,0.756570361,1.958519501
5211,1,2012,10,9,1,7,1.120298679,2.222147453
5212,1,2012,10,9,1,7,1.531954376,2.421708773
5213,1,2012,10,9,1,7,1.427297945,2.393667141
5214,1,2012,10,9,1,7,1.320580412,2.411332744
5215,1,2012,10,9,1,7,0.552737897,1.788183013
5216,1,2013,11,21,3,22,1.892667739,2.898788715
5217,1,2014,12,20,5,1,1.093761714,2.191580597
5218,1,2014,12,20,5,1,0.732497984,1.946317533
5219,1,2014,12,20,5,1,1.339827894,2.398447079
5220,1,2014,12,20,5,1,0.82989507,1.962431909
5221,1,2010,1,9,5,13,0.857809116,1.97067278
5222,1,2011,11,2,2,2,2.257964061,3.11317461
5223,1,2009,3,11,2,21,1.258109823,2.199104581
5224,1,2009,3,11,2,21,2.101549203,2.909570462
5225,1,2009,3,11,2,21,1.269804438,2.236587102
5226,1,2009,3,11,2,21,2.556154003,3.191558908
5227,1,2014,12,7,6,3,1.013594291,2.151164449
5228,1,2014,12,7,6,3,1.707044286,2.805848914
5229,1,2014,12,7,6,3,1.828336153,2.709660828
5230,1,2014,12,7,6,3,1.104106401,2.207021638
5231,1,2014,11,29,5,19,1.359348824,2.452747839
5232,1,2010,3,4,3,9,2.21030935,3.065620957
5233,1,2010,3,4,3,9,1.334904198,2.290752567
5234,1,2010,3,4,3,9,0.474334194,1.668291132
5235,1,2009,10,10,5,6,0.821558841,1.896255495
5236,1,2009,10,10,5,6,1.471006988,2.388530228
5237,1,2012,8,22,2,20,1.125612864,2.189847401
5238,1,2012,8,22,2,20,1.28653182,2.31252348
5239,1,2012,8,22,2,20,1.018130769,2.082009469
5240,1,2015,5,1,4,7,0.410866612,1.767980064
5241,1,2009,2,21,5,20,1.483904127,2.429245309
5242,1,2012,8,10,4,14,1.192119011,2.233102061
5243,1,2012,8,10,4,14,2.177436769,3.090079118
5244,1,2012,8,10,4,14,0.728428966,1.896521955
5245,1,2012,8,10,4,14,0.704887848,1.84896325
5246,1,2012,8,10,4,14,0.409452951,1.741077879
5247,1,2012,8,10,4,14,1.456604167,2.414842634
5248,1,2013,5,10,4,21,2.045095749,3.035738728
5249,1,2013,5,10,4,21,0.933478124,2.146702607
5250,1,2013,5,10,4,21,0.795347836,2.020539216
5251,1,2013,5,10,4,21,1.673998548,2.717232825
5252,1,2013,5,10,4,21,0.712135227,2.000628476
5253,1,2009,9,25,4,12,0.93088913,1.990347114
5254,1,2014,8,2,5,21,1.672316707,2.722909218
5255,1,2014,8,2,5,21,0.672226935,1.861364963
5256,1,2013,10,29,1,20,0.704395918,1.928431751
5257,1,2013,10,29,1,20,1.797747206,2.877761449
5258,1,2009,11,11,2,22,1.524786317,2.45109904
5259,1,2009,11,11,2,22,1.120346909,2.166219565
5260,1,2009,11,11,2,22,0.747064307,1.884773304
5261,1,2009,10,17,5,3,1.236944395,2.23860323
5262,1,2009,10,17,5,3,0.660298557,1.791362851
5263,1,2009,10,17,5,3,1.08133253,2.092744426
5264,1,2009,10,17,5,3,1.904409006,2.75760346
5265,1,2009,10,17,5,3,0.930097614,1.935056499
5266,1,2009,10,17,5,3,0.800292513,1.869008724
5267,1,2014,2,27,3,9,1.274604286,2.470181936
5268,1,2014,2,27,3,9,0.934933369,2.165812783
5269,1,2014,2,27,3,9,0.453426508,1.743609424
5270,1,2014,2,27,3,9,0.478836616,1.743609424
5271,1,2014,2,27,3,9,0.725662728,2.005021956
5272,1,2014,2,27,3,9,1.285540586,2.470181936
5273,1,2014,2,27,3,9,1.614234126,2.731162554
5274,1,2014,2,27,3,9,0.417748668,1.743609424
5275,1,2012,12,26,2,17,1.176719102,2.258975685
5276,1,2012,12,26,2,17,2.131974072,3.085117838
5277,1,2012,12,26,2,17,0.963662008,2.057129539
5278,1,2012,12,26,2,17,1.221531811,2.320094519
5279,1,2014,3,11,1,20,1.08424407,2.261706821
5280,1,2014,3,11,1,20,1.008934868,2.22371224
5281,1,2014,3,11,1,20,1.026491474,2.22656755
5282,1,2011,1,29,5,9,0.904149925,1.973883976
5283,1,2011,1,29,5,9,1.132131482,2.163438684
5284,1,2011,1,29,5,9,1.088777838,2.116206669
5285,1,2011,1,29,5,9,0.945836384,1.978015417
5286,1,2011,1,29,5,9,0.962881998,1.99102691
5287,1,2015,5,7,3,15,0.323108146,1.749614967
5288,1,2015,5,7,3,15,0.698102886,1.950363628
5289,1,2015,5,7,3,15,1.109598957,2.325645841
5290,1,2015,5,7,3,15,1.427912275,2.565957586
5291,1,2015,5,7,3,15,0.842595234,2.033576163
5292,1,2010,10,25,0,13,0.701022812,1.828310649
5293,1,2010,10,25,0,13,1.919189463,2.731244048
5294,1,2010,10,25,0,13,0.60084268,1.805213603
5295,1,2010,10,25,0,13,1.304452213,2.298536441
5296,1,2012,9,10,0,21,2.222765556,3.280068702
5297,1,2012,9,10,0,21,1.676563475,2.623914832
5298,1,2012,9,10,0,21,0.727481218,1.892965067
5299,1,2012,9,10,0,21,1.422211,2.413328624
5300,1,2012,9,10,0,21,1.527278043,2.461633426
5301,1,2012,9,10,0,21,1.21998545,2.281375885
5302,1,2012,9,10,0,21,0.993742227,2.088273119
5303,1,2012,4,15,6,21,1.341782052,2.330847409
5304,1,2012,4,20,4,0,0.938189175,1.973945606
5305,1,2012,4,20,4,0,1.046889509,2.048968473
5306,1,2012,4,20,4,0,1.192189082,2.121409994
5307,1,2012,4,20,4,0,1.142518084,2.121409994
5308,1,2012,4,20,4,0,0.620552096,1.818622732
5309,1,2012,4,20,4,0,1.958834298,2.838995717
5310,1,2012,6,12,1,23,1.806325915,2.623002803
5311,1,2012,6,12,1,23,1.782441666,2.600288469
5312,1,2012,6,12,1,23,1.35376861,2.330847409
5313,1,2009,4,30,3,22,1.766977449,2.590239929
5314,1,2009,4,30,3,22,1.70086627,2.581079607
5315,1,2009,4,30,3,22,1.106528334,2.117875697
5316,1,2009,4,30,3,22,0.968714784,1.994312405
5317,1,2011,2,20,6,6,2.681739944,3.35380799
5318,1,2011,2,20,6,6,1.103856673,2.061829717
5319,1,2013,4,21,6,19,2.80123614,3.680739169
5320,1,2011,6,11,5,21,1.448825953,2.356785784
5321,1,2013,2,6,2,18,0.997180357,2.241333609
5322,1,2013,2,6,2,18,1.01271666,2.26105319
5323,1,2013,2,6,2,18,1.434113308,2.55052934
5324,1,2013,2,6,2,18,1.033570314,2.283368706
5325,1,2014,5,1,3,21,0.693888605,1.874151968
5326,1,2014,5,1,3,21,1.89687768,2.945755293
5327,1,2013,7,21,6,11,1.888210854,2.857933799
5328,1,2013,7,21,6,11,0.589135861,1.853765469
5329,1,2011,4,22,4,19,1.563241528,2.449529198
5330,1,2011,4,22,4,19,0.960565823,1.987328955
5331,1,2011,4,22,4,19,3.038438348,3.97327318
5332,1,2012,9,4,1,5,0.764716202,1.879740858
5333,1,2012,9,4,1,5,2.120046332,3.047861458
5334,1,2009,3,24,1,11,1.640930331,2.507657791
5335,1,2009,3,24,1,11,0.780662969,1.850386489
5336,1,2009,3,24,1,11,0.526375659,1.723261153
5337,1,2009,3,24,1,11,0.403602116,1.667280825
5338,1,2009,3,24,1,11,0.642864742,1.814118052
5339,1,2011,7,5,1,22,1.216590585,2.205228813
5340,1,2011,9,17,5,15,1.04233409,2.059813236
5341,1,2011,9,17,5,15,0.297169131,1.674035232
5342,1,2011,12,25,6,4,1.029998969,2.025862737
5343,1,2015,3,5,3,13,1.075709645,2.325645841
5344,1,2015,3,5,3,13,0.821108372,2.033576163
5345,1,2014,9,1,0,9,0.962024921,2.167789144
5346,1,2015,6,21,6,17,0.949623617,2.148336749
5347,1,2015,6,21,6,17,1.585208478,2.6831182
5348,1,2015,6,21,6,17,1.645276181,2.727074021
5349,1,2015,6,21,6,17,1.390675157,2.500945046
5350,1,2015,6,21,6,17,1.222966621,2.352157456
5351,1,2010,6,2,2,22,1.303000405,2.252957016
5352,1,2010,6,2,2,22,2.039045455,2.820947811
5353,1,2010,6,2,2,22,1.16086744,2.196275464
5354,1,2010,6,2,2,22,0.792346265,1.859869321
5355,1,2014,3,1,5,9,0.782082465,2.014234796
5356,1,2014,3,1,5,9,0.895723191,2.17515109
5357,1,2014,3,1,5,9,3.183051748,3.863075328
5358,1,2011,7,18,0,12,0.797500189,1.892982377
5359,1,2011,7,18,0,12,0.809530167,1.948660819
5360,1,2011,7,18,0,12,1.207552866,2.244020535
5361,1,2015,2,27,4,19,1.468557542,2.549583935
5362,1,2015,2,27,4,19,0.427632219,1.756284761
5363,1,2015,2,27,4,19,1.760486392,2.831527527
5364,1,2015,2,27,4,19,0.553930184,1.801755568
5365,1,2015,2,27,4,19,0.98844924,2.223847994
5366,1,2015,2,27,4,19,0.980560676,2.209803862
5367,1,2015,2,27,4,19,2.10972163,3.089949892
5368,1,2015,2,27,4,19,0.802447437,2.025905654
5369,1,2015,2,27,4,19,1.885371907,2.909225532
5370,1,2012,4,16,0,21,1.377201749,2.341259677
5371,1,2015,6,14,6,8,0.725753659,1.987814102
5372,1,2014,1,15,2,22,0.80263811,2.025905654
5373,1,2014,1,15,2,22,3.141219846,4.000780831
5374,1,2014,1,15,2,22,1.668499454,2.706369118
5375,1,2013,4,6,5,19,0.439649626,1.766312421
5376,1,2013,4,6,5,19,1.076419979,2.297000714
5377,1,2013,4,6,5,19,1.17220641,2.317295755
5378,1,2013,4,6,5,19,1.519408743,2.596442413
5379,1,2014,3,8,5,16,1.47533323,2.601434518
5380,1,2014,3,8,5,16,0.326434263,1.749614967
5381,1,2013,12,6,4,23,1.267419391,2.404026555
5382,1,2013,12,6,4,23,2.855269488,3.657682125
5383,1,2013,12,6,4,23,2.65273885,3.561797995
5384,1,2013,12,6,4,23,1.699071573,2.847893341
5385,1,2013,8,19,0,17,0.635525556,1.861299381
5386,1,2013,8,19,0,17,1.242434889,2.370673907
5387,1,2013,8,19,0,17,0.751307141,2.01024554
5388,1,2013,8,19,0,17,1.375738163,2.508602198
5389,1,2009,11,2,0,21,1.64305692,2.498995441
5390,1,2009,6,3,2,9,1.21943542,2.245597215
5391,1,2009,6,3,2,9,1.951813991,2.782760309
5392,1,2009,6,3,2,9,1.110644907,2.152106255
5393,1,2009,6,3,2,9,0.666638475,1.811093555
5394,1,2015,3,12,3,13,0.989013377,2.253333631
5395,1,2015,3,12,3,13,1.453334641,2.565957586
5396,1,2015,3,12,3,13,1.064944066,2.325645841
5397,1,2015,3,12,3,13,0.695248086,1.94650717
5398,1,2013,2,5,1,6,1.589156913,2.659803089
5399,1,2013,2,5,1,6,3.078030382,3.928860542
5400,1,2013,2,5,1,6,1.923143307,2.973419373
5401,1,2014,5,19,0,6,0.859864133,2.039761073
5402,1,2014,10,4,5,21,0.964200527,2.151362679
5403,1,2014,10,4,5,21,1.148528096,2.318250833
5404,1,2014,10,4,5,21,2.641934612,3.545479512
5405,1,2012,1,22,6,4,1.834247851,2.694481273
5406,1,2012,1,22,6,4,1.019073478,2.016648526
5407,1,2012,1,22,6,4,1.320499767,2.292953614
5408,1,2012,1,22,6,4,1.930020462,2.823718418
5409,1,2010,7,27,1,6,2.22221199,3.083095734
5410,1,2013,6,21,4,11,0.69937244,1.90661525
5411,1,2013,6,21,4,11,1.214440486,2.387133848
5412,1,2010,12,23,3,5,2.360465121,3.219506483
5413,1,2010,12,23,3,5,3.043097647,3.914346466
5414,1,2010,12,17,4,10,1.261372931,2.24877059
5415,1,2010,12,17,4,10,0.508398045,1.71143809
5416,1,2012,6,4,0,11,1.311668179,2.349448471
5417,1,2012,6,4,0,11,0.764043153,1.86328646
5418,1,2012,6,4,0,11,1.953840142,2.830854246
5419,1,2009,7,5,6,16,0.726744992,1.875436584
5420,1,2009,7,5,6,16,1.100541531,2.121683835
5421,1,2009,7,5,6,16,2.414015789,3.339448047
5422,1,2012,12,8,5,20,0.519904676,1.780305256
5423,1,2012,12,8,5,20,1.250808218,2.293480552
5424,1,2012,12,8,5,20,1.50287939,2.406841694
5425,1,2010,6,23,2,8,1.420687196,2.390832155
5426,1,2010,6,23,2,8,0.732541287,1.853423003
5427,1,2010,6,23,2,8,1.059872988,2.104283937
5428,1,2012,3,7,2,10,1.065176158,2.170415734
5429,1,2012,3,7,2,10,1.82834389,2.707948429
5430,1,2012,3,7,2,10,0.843624888,1.999698326
5431,1,2012,3,7,2,10,0.93810607,2.015034241
5432,1,2012,3,7,2,10,1.059179215,2.153574709
5433,1,2010,2,24,2,7,0.976933881,1.98976126
5434,1,2013,12,29,6,1,2.035215659,2.498226049
5435,1,2013,12,29,6,1,0.959608849,2.089825868
5436,1,2014,3,28,4,22,2.373086036,3.456491197
5437,1,2014,3,28,4,22,0.437308026,1.756284761
5438,1,2014,3,28,4,22,1.159430212,2.271782882
5439,1,2010,12,4,5,21,1.478249519,2.387907947
5440,1,2010,12,4,5,21,2.25488159,3.151100826
5441,1,2010,12,4,5,21,1.085234087,2.133389021
5442,1,2010,12,4,5,21,1.113845225,2.128922649
5444,1,2010,3,7,6,17,0.941429129,1.974317461
5445,1,2010,3,7,6,17,1.694110727,2.560725883
5446,1,2010,3,7,6,17,1.826778183,2.637394966
5447,1,2013,9,7,5,19,1.627652389,2.740759224
5448,1,2013,9,7,5,19,2.001114862,3.015355578
5449,1,2013,9,7,5,19,1.369050466,2.455339266
5450,1,2013,9,7,5,19,1.13901548,2.322712917
5451,1,2013,9,7,5,19,0.997551724,2.23408448
5452,1,2013,12,20,4,15,1.037595279,2.291437938
5453,1,2013,12,20,4,15,1.036083255,2.272030846
5454,1,2010,9,6,0,4,2.276373264,3.148151448
5455,1,2013,11,1,4,5,3.07326904,3.835352674
5456,1,2010,3,7,6,0,2.058166967,2.808211762
5457,1,2012,3,20,1,1,2.157319086,3.019124078
5458,1,2011,10,2,6,5,1.9839344,2.821764097
5459,1,2010,10,31,6,18,0.692498919,1.823850181
5460,1,2010,10,31,6,18,2.085435246,2.986993901
5461,1,2010,10,31,6,18,1.077392565,2.133389021
5462,1,2010,10,31,6,18,0.601968544,1.805213603
5463,1,2015,2,3,1,9,1.143497032,2.345940882
5464,1,2012,8,8,2,8,1.042773797,2.090160217
5465,1,2012,8,8,2,8,0.530507432,1.781428605
5466,1,2012,8,8,2,8,1.011417843,2.058871891
5467,1,2012,8,8,2,8,1.053169534,2.15544084
5468,1,2011,4,8,4,15,1.226811479,2.211550059
5469,1,2011,4,8,4,15,0.833546841,1.956219537
5470,1,2009,1,14,2,3,1.500686426,2.386267359
5471,1,2015,1,10,5,9,1.404949413,2.546089317
5472,1,2015,1,10,5,9,0.886464032,2.132560593
5473,1,2015,1,10,5,9,1.619096187,2.737019028
5474,1,2010,12,4,5,9,1.79079032,2.592944766
5475,1,2010,12,4,5,9,1.280065808,2.28766063
5476,1,2009,5,12,1,17,1.87388151,2.692618341
5477,1,2013,11,7,3,2,1.982700633,2.992777902
5478,1,2014,10,3,4,0,1.816742203,2.825009044
5479,1,2014,10,3,4,0,0.790669559,1.950574876
5480,1,2014,10,3,4,0,1.579762913,2.67721017
5481,1,2010,6,18,4,19,2.399581517,3.246414808
5482,1,2010,6,18,4,19,0.652312177,1.810793985
5483,1,2010,6,18,4,19,0.915496112,1.977722354
5484,1,2010,5,10,0,3,1.403839069,2.386009335
5485,1,2013,6,21,4,0,2.271996087,3.315043507
5486,1,2013,6,21,4,0,1.913311047,2.938230283
5487,1,2013,6,21,4,0,1.627176298,2.671714357
5488,1,2009,3,11,2,16,0.965049335,1.994312405
5489,1,2009,3,11,2,16,0.950216885,1.974317461
5490,1,2009,3,11,2,16,1.472047763,2.40925994
5491,1,2009,3,11,2,16,0.387543278,1.667280825
5492,1,2009,3,11,2,16,1.070809651,2.138141994
5493,1,2009,3,11,2,16,0.887919124,1.973093309
5494,1,2013,7,5,4,17,1.13235434,2.332531438
5495,1,2013,8,26,0,1,1.649274591,2.650670088
5496,1,2013,8,26,0,1,1.348855724,2.367290905
5497,1,2012,7,30,0,1,0.480936139,1.728402543
5498,1,2012,7,30,0,1,2.323059693,3.315942908
5499,1,2011,5,13,4,3,0.894601346,1.917078586
5500,1,2012,2,29,2,12,1.378312803,2.351681779
5501,1,2012,2,29,2,12,0.466060953,1.734062029
5502,1,2012,2,29,2,12,0.996081013,2.034829531
5503,1,2013,12,17,1,17,0.640054041,1.857508505
5504,1,2012,9,18,1,9,1.210369268,2.330968164
5505,1,2012,9,18,1,9,2.410531405,3.499548274
5506,1,2012,9,18,1,9,1.486094913,2.444622228
5507,1,2013,7,23,1,18,0.899821836,2.156695638
5508,1,2013,7,23,1,18,0.984699571,2.211665895
5509,1,2014,5,15,3,1,2.441000077,3.380491208
5510,1,2013,9,16,0,14,0.800082031,2.031169503
5511,1,2013,9,16,0,14,2.733083269,3.677503893
5512,1,2014,1,4,5,17,2.292595178,3.42786589
5513,1,2014,1,4,5,17,1.060560301,2.313458928
5514,1,2014,1,4,5,17,1.061039044,2.313458928
5515,1,2011,3,10,3,18,0.895242561,1.969134357
5516,1,2011,3,10,3,18,0.720525511,1.849981766
5517,1,2011,3,10,3,18,0.781945802,1.857443565
5518,1,2013,4,5,4,6,1.02918008,2.138389416
5519,1,2013,4,5,4,6,1.685719969,2.67893501
5520,1,2009,3,11,2,12,1.796116881,2.581029054
5521,1,2009,3,11,2,12,0.606486029,1.807237097
5522,1,2009,3,11,2,12,0.788915435,1.850386489
5523,1,2015,1,20,1,5,3.130264462,4.007369506
5524,1,2009,8,3,0,17,0.611487346,1.811093555
5525,1,2014,1,5,6,8,0.801998243,2.017731769
5526,1,2010,3,13,5,1,2.253758969,3.08889171
5527,1,2010,3,13,5,1,0.697602163,1.814788275
5528,1,2012,5,30,2,2,1.617603266,2.495410697
5529,1,2012,7,26,3,12,0.853876717,2.019377567
5530,1,2012,7,26,3,12,2.491265343,3.481978642
5531,1,2012,7,26,3,12,1.145107545,2.233102061
5532,1,2010,9,22,2,16,0.810490493,1.938599595
5533,1,2010,9,22,2,16,0.986191987,2.033107686
5534,1,2010,9,22,2,16,2.365690531,3.381994175
5535,1,2014,5,26,0,22,0.910525224,2.123931655
5536,1,2014,5,26,0,22,1.751709784,2.813232
5537,1,2014,5,26,0,22,0.949741582,2.14624066
5538,1,2014,5,26,0,22,1.303301662,2.443110725
5539,1,2012,2,11,5,7,0.594238396,1.828525292
5540,1,2010,6,27,6,5,1.207201376,2.206799107
5541,1,2014,9,29,0,11,1.953207324,2.960532639
5542,1,2014,9,29,0,11,0.712605546,2.000628476
5543,1,2010,9,4,5,18,1.648080322,2.507983249
5544,1,2010,9,4,5,18,2.165956284,3.006874741
5545,1,2015,4,14,1,19,1.282592547,2.408969156
5546,1,2015,4,14,1,19,0.693180932,1.876480303
5547,1,2015,4,14,1,19,0.47747517,1.756284761
5548,1,2015,4,14,1,19,0.438175146,1.756284761
5549,1,2015,4,14,1,19,0.780690772,2.025905654
5550,1,2015,4,14,1,19,1.393603448,2.462996417
5551,1,2015,4,14,1,19,0.816383095,2.038942601
5552,1,2015,4,14,1,19,1.012412612,2.273053211
5553,1,2015,4,14,1,19,1.337880049,2.455769524
5554,1,2009,7,20,0,8,0.75913771,1.876672602
5555,1,2009,7,20,0,8,1.059686363,2.104880279
5556,1,2013,4,3,2,16,0.499101825,1.780655401
5557,1,2013,4,3,2,16,2.767542826,3.760803514
5558,1,2009,11,20,4,23,1.176809137,2.192370354
5559,1,2009,11,20,4,23,1.549386951,2.452626754
5560,1,2012,8,4,5,9,1.436972014,2.414842634
5561,1,2012,8,4,5,9,0.559076802,1.79928706
5562,1,2011,9,22,3,20,1.219193466,2.234108452
5563,1,2011,9,22,3,20,1.527934638,2.440018406
5564,1,2011,9,22,3,20,1.738649757,2.607730358
5565,1,2011,9,22,3,20,0.732179962,1.890092947
5566,1,2014,8,9,5,1,0.941526395,2.099270116
5567,1,2011,2,15,1,5,1.876506899,2.706149468
5568,1,2011,2,15,1,5,3.085257658,3.974442451
5569,1,2014,10,31,4,12,2.183487634,3.121828755
5570,1,2014,10,31,4,12,0.636029855,1.879053887
5571,1,2015,2,9,0,7,0.517536718,1.793877811
5572,1,2015,2,9,0,7,0.691752342,1.863306083
5573,1,2015,2,9,0,7,0.747730341,1.973972716
5574,1,2015,2,9,0,7,0.587985987,1.855772171
5575,1,2015,2,9,0,7,1.229511544,2.33377354
5576,1,2015,2,9,0,7,0.632549303,1.863306083
5577,1,2015,2,9,0,7,1.140517727,2.290667154
5578,1,2011,9,8,3,17,1.071544002,2.15694104
5579,1,2011,9,8,3,17,1.491657302,2.412981629
5580,1,2011,9,8,3,17,1.355652949,2.308819044
5581,1,2011,9,8,3,17,0.84937296,1.977414035
5582,1,2013,4,10,2,21,0.85542009,2.099601383
5583,1,2013,4,10,2,21,1.19507373,2.282298783
5584,1,2013,4,10,2,21,0.848643696,2.140963729
5585,1,2013,4,10,2,21,1.488485854,2.528751835
5586,1,2013,4,10,2,21,0.639680962,1.857508505
5587,1,2011,12,29,3,19,1.040755016,2.057911344
5588,1,2011,12,29,3,19,1.839431651,2.666536931
5589,1,2011,12,29,3,19,1.257992301,2.240663179
5590,1,2013,9,26,3,15,0.430843049,1.756284761
5591,1,2013,9,26,3,15,1.638458987,2.742311505
5592,1,2013,9,26,3,15,0.752797871,2.01024554
5593,1,2013,9,26,3,15,1.339242607,2.507524783
5594,1,2013,9,26,3,15,0.816629331,2.031840711
5595,1,2012,10,1,0,7,0.584506859,1.840090579
5596,1,2012,10,1,0,7,0.934529737,2.007115337
5597,1,2013,3,14,3,21,1.751795846,2.811646178
5598,1,2012,10,5,4,23,1.21905681,2.264924217
5599,1,2009,2,8,6,0,1.76140034,2.552121425
5600,1,2009,2,8,6,0,2.872707577,3.499990066
5601,1,2012,2,4,5,22,0.934612747,2.011336286
5602,1,2012,2,4,5,22,1.091388515,2.159485216
5603,1,2012,5,6,6,3,1.005988983,2.015773258
5604,1,2012,5,6,6,3,1.737728004,2.583236282
5605,1,2014,7,8,1,8,0.964474724,2.170472855
5606,1,2010,1,9,5,8,0.497993477,1.668291132
5607,1,2010,1,9,5,8,1.168002863,2.165286909
5608,1,2010,1,9,5,8,1.989656599,2.78790379
5609,1,2010,1,9,5,8,0.692964336,1.820825685
5610,1,2010,12,6,0,3,0.596225066,1.762765053
5611,1,2011,10,19,2,5,2.360880532,3.28593792
5612,1,2011,10,19,2,5,1.099208907,2.086892086
5613,1,2014,6,14,5,8,1.826900476,2.876189143
5614,1,2014,6,14,5,8,1.790062245,2.891236885
5615,1,2014,6,14,5,8,1.551309651,2.6545264
5616,1,2011,2,19,5,10,0.840749034,1.966601425
5617,1,2014,12,25,3,3,1.537030834,2.630986673
5618,1,2009,6,16,1,14,0.800931858,1.859869321
5619,1,2009,6,16,1,14,1.003501445,2.039440817
5621,1,2009,6,16,1,14,1.180509067,2.201676187
5622,1,2009,6,16,1,14,1.062876522,2.126550891
5623,1,2009,6,16,1,14,2.030512174,2.815940964
5624,1,2010,8,16,0,17,3.077769403,3.850840181
5625,1,2013,4,29,0,9,0.768356221,2.017775788
5627,1,2013,4,29,0,9,1.195363054,2.337310925
5628,1,2013,4,29,0,9,2.252518724,3.384124175
5629,1,2013,4,29,0,9,1.199613909,2.349909765
5630,1,2013,6,23,6,14,2.581662359,3.523728702
5631,1,2013,6,23,6,14,0.480393248,1.756284761
5632,1,2013,3,28,3,5,0.942991047,2.083841109
5633,1,2015,6,8,0,20,1.281597795,2.402587395
5634,1,2015,6,8,0,20,0.60446298,1.854935524
5635,1,2015,6,8,0,20,1.89269501,2.95796399
5636,1,2015,6,8,0,20,1.320265807,2.448392985
5637,1,2015,6,8,0,20,1.31413865,2.448934326
5638,1,2015,6,8,0,20,1.34685648,2.448392985
5639,1,2011,9,8,3,13,0.739796902,1.890092947
5640,1,2012,3,3,5,2,1.122035432,2.110388202
5641,1,2012,3,3,5,2,1.107541995,2.11487227
5642,1,2012,3,3,5,2,1.6285062,2.492256479
5643,1,2010,3,27,5,20,0.813537851,1.905174145
5644,1,2010,3,27,5,20,1.091202634,2.116206669
5645,1,2010,3,27,5,20,1.588179072,2.453612307
5646,1,2009,8,11,1,22,1.220411067,2.205228813
5647,1,2009,8,11,1,22,2.878104331,3.711397044
5648,1,2009,8,11,1,22,0.606039288,1.807237097
5649,1,2009,8,11,1,22,1.875996452,2.695820028
5650,1,2009,8,11,1,22,0.744865744,1.876672602
5651,1,2012,12,27,3,21,0.781999289,1.911068975
5652,1,2012,12,27,3,21,0.745956002,1.904622657
5653,1,2012,12,27,3,21,1.344526283,2.38772989
5654,1,2012,12,27,3,21,1.766516657,2.689366849
5655,1,2012,12,27,3,21,1.311650648,2.375141029
5656,1,2015,4,16,3,18,0.846380512,2.175695738
5657,1,2015,4,16,3,18,0.55664811,1.801755568
5658,1,2015,4,16,3,18,1.180918446,2.34148269
5659,1,2015,4,16,3,18,1.870042098,2.89544178
5660,1,2014,5,17,5,10,1.058804345,2.308187748
5661,1,2014,5,17,5,10,0.994807579,2.253333631
5662,1,2014,5,17,5,10,2.15765778,3.14215774
5663,1,2009,5,4,0,11,1.084326657,2.1272592
5664,1,2009,5,4,0,11,1.124517496,2.162103636
5665,1,2009,5,4,0,11,1.337687689,2.290752567
5666,1,2013,7,22,0,14,0.837464205,2.031840711
5667,1,2013,7,22,0,14,1.839519734,2.914277914
5668,1,2015,5,31,6,20,0.245668854,1.749614967
5669,1,2015,5,31,6,20,0.012164322,2.885547458
5670,1,2015,5,31,6,20,0.676812213,1.876367484
5671,1,2010,7,16,4,6,0.892264789,1.9246261
5672,1,2010,7,16,4,6,1.929141056,2.743368997
5673,1,2010,7,16,4,6,2.257867853,3.124711224
5674,1,2010,7,16,4,6,2.222059961,3.083095734
5675,1,2013,1,6,6,12,0.962644372,2.148336749
5676,1,2013,1,6,6,12,1.041646278,2.274116888
5677,1,2013,1,6,6,12,1.082477257,2.292288609
5678,1,2013,1,6,6,12,0.968918581,2.168963645
5679,1,2013,1,6,6,12,0.508953727,1.796204468
5680,1,2012,12,15,5,15,0.866206269,2.039423079
5681,1,2012,12,15,5,15,1.144315701,2.258975685
5682,1,2010,5,6,3,11,1.006944621,2.035681767
5684,1,2014,1,6,0,10,1.81107971,2.930677336
5685,1,2014,1,6,0,10,0.684820583,1.861364963
5686,1,2012,7,24,1,4,1.316599786,2.267663499
5687,1,2010,8,6,4,15,1.1440627,2.198497861
5688,1,2010,8,6,4,15,0.893411611,1.985425006
5689,1,2010,8,6,4,15,1.009400376,2.039440817
5690,1,2010,8,6,4,15,2.687722506,3.492072326
5691,1,2010,8,6,4,15,1.420272022,2.397488986
5692,1,2010,8,6,4,15,1.597798191,2.471520908
5693,1,2010,8,6,4,15,0.821351341,1.966920028
5694,1,2010,11,10,2,23,1.083645805,2.133389021
5695,1,2010,11,10,2,23,1.327459287,2.279660793
5696,1,2013,3,31,6,0,1.140369562,2.220563379
5697,1,2013,3,31,6,0,1.225955497,2.258155688
5698,1,2010,2,1,0,0,1.666363014,2.538188778
5699,1,2010,2,1,0,0,2.066456434,2.802833132
5700,1,2009,6,18,3,18,1.786172958,2.595310615
5701,1,2009,6,18,3,18,1.217491276,2.233584694
5702,1,2009,6,18,3,18,1.424168018,2.412663568
5703,1,2015,1,3,5,8,1.332511253,2.499867632
5704,1,2015,1,3,5,8,1.385901836,2.508356324
5705,1,2014,6,20,4,2,1.012590526,2.096836855
5706,1,2011,2,3,3,7,0.698447553,1.828126293
5707,1,2014,1,14,1,18,1.325671604,2.484085654
5708,1,2014,1,14,1,18,0.831369485,2.038942601
5709,1,2014,1,14,1,18,0.649795648,1.857508505
5710,1,2014,1,14,1,18,0.892965489,2.143656352
5711,1,2014,1,14,1,18,1.056081779,2.31591647
5712,1,2014,1,14,1,18,0.933412461,2.165812783
5713,1,2014,1,14,1,18,0.745513753,2.01024554
5714,1,2013,10,18,4,5,2.640572583,3.4696948
5715,1,2011,7,20,2,8,1.204387339,2.220307197
5716,1,2011,7,20,2,8,0.584463294,1.821909482
5717,1,2011,7,20,2,8,1.17311662,2.190142001
5718,1,2009,5,3,6,16,1.206504529,2.212030317
5719,1,2009,5,3,6,16,0.831308759,1.956219537
5720,1,2009,5,3,6,16,1.083204899,2.145410819
5721,1,2009,5,3,6,16,1.956135733,2.777150395
5722,1,2012,9,6,3,17,0.337771769,1.751190154
5723,1,2012,9,6,3,17,1.11138757,2.218448032
5724,1,2014,4,6,6,16,0.888577518,2.123325029
5725,1,2014,9,6,5,3,1.463169607,2.525211259
5726,1,2013,7,27,5,9,0.80129853,2.019498645
5727,1,2014,12,26,4,20,0.786742577,2.031169503
5728,1,2014,1,1,2,13,0.693830319,1.874151968
5729,1,2011,12,25,6,15,1.202126813,2.229761319
5730,1,2011,12,25,6,15,1.274865892,2.280542647
5731,1,2015,5,14,3,23,1.932935786,2.95144436
5732,1,2015,5,14,3,23,1.142104276,2.251004637
5733,1,2015,5,14,3,23,1.009814636,2.211040833
5734,1,2015,5,14,3,23,0.860763479,2.099601383
5735,1,2015,5,14,3,23,1.273442327,2.394858529
5736,1,2015,5,14,3,23,1.710566089,2.7591795
5737,1,2015,5,14,3,23,0.944701123,2.151362679
5738,1,2015,4,22,2,9,0.863343915,2.114770633
5739,1,2015,4,22,2,9,0.580339991,1.86591083
5740,1,2009,3,22,6,7,1.513617775,2.423483287
5741,1,2012,4,30,0,4,2.153900356,2.988191882
5742,1,2009,1,21,2,9,0.539214585,1.723261153
5743,1,2009,1,21,2,9,0.742465943,1.843940171
5744,1,2009,1,21,2,9,1.258142251,2.215301866
5745,1,2009,1,21,2,9,0.907036702,1.973883976
5746,1,2010,6,11,4,18,0.818082352,1.957044769
5747,1,2010,6,11,4,18,0.38576368,1.667280825
5748,1,2010,6,11,4,18,1.692858529,2.564780565
5749,1,2010,6,11,4,18,1.701822814,2.564780565
5750,1,2012,9,1,5,19,1.137983622,2.254517493
5751,1,2014,6,18,2,6,0.814830169,1.968879183
5752,1,2014,6,18,2,6,1.574367825,2.782386576
5753,1,2009,12,9,2,8,0.967352242,2.017999692
5754,1,2009,12,9,2,8,0.720769376,1.880012348
5755,1,2009,12,9,2,8,2.999986825,3.914346466
5756,1,2009,12,9,2,8,3.070054403,3.914346466
5757,1,2013,6,6,3,2,1.490820875,2.546941538
5758,1,2013,6,6,3,2,0.963606817,2.095334171
5759,1,2010,7,19,0,12,0.854542484,1.985070942
5760,1,2010,7,19,0,12,1.710233625,2.578683272
5761,1,2010,7,19,0,12,0.957630314,2.003431031
5762,1,2010,7,19,0,12,0.742645819,1.876672602
5763,1,2013,12,18,2,12,0.850149124,2.201751661
5764,1,2013,12,18,2,12,2.360408448,3.547471341
5765,1,2013,12,18,2,12,0.93765554,2.165812783
5766,1,2013,12,18,2,12,1.165437973,2.339358023
5767,1,2009,1,25,6,21,1.322690623,2.299710183
5768,1,2009,1,25,6,21,1.130808007,2.157186505
5769,1,2012,10,3,2,9,0.972184098,2.056311615
5770,1,2012,10,3,2,9,1.114344872,2.227624676
5771,1,2012,10,3,2,9,0.805479563,1.921014841
5772,1,2012,10,3,2,9,1.685311853,2.622401396
5773,1,2012,10,3,2,9,1.431624592,2.423305037
5774,1,2012,6,13,2,19,1.497635145,2.399402474
5775,1,2012,6,13,2,19,1.559665763,2.448765181
5776,1,2012,6,13,2,19,0.749235709,1.86328646
5777,1,2011,9,3,5,0,0.699597683,1.853281078
5778,1,2011,9,3,5,0,1.885049399,2.736477144
5779,1,2011,9,3,5,0,0.914859873,1.925108244
5780,1,2011,9,3,5,0,1.002936865,2.015806026
5781,1,2011,9,3,5,0,1.30568836,2.299303399
5782,1,2011,9,3,5,0,1.067967886,2.253214973
5783,1,2011,9,3,5,0,1.293043962,2.291194292
5784,1,2009,1,27,1,13,1.526663728,2.455657673
5785,1,2009,1,27,1,13,0.943634586,1.978015417
5786,1,2009,7,3,4,0,1.423072562,2.382002892
5787,1,2009,7,3,4,0,0.487730903,1.660184856
5788,1,2010,5,29,5,11,0.666050145,1.81767494
5789,1,2013,7,2,1,22,0.943930318,2.146702607
5790,1,2013,7,2,1,22,1.723728974,2.831626051
5791,1,2015,5,9,5,11,0.716340449,2.000628476
5792,1,2015,5,9,5,11,0.844380276,2.042054833
5793,1,2015,5,9,5,11,2.62892311,3.56442074
5794,1,2011,7,18,0,0,0.58325441,1.78255101
5795,1,2011,4,3,6,3,1.540897194,2.40794767
5796,1,2009,11,3,1,13,0.752889906,1.884773304
5797,1,2009,11,3,1,13,2.050005791,2.911724686
5798,1,2009,11,3,1,13,1.162528688,2.205581296
5799,1,2010,6,25,4,14,1.10379334,2.127819235
5800,1,2010,12,20,0,9,1.466105127,2.454129464
5801,1,2010,12,20,0,9,0.75552284,1.884773304
5802,1,2014,5,20,1,14,1.137918474,2.345940882
5803,1,2014,5,20,1,14,0.608683752,1.861299381
5804,1,2010,9,16,3,5,0.929897074,1.935056499
5805,1,2011,8,1,0,17,0.09604531,1.91649207
5806,1,2011,8,1,0,17,0.700587193,1.831557537
5807,1,2011,8,1,0,17,1.399932696,2.382878413
5808,1,2011,8,1,0,17,1.258304596,2.244062068
5809,1,2011,8,1,0,17,0.563998971,1.75134877
5810,1,2011,3,1,1,7,0.851683384,1.913624234
5811,1,2011,3,1,1,7,0.787984138,1.853886677
5812,1,2011,6,24,4,13,1.595603173,2.477188882
5813,1,2011,6,24,4,13,1.771642999,2.59855161
5814,1,2011,6,24,4,13,1.953700181,2.777150395
5815,1,2011,6,24,4,13,1.393682569,2.305015693
5816,1,2013,11,19,1,2,1.258591402,2.298583288
5817,1,2012,1,1,6,18,0.73826255,1.840127369
5818,1,2012,1,1,6,18,1.160970852,2.212831387
5819,1,2015,3,28,5,19,0.712882151,2.000628476
5820,1,2015,3,28,5,19,0.863082735,2.119994218
5821,1,2015,3,28,5,19,0.947778092,2.163223726
5822,1,2015,3,28,5,19,1.543559422,2.627197997
5823,1,2010,7,13,1,11,1.097795606,2.127819235
5824,1,2010,7,13,1,11,1.34691962,2.290752567
5825,1,2010,7,13,1,11,1.715237978,2.573573207
5826,1,2010,7,13,1,11,1.2122372,2.241692105
5827,1,2013,2,7,3,13,1.15584148,2.33394086
5828,1,2013,2,7,3,13,0.342549007,1.749614967
5829,1,2013,2,7,3,13,1.075405764,2.31364582
5830,1,2013,8,8,3,14,0.377780366,1.749614967
5831,1,2013,8,8,3,14,0.603345619,1.853831051
5832,1,2015,5,19,1,13,2.37016143,3.520953519
5833,1,2015,5,19,1,13,1.234899656,2.39413478
5834,1,2015,5,19,1,13,1.298518043,2.485421727
5835,1,2015,5,19,1,13,2.5603689,3.535450564
5836,1,2015,5,19,1,13,0.684313341,1.876480303
5837,1,2015,5,19,1,13,1.458723532,2.565957586
5838,1,2012,7,31,1,22,1.266119945,2.283668333
5839,1,2012,7,31,1,22,0.725155568,1.892965067
5840,1,2013,1,3,3,8,1.227763438,2.387133848
5841,1,2013,1,3,3,8,0.820413359,2.023871497
5842,1,2013,1,3,3,8,0.869032959,2.114770633
5843,1,2013,1,3,3,8,0.951972102,2.170472855
5844,1,2013,1,3,3,8,2.067754576,3.045488036
5845,1,2013,1,3,3,8,2.103057221,3.071284558
5846,1,2009,4,14,1,17,0.881170081,1.969134357
5847,1,2009,4,14,1,17,1.672154084,2.573651699
5848,1,2009,4,14,1,17,1.234370743,2.211550059
5849,1,2009,4,14,1,17,0.884388913,1.969134357
5850,1,2009,4,14,1,17,1.417745284,2.413669349
5851,1,2009,4,14,1,17,0.859169284,1.969153692
5852,1,2009,11,19,3,22,1.223202107,2.213842445
5853,1,2009,11,19,3,22,2.191971202,3.033286306
5854,1,2009,11,19,3,22,0.981246575,2.040692896
5855,1,2013,2,15,4,0,1.826248359,2.81102688
5856,1,2013,2,15,4,0,1.758922256,2.747403729
5857,1,2013,2,15,4,0,1.130995634,2.210029553
5858,1,2012,3,25,6,4,1.657332797,2.551419716
5859,1,2012,3,24,5,23,0.834304789,1.991995382
5860,1,2012,12,26,2,18,0.796505895,1.907512087
5861,1,2012,12,26,2,18,1.68486183,2.649495349
5862,1,2012,12,26,2,18,1.272536232,2.359033802
5863,1,2012,12,26,2,18,0.393757223,1.742524891
5864,1,2012,12,26,2,18,2.192925365,3.168016501
5865,1,2012,12,26,2,18,3.196370792,3.985427835
5866,1,2011,7,6,2,19,1.038144274,2.061387851
5867,1,2011,7,6,2,19,0.784489855,1.892982377
5868,1,2011,7,6,2,19,1.870082412,2.683483468
5869,1,2011,7,6,2,19,1.438960941,2.379282045
5870,1,2011,7,6,2,19,1.261341015,2.232049547
5871,1,2014,12,15,0,10,0.50298726,1.758351467
5872,1,2014,12,15,0,10,2.021854575,3.026162114
5873,1,2014,12,15,0,10,1.380638707,2.516013476
5874,1,2011,8,14,6,21,1.356348866,2.285928486
5875,1,2011,8,14,6,21,1.344979807,2.285928486
5876,1,2010,6,6,6,21,0.977589204,2.014956641
5877,1,2013,9,27,4,19,1.48566462,2.562227683
5878,1,2013,9,27,4,19,2.515728173,3.49654665
5879,1,2013,9,27,4,19,0.909403073,2.149446508
5880,1,2013,9,27,4,19,1.128083872,2.323191131
5881,1,2013,5,28,1,18,1.47998311,2.603951386
5882,1,2013,5,28,1,18,0.930107963,2.165812783
5883,1,2013,5,28,1,18,0.816518898,2.026576862
5884,1,2013,5,28,1,18,0.282803105,1.749614967
5885,1,2015,6,15,0,14,0.670504624,1.876480303
5886,1,2010,7,4,6,16,1.128946845,2.181239844
5887,1,2010,7,4,6,16,4.587423393,1.609325849
5888,1,2014,11,26,2,6,1.652524706,2.665025436
5889,1,2010,7,27,1,11,1.858937068,2.661036983
5890,1,2010,7,27,1,11,1.228641758,2.241692105
5891,1,2010,7,27,1,11,1.992876289,2.809129912
5892,1,2010,7,27,1,11,1.448698398,2.421968317
5893,1,2010,7,27,1,11,1.227786744,2.241692105
5894,1,2010,7,27,1,11,2.182212418,3.00482766
5895,1,2010,12,19,6,16,1.544705831,2.451190042
5896,1,2010,12,19,6,16,0.865421766,1.985425006
5897,1,2010,12,19,6,16,1.188389714,2.201676187
5898,1,2012,8,19,6,12,0.331074126,1.727392235
5899,1,2011,2,26,5,12,0.597561512,1.811484988
5900,1,2011,2,26,5,12,0.769842389,1.840127369
5901,1,2015,6,18,3,20,1.123501898,2.262420756
5902,1,2015,6,18,3,20,2.536416175,3.503272962
5903,1,2015,6,18,3,20,2.781069158,3.694647548
5904,1,2015,6,18,3,20,0.456629481,1.756284761
5905,1,2013,11,24,6,21,3.182188925,4.006200236
5906,1,2013,11,24,6,21,1.426578156,2.496770212
5907,1,2015,4,28,1,20,2.972302436,3.990658808
5908,1,2015,4,28,1,20,0.95252668,2.151362679
5909,1,2015,4,28,1,20,1.093554501,2.243756037
5910,1,2015,4,28,1,20,0.855825185,2.099601383
5911,1,2015,4,28,1,20,1.639592466,2.708132398
5912,1,2013,1,23,2,13,1.235229859,2.387133848
5913,1,2013,1,23,2,13,2.578532464,3.524309171
5914,1,2014,3,12,2,19,2.175864513,3.201470802
5915,1,2014,3,12,2,19,2.110525713,3.067463708
5916,1,2014,3,12,2,19,0.98540119,2.23204037
5917,1,2010,7,26,0,9,0.603368556,1.805213603
5918,1,2012,1,3,1,8,0.892546729,2.012150678
5919,1,2012,1,3,1,8,3.081848238,3.806289998
5920,1,2012,1,3,1,8,0.646987013,1.837624654
5921,1,2012,1,3,1,8,0.627638385,1.837624654
5922,1,2012,11,5,0,14,1.867756281,2.785667295
5923,1,2012,11,5,0,14,0.526165301,1.798210673
5924,1,2012,6,9,5,19,1.186887323,2.228643869
5925,1,2012,6,9,5,19,1.483477362,2.404085511
5926,1,2012,6,9,5,19,0.204330195,1.776383058
5927,1,2012,6,9,5,19,1.600986588,2.470857433
5928,1,2012,6,9,5,19,1.346550783,2.34419471
5929,1,2010,10,17,6,23,1.339517453,2.279660793
5930,1,2010,10,17,6,23,0.829975406,1.975736791
5931,1,2010,10,17,6,23,0.671466015,1.816969227
5932,1,2010,10,17,6,23,1.559361192,2.436799225
5933,1,2010,10,17,6,23,0.831272581,1.975736791
5934,1,2014,6,7,5,12,2.336167695,3.420957688
5935,1,2014,6,7,5,12,1.020342943,2.282106316
5936,1,2011,9,8,3,22,0.947938597,1.986649159
5937,1,2011,9,8,3,22,1.318324336,2.312685064
5938,1,2011,9,8,3,22,2.012636757,2.803925142
5939,1,2011,9,8,3,22,1.610981172,2.471772904
5940,1,2014,10,30,3,19,3.016187427,4.006200236
5941,1,2014,10,30,3,19,0.641169175,1.879053887
5942,1,2014,10,30,3,19,0.493154539,1.756284761
5943,1,2014,10,30,3,19,2.729480203,3.638401437
5944,1,2014,10,30,3,19,0.992853666,2.223847994
5945,1,2010,6,18,4,22,0.506774694,1.704683682
5946,1,2011,2,16,2,5,0.968563123,1.969132236
5947,1,2011,9,13,1,13,0.783008878,1.892982377
5948,1,2011,9,13,1,13,3.089729308,3.984673079
5949,1,2011,9,13,1,13,0.82292413,1.976755802
5950,1,2009,9,28,0,4,1.570214234,2.466886907
5951,1,2009,1,11,6,3,2.002325157,2.79136515
5952,1,2009,1,11,6,3,1.528361453,2.413957334
5953,1,2009,1,11,6,3,1.820870512,2.581780978
5954,1,2009,1,11,6,3,0.895495262,1.917078586
5955,1,2014,1,24,4,3,2.041773689,2.986930045
5956,1,2014,8,6,2,18,1.239730559,2.363463898
5957,1,2014,8,6,2,18,1.070653797,2.321187649
5958,1,2009,8,26,2,0,0.982877806,2.011637394
5959,1,2014,1,19,6,9,2.056410972,2.917999808
5960,1,2010,1,27,2,6,1.028945797,2.008031738
5961,1,2011,11,30,2,23,1.590458429,2.461007085
5962,1,2011,11,30,2,23,1.39766737,2.417238352
5963,1,2011,11,30,2,23,0.869735354,1.981466055
5964,1,2014,8,3,6,23,1.293408969,2.414162742
5965,1,2014,8,3,6,23,1.559848312,2.70653793
5966,1,2014,8,3,6,23,1.029846746,2.218763978
5967,1,2014,10,6,0,9,1.873978773,2.934934202
5968,1,2014,10,6,0,9,2.350966385,3.522788279
5969,1,2014,10,6,0,9,1.145626545,2.351358044
5970,1,2014,10,6,0,9,1.136894614,2.351358044
5971,1,2009,8,28,4,12,1.545921692,2.463056897
5972,1,2009,8,28,4,12,2.092384617,2.94756328
5973,1,2009,8,28,4,12,2.346839595,3.351351439
5974,1,2009,8,28,4,12,1.018555652,2.082007499
5975,1,2012,3,15,3,18,0.818492311,1.985357487
5976,1,2012,3,15,3,18,1.623999362,2.527379353
5977,1,2012,3,15,3,18,1.174717581,2.212831387
5978,1,2012,3,15,3,18,1.082655712,2.1749813
5979,1,2011,11,23,2,21,0.523239241,1.722459581
5980,1,2011,11,23,2,21,1.567798855,2.446726589
5981,1,2012,11,23,4,7,0.956233653,2.027954004
5982,1,2010,11,17,2,19,2.114500959,3.009702784
5983,1,2010,11,17,2,19,1.120114804,2.175525397
5984,1,2010,11,17,2,19,0.8234127,1.969098896
5985,1,2010,11,17,2,19,2.376350952,3.246414808
5986,1,2010,11,17,2,19,1.431357745,2.40389126
5987,1,2010,11,17,2,19,0.777730413,1.891219622
5988,1,2015,2,14,5,13,1.39924738,2.531002381
5989,1,2015,2,14,5,13,1.165347889,2.333753968
5990,1,2015,2,14,5,13,0.636848573,1.876480303
5991,1,2015,2,14,5,13,0.933844305,2.165812783
5992,1,2015,2,14,5,13,1.751496629,2.828838586
5993,1,2013,1,12,5,22,0.475286381,1.756284761
5994,1,2013,1,12,5,22,1.453000039,2.481761755
5995,1,2013,1,12,5,22,1.508080738,2.583325627
5996,1,2013,1,12,5,22,0.88071923,2.099601383
5997,1,2013,1,12,5,22,0.565591675,1.818564888
5998,1,2011,4,12,1,12,0.866404688,1.976791264
5999,1,2011,4,12,1,12,2.32906708,3.260993659
6000,1,2010,11,4,3,20,0.637420202,1.814650443
6001,1,2010,11,4,3,20,0.795573249,1.89477651
6002,1,2010,11,4,3,20,1.198089223,2.201676187
6003,1,2010,11,4,3,20,0.923009337,1.986649159
6004,1,2010,11,4,3,20,0.977816413,2.022541851
6005,1,2011,4,25,0,19,0.049575748,1.826679258
6006,1,2011,4,25,0,19,0.940424458,1.974317461
6007,1,2011,4,25,0,19,0.990271369,2.027011666
6008,1,2011,4,25,0,19,0.962397831,1.987328955
6009,1,2011,4,25,0,19,1.032679861,2.051335098
6010,1,2010,2,15,0,14,1.231837886,2.211550059
6011,1,2013,3,23,5,15,1.163140254,2.321753947
6012,1,2013,3,23,5,15,1.091833725,2.290121046
6013,1,2013,3,23,5,15,0.723200638,1.997916255
6014,1,2012,12,9,6,6,3.062231095,3.987205286
6015,1,2013,11,7,3,16,0.10828535,1.966849699
6016,1,2013,11,7,3,16,0.921059064,2.165812783
6017,1,2013,11,7,3,16,0.771925023,2.025803065
6018,1,2011,8,8,0,11,1.179791827,2.201676187
6019,1,2011,8,8,0,11,1.074259491,2.132285608
6020,1,2011,8,8,0,11,0.99192434,2.040132143
6021,1,2009,5,8,4,22,0.627531392,1.814650443
6022,1,2009,5,8,4,22,1.759857942,2.584235136
6023,1,2009,5,8,4,22,1.744611603,2.591390966
6024,1,2012,11,15,3,18,1.71701896,2.635767104
6025,1,2012,11,15,3,18,0.789168285,1.911068975
6026,1,2012,11,15,3,18,0.586866315,1.845186455
6027,1,2012,11,15,3,18,1.047190295,2.158318178
6028,1,2012,11,15,3,18,2.154226717,3.11234213
6029,1,2012,11,15,3,18,1.023880541,2.13931719
6030,1,2012,11,15,3,18,1.20797424,2.309404498
6031,1,2010,1,31,6,0,0.926292255,1.927508985
6032,1,2010,1,31,6,0,0.579580692,1.812554422
6033,1,2010,1,31,6,0,2.318529406,3.104427394
6034,1,2010,1,31,6,0,0.782443548,1.836935679
6035,1,2010,1,31,6,0,1.670577753,2.557203532
6036,1,2012,4,20,4,7,0.81233824,1.89033699
6037,1,2012,4,20,4,7,1.832645876,2.705730969
6038,1,2012,4,20,4,7,1.116765124,2.16194028
6039,1,2012,4,20,4,7,1.600402376,2.47410743
6040,1,2009,9,29,1,9,0.867503012,1.989122961
6041,1,2009,9,29,1,9,1.276128011,2.280542647
6042,1,2010,12,31,4,5,0.982062409,2.015022702
6043,1,2010,12,31,4,5,1.787852673,2.593317547
6044,1,2009,1,18,6,18,2.290088,3.186395052
6045,1,2009,1,28,2,11,0.551514476,1.723261153
6046,1,2013,5,4,5,5,1.335953515,2.404667754
6047,1,2014,2,23,6,13,0.778416227,2.01945838
6048,1,2014,2,23,6,13,0.56729115,1.822355764
6049,1,2010,10,28,3,12,1.167829944,2.201676187
6050,1,2010,10,28,3,12,0.914115183,1.986215674
6051,1,2010,10,28,3,12,1.539599254,2.476660647
6052,1,2015,5,20,2,19,1.649633357,2.713988873
6053,1,2015,5,20,2,19,1.491918316,2.562227683
6054,1,2015,5,20,2,19,1.398028704,2.484886493
6055,1,2015,5,20,2,19,1.424879418,2.520488985
6056,1,2015,5,20,2,19,2.618284596,3.53081045
6057,1,2015,5,20,2,19,0.937991563,2.158563654
6058,1,2015,5,20,2,19,1.029262889,2.269401486
6059,1,2015,3,20,4,16,1.03701271,2.303437959
6060,1,2015,3,20,4,16,0.889407129,2.132560593
6061,1,2013,4,26,4,17,0.993928253,2.225710026
6062,1,2014,1,11,5,17,2.405603323,3.520909755
6063,1,2014,1,11,5,17,0.772793024,2.01945838
6064,1,2014,1,11,5,17,1.747007821,2.828838586
6065,1,2014,1,11,5,17,0.823940128,2.032495328
6066,1,2014,1,11,5,17,1.077038691,2.313458928
6067,1,2012,3,10,5,10,1.277909781,2.341838872
6068,1,2012,3,10,5,10,1.373260928,2.365621527
6069,1,2012,3,10,5,10,0.948143002,2.015034241
6070,1,2012,3,10,5,10,0.523469583,1.773550848
6071,1,2012,3,10,5,10,1.201273136,2.252640767
6072,1,2012,7,12,3,2,2.466158019,3.357515975
6073,1,2009,1,6,1,14,0.659692023,1.811093555
6074,1,2009,1,6,1,14,0.76095294,1.843940171
6075,1,2009,1,6,1,14,0.775544104,1.850386489
6076,1,2015,4,15,2,3,0.652066582,1.855253066
6077,1,2015,4,26,6,21,2.349911371,3.352336542
6078,1,2015,4,26,6,21,1.500667804,2.642410404
6079,1,2014,11,24,0,5,1.975202271,2.985880851
6080,1,2014,3,5,2,23,1.6570652,2.703125166
6081,1,2015,1,4,6,0,0.856154688,2.045587532
6082,1,2015,1,4,6,0,1.3561807,2.357844257
6083,1,2015,1,4,6,0,0.619090798,1.862727299
6084,1,2015,1,4,6,0,1.38933346,2.379540625
6085,1,2014,12,17,2,20,0.764617849,2.022999372
6086,1,2014,12,17,2,20,1.813197917,2.863496567
6087,1,2014,12,17,2,20,1.262410168,2.320036104
6088,1,2010,10,4,0,16,0.631998558,1.811093555
6089,1,2010,10,4,0,16,0.517539799,1.722459581
6090,1,2010,10,4,0,16,1.006244925,2.044839707
6091,1,2010,10,4,0,16,1.632647817,2.5171283
6092,1,2010,10,9,5,15,0.597136332,1.802189107
6093,1,2010,10,9,5,15,1.534243412,2.449662327
6094,1,2010,10,9,5,15,0.396319546,1.674035232
6095,1,2013,10,10,3,11,0.274101233,1.742599117
6096,1,2013,10,10,3,11,1.0705864,2.319062982
6097,1,2013,10,10,3,11,0.615294299,1.857508505
6098,1,2013,10,10,3,11,0.865240256,2.119994218
6099,1,2013,10,10,3,11,1.129803201,2.333755992
6100,1,2010,12,14,1,0,2.201339641,3.014128165
6101,1,2010,12,14,1,0,0.852253095,1.905468484
6102,1,2010,12,14,1,0,1.612451268,2.4935522
6103,1,2013,1,8,1,7,1.033871522,2.196523089
6104,1,2013,1,8,1,7,1.380670716,2.497057527
6105,1,2013,1,8,1,7,0.827285298,2.012373897
6106,1,2012,10,28,6,17,0.993959435,2.088273119
6107,1,2012,10,28,6,17,0.473793306,1.747832287
6108,1,2010,3,10,2,10,1.091930972,2.1272592
6109,1,2010,3,10,2,10,0.980848202,2.020088858
6110,1,2010,3,10,2,10,0.929742409,1.978015417
6111,1,2010,3,10,2,10,1.839362156,2.652664729
6112,1,2012,4,27,4,22,0.70909407,1.85684512
6113,1,2012,4,27,4,22,0.658164048,1.848868988
6114,1,2009,4,14,1,6,3.075698223,3.88960759
6115,1,2009,4,14,1,6,0.574634813,1.737808761
6116,1,2013,7,22,0,14,2.086467546,3.05097403
6117,1,2012,2,11,5,21,0.461051631,1.741077879
6118,1,2012,2,11,5,21,1.13863913,2.212831387
6119,1,2012,2,11,5,21,0.503950091,1.756036539
6120,1,2012,2,11,5,21,0.714407631,1.837616076
6121,1,2015,5,10,6,12,1.949726631,2.950246788
6122,1,2015,5,10,6,12,0.630018856,1.876480303
6123,1,2015,5,10,6,12,0.843994189,2.042054833
6124,1,2010,12,11,5,13,1.335304392,2.302802204
6125,1,2010,12,11,5,13,1.5256161,2.449662327
6126,1,2010,3,1,0,22,0.484586683,1.673950618
6127,1,2010,3,1,0,22,1.565227056,2.462573413
6128,1,2014,11,3,0,22,1.275628863,2.411755421
6129,1,2009,8,26,2,16,0.332050629,1.667280825
6130,1,2009,8,26,2,16,0.978583402,2.014956641
6131,1,2010,6,7,0,10,0.366807772,1.661621338
6132,1,2010,6,7,0,10,0.921886728,1.985551749
6133,1,2010,6,7,0,10,1.987818827,2.76199482
6134,1,2010,6,7,0,10,1.637951409,2.478516472
6135,1,2015,3,8,6,14,1.806272972,2.862242427
6136,1,2015,3,8,6,14,3.096418163,4.012788911
6137,1,2015,3,8,6,14,2.102954681,3.021720814
6138,1,2010,12,13,0,5,1.38955606,2.314038547
6139,1,2012,10,12,4,15,0.687006085,1.837325084
6140,1,2011,5,17,1,7,0.755707605,1.857549103
6141,1,2011,5,17,1,7,1.138041695,2.140190415
6142,1,2011,5,17,1,7,0.067901828,1.812913496
6143,1,2012,12,26,2,20,1.60170552,2.490255621
6144,1,2012,12,26,2,20,1.297523184,2.378122876
6145,1,2012,12,26,2,20,1.657222878,2.595538076
6146,1,2009,2,22,6,14,1.766170563,2.574506486
6147,1,2011,12,17,5,16,1.714451972,2.586267271
6148,1,2011,12,17,5,16,1.367008789,2.315734842
6149,1,2014,12,2,1,23,1.356542887,2.448392985
6150,1,2014,12,2,1,23,1.267559127,2.404026555
6151,1,2014,11,11,1,11,0.620642534,1.857508505
6152,1,2014,7,11,4,12,1.331460081,2.507524783
6153,1,2014,7,11,4,12,1.012060082,2.273053211
6154,1,2014,7,11,4,12,1.647646988,2.727074021
6155,1,2010,1,25,0,15,0.611788402,1.814118052
6156,1,2010,1,25,0,15,1.339216071,2.283634584
6158,1,2014,1,26,6,13,0.856360339,2.110758653
6159,1,2011,11,18,4,4,0.712635554,1.866695295
6160,1,2011,11,18,4,4,3.053213256,3.979861856
6161,1,2011,11,18,4,4,0.468431992,1.673961148
6162,1,2014,11,30,6,15,1.032477514,2.241082895
6163,1,2014,11,30,6,15,1.089271574,2.291739938
6164,1,2014,11,30,6,15,2.250204979,3.364982624
6165,1,2014,11,30,6,15,0.530534276,1.801755568
6166,1,2011,8,20,5,15,2.462058991,3.378787697
6167,1,2010,6,22,1,14,1.550447683,2.448954363
6168,1,2010,6,22,1,14,0.796264581,1.859869321
6169,1,2010,6,22,1,14,0.805554493,1.880655877
6170,1,2010,6,22,1,14,0.637064249,1.814118052
6171,1,2010,6,22,1,14,1.268384698,2.259590246
6172,1,2010,12,6,0,18,1.401587036,2.399903011
6173,1,2010,12,6,0,18,1.983506236,2.814734087
6174,1,2014,5,25,6,19,1.99031578,2.926868842
6175,1,2014,5,25,6,19,0.118387411,2.034680793
6176,1,2014,5,25,6,19,1.055236432,2.257079938
6177,1,2009,11,20,4,14,1.061933737,2.127654304
6178,1,2009,11,20,4,14,1.789035238,2.602495852
6179,1,2009,11,20,4,14,1.599984698,2.480936538
6180,1,2009,11,20,4,14,1.037935764,2.068430712
6181,1,2009,11,20,4,14,1.175159953,2.201676187
6182,1,2010,9,17,4,18,1.914518627,2.738904035
6183,1,2011,2,23,2,21,0.690309,1.826564677
6184,1,2011,2,23,2,21,1.706568902,2.567986917
6185,1,2013,1,3,3,11,0.473146153,1.77363955
6186,1,2014,4,4,4,5,1.877193836,2.886495675
6187,1,2014,8,18,0,19,1.192077105,2.344852755
6188,1,2014,8,18,0,19,1.743280371,2.834872715
6189,1,2010,4,12,0,8,0.634426675,1.807237097
6190,1,2010,4,12,0,8,1.407781647,2.380005977
6191,1,2010,6,5,5,8,1.929909273,2.749767181
6192,1,2010,6,5,5,8,0.624758741,1.814650443
6193,1,2010,6,5,5,8,2.54770156,3.353963897
6194,1,2013,5,7,1,23,2.166700552,3.201470802
6195,1,2013,1,11,4,20,0.848953925,2.140963729
6196,1,2013,2,17,6,23,1.672160917,2.706369118
6197,1,2013,2,17,6,23,2.155868598,3.110779507
6198,1,2013,2,17,6,23,1.758111738,2.781807631
6199,1,2010,11,26,4,6,0.762382632,1.875105983
6200,1,2013,10,9,2,17,0.975226068,2.200917349
6201,1,2013,2,27,2,13,0.90315902,2.156695638
6202,1,2013,2,27,2,13,0.440227245,1.756284761
6203,1,2013,2,27,2,13,0.798088766,2.025905654
6204,1,2013,2,27,2,13,0.564308287,1.827018714
6205,1,2009,8,28,4,7,1.439441272,2.414309324
6206,1,2009,8,28,4,7,1.529490772,2.42859305
6207,1,2009,8,28,4,7,0.772306046,1.873801629
6208,1,2009,8,28,4,7,0.72321907,1.873493131
6209,1,2015,1,12,0,17,1.001405779,2.254647087
6210,1,2015,1,12,0,17,0.817219975,2.033576163
6211,1,2015,1,12,0,17,0.618982901,1.876480303
6212,1,2015,1,12,0,17,0.612241464,1.876480303
6213,1,2014,5,1,3,7,0.58657157,1.844878717
6214,1,2009,1,12,0,7,0.771627413,1.850386489
6215,1,2009,1,12,0,7,1.129442341,2.140317636
6216,1,2009,1,12,0,7,1.023434531,2.027712093
6217,1,2014,2,9,6,21,2.22044092,3.213566063
6218,1,2014,2,9,6,21,1.662841458,2.717232825
6219,1,2012,5,14,0,3,1.083896368,2.097474492
6220,1,2011,4,28,3,19,0.987916642,2.027011666
6221,1,2011,4,28,3,19,0.89030399,1.969134357
6222,1,2011,4,28,3,19,0.454001883,1.673950618
6223,1,2011,4,28,3,19,0.341664196,1.667280825
6224,1,2010,2,15,0,10,1.279122115,2.267152507
6225,1,2010,2,15,0,10,2.315983356,3.24844142
6226,1,2010,2,15,0,10,1.443192521,2.417468679
6227,1,2010,8,18,2,5,1.56609202,2.441388562
6228,1,2010,8,18,2,5,1.378797597,2.303329224
6229,1,2010,5,31,0,6,2.900993921,3.723888256
6230,1,2014,11,17,0,0,0.003591447,1.87805393
6231,1,2012,11,16,4,0,1.134715596,2.154703289
6232,1,2012,3,9,4,6,1.616542003,2.487608584
6233,1,2013,10,18,4,13,0.892075778,2.143656352
6234,1,2013,10,18,4,13,1.999983313,3.000260067
6235,1,2013,10,18,4,13,0.567203959,1.818564888
6236,1,2010,1,16,5,4,2.874512039,3.426143754
6237,1,2013,8,18,6,0,1.740548307,2.754423048
6238,1,2013,8,18,6,0,0.9108325,2.09210414
6239,1,2010,12,11,5,16,1.755136691,2.596582695
6240,1,2010,12,11,5,16,1.124707558,2.181239844
6241,1,2010,12,11,5,16,1.143306301,2.198497861
6242,1,2010,12,11,5,16,1.176340251,2.201676187
6243,1,2013,5,23,3,12,1.433270177,2.576224913
6244,1,2013,5,23,3,12,0.686777368,1.874390936
6245,1,2013,5,23,3,12,0.750944779,2.01024554
6246,1,2014,12,11,3,8,0.778115888,2.00220835
6247,1,2014,12,11,3,8,0.717584619,1.987270339
6248,1,2011,1,28,4,19,0.700202673,1.833745598
6249,1,2011,1,28,4,19,1.445210457,2.396723802
6250,1,2011,3,24,3,4,2.432379289,3.298084184
6251,1,2013,4,7,6,0,0.841188881,1.954453855
6252,1,2013,4,7,6,0,0.852235787,2.055001057
6253,1,2013,4,7,6,0,1.024827477,2.125511827
6254,1,2010,8,17,1,21,2.288248736,3.171215552
6255,1,2010,8,17,1,21,1.09391412,2.132285608
6256,1,2010,8,17,1,21,0.936107217,1.986649159
6257,1,2013,12,10,1,14,1.086498993,2.319062982
6258,1,2013,12,10,1,14,1.073295128,2.319062982
6259,1,2013,12,10,1,14,0.715207151,2.000628476
6260,1,2011,9,18,6,5,3.138297814,3.979861856
6261,1,2011,9,18,6,5,1.449363849,2.402548085
6262,1,2011,9,18,6,5,1.82405505,2.602239319
6263,1,2011,9,10,5,20,1.323117761,2.308819044
6264,1,2011,9,10,5,20,0.885866682,1.981466055
6265,1,2011,4,28,3,9,2.643315634,3.394868842
6266,1,2011,4,28,3,9,0.955007895,1.980720464
6267,1,2011,4,28,3,9,1.13198523,2.163438684
6268,1,2010,2,26,4,18,0.924039261,1.974317461
6269,1,2013,12,5,3,23,1.631878688,2.817467213
6270,1,2013,12,5,3,23,0.599539913,1.853831051
6271,1,2013,12,5,3,23,2.499788287,3.503272962
6272,1,2013,12,5,3,23,3.10599322,3.987979719
6273,1,2010,1,13,2,8,1.422775711,2.370654023
6274,1,2010,1,13,2,8,1.38731336,2.306116836
6275,1,2010,1,13,2,8,1.690303435,2.555889433
6276,1,2010,1,13,2,8,0.953182382,1.978015417
6277,1,2010,7,16,4,7,1.280977141,2.278879322
6278,1,2012,6,16,5,14,1.321015091,2.374738587
6279,1,2013,5,8,2,17,1.572359745,2.695766447
6280,1,2013,5,8,2,17,1.351807425,2.500113505
6281,1,2013,5,8,2,17,0.968307849,2.191099751
6282,1,2013,5,8,2,17,0.543960076,1.801755568
6283,1,2013,5,8,2,17,1.015822579,2.272972732
6284,1,2013,5,8,2,17,0.703939373,1.942769056
6285,1,2013,5,8,2,17,1.218666634,2.365409391
6286,1,2011,2,28,0,8,1.444492823,2.397766469
6287,1,2011,2,28,0,8,0.677646932,1.826564677
6288,1,2011,2,28,0,8,1.815178389,2.606376397
6289,1,2011,2,28,0,8,0.726018299,1.847440359
6290,1,2011,2,28,0,8,1.917374124,2.716040858
6291,1,2011,2,28,0,8,1.340458173,2.289651424
6292,1,2011,2,28,0,8,1.380297791,2.305015693
6293,1,2012,12,13,3,19,0.503775482,1.764153345
6294,1,2012,12,13,3,19,0.814677679,2.007194341
6295,1,2012,12,13,3,19,1.16930259,2.254517493
6296,1,2009,3,25,2,1,1.304941994,2.261157477
6297,1,2011,1,18,1,12,1.460811547,2.406598224
6298,1,2010,7,13,1,7,1.619732952,2.492068827
6299,1,2010,7,13,1,7,1.56176666,2.422677093
6300,1,2010,7,13,1,7,1.362102484,2.299891466
6301,1,2010,7,13,1,7,1.959690679,2.77581023
6302,1,2010,7,13,1,7,1.097233382,2.125781
6303,1,2010,7,13,1,7,1.018562991,2.022067691
6304,1,2009,1,26,0,15,2.553743331,3.355924325
6305,1,2009,1,26,0,15,0.481066104,1.673950618
6306,1,2015,5,18,0,1,0.862891343,2.039761073
6307,1,2012,11,9,4,18,1.583150291,2.460381838
6308,1,2012,11,9,4,18,1.15506994,2.254517493
6309,1,2012,11,9,4,18,0.967298341,2.060198869
6310,1,2012,11,9,4,18,1.253218284,2.309880833
6311,1,2010,7,5,0,19,0.36581608,1.667280825
6312,1,2010,7,5,0,19,0.411788959,1.673950618
6313,1,2010,7,5,0,19,1.545246644,2.43136532
6314,1,2010,7,5,0,19,1.506156551,2.394989412
6315,1,2014,9,11,3,0,1.333672128,2.360100687
6316,1,2014,9,11,3,0,0.866010373,2.045587532
6317,1,2010,3,22,0,16,2.397094858,3.33062024
6318,1,2010,3,22,0,16,1.144556247,2.168355815
6319,1,2009,6,21,6,0,1.90778061,2.738904035
6320,1,2009,6,21,6,0,2.049273037,2.806671768
6321,1,2013,5,2,3,14,1.452839231,2.565957586
6322,1,2011,9,12,0,9,0.863123939,1.989122961
6323,1,2011,9,12,0,9,1.105320383,2.141591874
6324,1,2011,9,12,0,9,0.955820245,1.993052162
6325,1,2011,9,12,0,9,0.832169248,1.976755802
6326,1,2009,2,27,4,7,1.431069838,2.401712355
6327,1,2011,8,22,0,10,1.510411335,2.43774151
6328,1,2011,8,22,0,10,1.991624146,2.76199482
6329,1,2011,8,22,0,10,0.933344725,1.990347114
6330,1,2011,11,29,1,22,1.923241755,2.786715288
6331,1,2011,11,29,1,22,1.711768237,2.583111131
6332,1,2009,1,30,4,22,2.117851952,2.907501308
6333,1,2009,1,30,4,22,0.677001519,1.823850181
6334,1,2009,1,30,4,22,0.402554133,1.667280825
6336,1,2012,4,18,2,20,0.268214986,1.734408086
6337,1,2012,4,18,2,20,1.541793538,2.444816147
6338,1,2012,4,18,2,20,0.808209675,1.930056563
6339,1,2013,9,26,3,20,1.305653409,2.443110725
6340,1,2011,6,25,5,23,1.367257608,2.274675215
6341,1,2009,1,17,5,2,0.705363982,1.858076171
6342,1,2009,1,17,5,2,0.281487816,1.653515063
6343,1,2014,11,1,5,15,1.521064362,2.629730061
6344,1,2014,11,1,5,15,1.212948831,2.36022341
6345,1,2014,11,1,5,15,0.787403647,2.02472223
6346,1,2011,6,8,2,11,0.716458172,1.850666424
6347,1,2011,6,8,2,11,0.993610694,2.035913906
6348,1,2011,6,8,2,11,1.225983306,2.241692105
6349,1,2013,7,12,4,23,0.880887574,2.099601383
6350,1,2013,7,12,4,23,3.096451304,4.006200236
6351,1,2012,7,10,1,18,1.267704671,2.323050806
6352,1,2012,7,10,1,18,2.258415293,3.353831351
6353,1,2012,7,10,1,18,0.801762803,1.899411385
6354,1,2013,5,14,1,3,1.930523089,2.961728987
6355,1,2009,4,20,0,21,0.840833276,1.965082338
6356,1,2009,4,20,0,21,0.972056088,1.994312405
6357,1,2009,4,20,0,21,2.001018544,2.773859849
6358,1,2009,4,20,0,21,1.598774909,2.4690269
6359,1,2011,1,19,2,8,1.312942434,2.295041364
6360,1,2011,1,19,2,8,1.261735555,2.215301866
6361,1,2011,1,19,2,8,0.928533873,1.978015417
6362,1,2009,9,25,4,10,0.73596722,1.88022949
6363,1,2009,9,25,4,10,1.217217245,2.250305737
6364,1,2009,9,25,4,10,0.938016404,1.990347114
6365,1,2012,2,17,4,15,0.784728477,1.851305746
6366,1,2009,12,23,2,20,1.379528558,2.324559397
6367,1,2009,12,23,2,20,0.725338054,1.884773304
6368,1,2009,12,23,2,20,1.480957072,2.440715849
6369,1,2012,9,14,4,5,1.389605197,2.377596943
6370,1,2012,9,14,4,5,1.001151206,2.053476048
6371,1,2009,4,6,0,13,2.217340428,3.078173197
6372,1,2013,11,29,4,21,1.242946479,2.305575228
6373,1,2011,11,7,0,0,0.763439701,1.881412553
6374,1,2011,11,7,0,0,1.142130213,2.129519552
6375,1,2009,9,4,4,8,1.48043368,2.397463457
6376,1,2015,2,16,0,17,1.27252896,2.438535934
6377,1,2015,2,16,0,17,1.136663825,2.345940882
6378,1,2015,2,16,0,17,1.020112942,2.288338998
6379,1,2015,2,16,0,17,0.946065879,2.158101707
6380,1,2012,4,14,5,11,2.034625822,2.879540404
6381,1,2012,4,14,5,11,0.604426975,1.831671883
6382,1,2012,4,14,5,11,0.965782002,2.025268835
6383,1,2011,12,11,6,11,0.749690588,1.893400744
6384,1,2011,12,11,6,11,1.107970885,2.128922649
6385,1,2010,1,3,6,13,1.644402906,2.527985615
6386,1,2009,3,6,4,0,1.3022576,2.272740947
6387,1,2009,3,6,4,0,1.636863076,2.48234196
6388,1,2010,1,4,0,19,1.393188721,2.298515932
6389,1,2010,1,4,0,19,0.904784486,1.970186021
6390,1,2010,1,4,0,19,0.562692836,1.745077386
6391,1,2014,8,1,4,16,1.986818553,3.033268074
6392,1,2014,8,1,4,16,0.408168928,1.780655401
6393,1,2014,8,1,4,16,1.516994696,2.615288359
6394,1,2014,8,1,4,16,1.464631613,2.596202048
6395,1,2010,11,25,3,16,0.42817954,1.682067423
6396,1,2010,9,4,5,10,2.124566208,2.986403478
6397,1,2009,4,28,1,13,1.386801555,2.31250976
6398,1,2009,4,28,1,13,0.661478303,1.814118052
6399,1,2009,4,28,1,13,2.325931487,3.260993659
6400,1,2009,4,28,1,13,1.167157487,2.16661701
6401,1,2012,7,26,3,0,1.217971773,2.197305767
6402,1,2012,7,26,3,0,0.59684953,1.811826737
6403,1,2012,7,26,3,0,1.362987529,2.297044229
6404,1,2012,7,26,3,0,1.19504012,2.126835842
6405,1,2012,7,26,3,0,1.209585306,2.277574845
6406,1,2012,7,26,3,0,1.721039643,2.592491525
6407,1,2012,7,26,3,0,0.967896072,2.006142416
6408,1,2014,4,29,1,15,1.21953826,2.372410323
6409,1,2014,4,29,1,15,0.896975734,2.156695638
6410,1,2014,4,29,1,15,0.563138275,1.827018714
6411,1,2010,4,23,4,0,1.915446177,2.731970836
6412,1,2010,4,23,4,0,0.762213443,1.84100921
6413,1,2010,5,22,5,23,1.109973454,2.116657427
6414,1,2010,5,22,5,23,2.082800738,2.69214987
6415,1,2010,5,22,5,23,1.522657183,2.461006193
6416,1,2014,6,14,5,12,1.22133245,2.381947867
6417,1,2014,6,14,5,12,1.427643321,2.568567762
6418,1,2014,6,14,5,12,1.386161199,2.508356324
6419,1,2014,6,14,5,12,1.36109604,2.508356324
6420,1,2014,6,14,5,12,2.376495275,3.520909755
6421,1,2012,6,9,5,22,0.954079549,2.02892521
6422,1,2012,6,9,5,22,1.032128033,2.070545604
6423,1,2014,4,22,1,1,2.26139036,3.326141626
6424,1,2013,1,31,3,1,2.16833278,3.02593293
6425,1,2013,1,31,3,1,1.657061349,2.660530148
6426,1,2014,12,19,4,21,0.957403262,2.151362679
6427,1,2014,12,19,4,21,1.881518944,2.912984017
6428,1,2014,12,19,4,21,1.074303197,2.243726898
6429,1,2014,12,19,4,21,1.630493687,2.82833092
6430,1,2010,10,22,4,20,0.795991979,1.880537989
6431,1,2010,10,22,4,20,1.905827606,2.750670261
6432,1,2011,10,4,1,11,1.043191854,2.047144011
6433,1,2011,10,4,1,11,1.658408238,2.510479364
6434,1,2011,10,4,1,11,0.918576261,1.986215674
6435,1,2010,12,31,4,13,1.179283684,2.201676187
6436,1,2010,4,10,5,11,0.825829249,1.959917492
6437,1,2010,4,10,5,11,0.977111986,2.007336703
6438,1,2013,10,2,2,21,1.369105448,2.455619878
6439,1,2013,10,2,2,21,1.557027162,2.691942244
6440,1,2013,10,2,2,21,0.931774874,2.138170819
6441,1,2013,10,2,2,21,1.673659945,2.774874052
6442,1,2013,10,2,2,21,1.485125855,2.528751835
6443,1,2013,10,2,2,21,2.269786268,3.277156796
6444,1,2013,10,2,2,21,1.718919381,2.860493245
6445,1,2013,10,2,2,21,2.241058828,3.226556823
6446,1,2009,3,14,5,5,1.08130238,2.064468093
6447,1,2009,4,20,0,14,0.880159851,1.976791264
6448,1,2009,4,20,0,14,1.963726825,2.735625217
6449,1,2009,4,20,0,14,2.128253383,2.958414132
6450,1,2009,4,20,0,14,1.2959984,2.278977573
6451,1,2011,2,21,0,23,0.633216576,1.817299358
6452,1,2010,8,21,5,20,0.770336788,1.875436584
6453,1,2009,11,16,0,21,1.519167404,2.468023242
6454,1,2009,11,16,0,21,1.943837201,2.786261016
6455,1,2009,11,16,0,21,1.092842424,2.133389021
6456,1,2009,11,16,0,21,2.007168546,2.834389407
6457,1,2014,11,29,5,11,1.166807121,2.33917113
6458,1,2014,11,29,5,11,1.118942642,2.318706949
6459,1,2010,12,1,2,21,1.028981204,2.061755897
6460,1,2010,12,1,2,21,1.065910465,2.151941324
6461,1,2009,4,13,0,18,0.896523157,1.970186021
6462,1,2009,4,13,0,18,1.12808279,2.162103636
6463,1,2010,6,2,2,19,1.534016911,2.431617071
6464,1,2010,6,2,2,19,1.250098702,2.235954657
6465,1,2010,6,2,2,19,1.311288111,2.292469883
6466,1,2012,4,16,0,14,0.508294204,1.770969927
6467,1,2014,8,6,2,18,0.837661317,2.038840013
6468,1,2014,8,6,2,18,1.650787788,2.727074021
6469,1,2010,4,20,1,11,1.227837292,2.211550059
6470,1,2010,4,20,1,11,0.692490409,1.817203214
6471,1,2010,4,20,1,11,0.453427618,1.673950618
6472,1,2010,4,20,1,11,1.82222046,2.610301185
6473,1,2010,4,20,1,11,1.485961416,2.419341407
6474,1,2009,5,21,3,20,1.367181246,2.290550383
6475,1,2009,5,21,3,20,1.46455869,2.416502125
6476,1,2009,5,21,3,20,1.955501894,2.782760309
6477,1,2009,5,21,3,20,1.986358538,2.800463782
6478,1,2014,8,16,5,21,1.313117808,2.441277175
6479,1,2014,8,16,5,21,1.838284931,2.866087851
6480,1,2010,9,13,0,7,0.615649181,1.791016139
6481,1,2010,9,13,0,7,0.568369131,1.744563169
6482,1,2010,1,28,3,12,0.882513943,1.976791264
6483,1,2013,10,13,6,19,0.652282741,1.857508505
6484,1,2013,10,13,6,19,0.970525127,2.161714515
6485,1,2013,10,13,6,19,0.705367528,2.790279473
6486,1,2013,10,13,6,19,1.388640357,2.455339266
6487,1,2013,10,13,6,19,1.200621409,2.309644437
6488,1,2013,10,13,6,19,0.60953329,1.857508505
6489,1,2013,10,13,6,19,1.28522888,2.406290609
6490,1,2013,9,20,4,13,0.973732495,2.175476168
6491,1,2013,9,20,4,13,1.473252874,2.61587622
6492,1,2013,9,20,4,13,1.155314658,2.339358023
6493,1,2013,9,20,4,13,1.195921047,2.342728088
6494,1,2014,11,11,1,12,1.057992684,2.320374661
6495,1,2014,11,11,1,12,1.354867803,2.507524783
6496,1,2012,9,9,6,23,2.118755347,3.051002859
6497,1,2013,2,18,0,11,2.106586344,3.035568423
6498,1,2013,2,18,0,11,0.744542435,2.01024554
6499,1,2013,2,18,0,11,2.076542361,3.012480029
6500,1,2013,2,18,0,11,0.89493403,2.131285203
6501,1,2011,6,5,6,12,0.920996974,1.981420309
6502,1,2011,6,5,6,12,1.005760169,2.039440817
6503,1,2011,6,5,6,12,3.027564967,3.96898477
6504,1,2014,11,27,3,7,1.085906245,2.24928585
6505,1,2010,5,23,6,15,1.520701001,2.435906542
6506,1,2012,10,15,0,20,0.656873864,1.833768196
6507,1,2012,10,15,0,20,1.761158694,2.675638605
6508,1,2012,10,15,0,20,1.902145925,2.832420849
6509,1,2012,10,15,0,20,0.757989352,1.892965067
6510,1,2012,6,27,2,6,1.2837957,2.258831168
6511,1,2013,6,7,4,13,0.769338231,2.017632935
6512,1,2013,6,7,4,13,0.937694595,2.165812783
6513,1,2013,6,7,4,13,2.272366335,3.425347026
6514,1,2013,6,7,4,13,1.23816585,2.387133848
6515,1,2013,6,7,4,13,1.016385934,2.272972732
6516,1,2009,6,4,3,19,1.505213069,2.413504333
6518,1,2009,6,4,3,19,1.576859468,2.454381637
6519,1,2009,6,4,3,19,1.413931928,2.385963879
6520,1,2013,9,29,6,22,1.872027902,2.812377571
6521,1,2013,9,29,6,22,1.080794371,2.220962328
6523,1,2013,12,4,2,8,1.470077772,2.620911077
6524,1,2013,12,4,2,8,1.572041381,2.908908096
6526,1,2009,7,13,0,1,0.613615519,1.771669501
6527,1,2009,7,13,0,1,0.94373758,1.943034169
6528,1,2015,5,20,2,0,0.441921457,1.743609424
6529,1,2015,5,20,2,0,2.293675002,3.352017829
6530,1,2009,12,3,3,18,1.276526996,2.28766063
6531,1,2014,6,24,1,2,2.673714152,3.442760007
6532,1,2012,1,13,4,2,1.296091737,2.289642697
6533,1,2012,8,6,0,21,1.68812909,2.591883194
6534,1,2012,8,6,0,21,1.506962442,2.409568342
6535,1,2012,8,6,0,21,0.783300632,1.899411385
6536,1,2012,8,6,0,21,1.339324534,2.348820858
6537,1,2012,8,6,0,21,1.13594478,2.228643869
6538,1,2009,7,13,0,7,1.108107866,2.121314627
6539,1,2009,7,13,0,7,1.039895844,2.025229648
6540,1,2009,7,13,0,7,1.528273444,2.406269201
6541,1,2014,9,10,2,17,0.590197006,1.849974593
6542,1,2014,9,10,2,17,1.16994481,2.351358044
6543,1,2014,9,10,2,17,1.69158149,2.751411932
6544,1,2014,9,10,2,17,1.308262339,2.487454706
6545,1,2014,9,10,2,17,1.252119345,2.377674839
6546,1,2009,9,28,0,19,0.503360778,1.696565022
6547,1,2009,9,28,0,19,0.959905435,1.999733076
6548,1,2009,9,28,0,19,0.894040762,1.981466055
6549,1,2009,9,28,0,19,1.082682959,2.146058246
6550,1,2009,9,28,0,19,0.789178586,1.88311892
6551,1,2015,5,23,5,12,1.279435567,2.470181936
6552,1,2015,5,23,5,12,1.495683641,2.626143547
6553,1,2015,5,23,5,12,0.850082382,2.175695738
6554,1,2010,2,10,2,12,0.824244383,1.966055312
6555,1,2010,2,10,2,12,1.421738474,2.390451412
6556,1,2014,1,11,5,23,1.757361276,2.803383894
6557,1,2014,1,11,5,23,1.827170853,2.854421843
6558,1,2014,1,11,5,23,1.860752054,2.874166828
6559,1,2014,1,11,5,23,1.662407539,2.706369118
6560,1,2014,1,11,5,23,2.155235328,3.11198028
6561,1,2010,4,24,5,20,1.874516382,2.685115902
6562,1,2013,8,7,2,0,3.091369885,3.999379619
6563,1,2012,10,21,6,19,0.697533019,1.849140551
6564,1,2012,10,21,6,19,1.238117283,2.297776167
6565,1,2012,10,21,6,19,1.295308169,2.386212749
6566,1,2013,5,24,4,7,0.737522627,1.979339154
6567,1,2009,9,13,6,20,0.73371833,1.875436584
6568,1,2009,9,13,6,20,1.019382923,2.076530596
6569,1,2010,10,31,6,8,0.733075266,1.875436584
6570,1,2010,10,31,6,8,2.004376009,2.831732675
6571,1,2013,6,4,1,23,0.914102341,2.138170819
6572,1,2013,6,4,1,23,1.819049814,2.888873996
6573,1,2013,6,4,1,23,1.361124551,2.455619878
6574,1,2013,6,4,1,23,0.835598451,2.025598109
6575,1,2013,6,4,1,23,2.300297257,3.32546582
6576,1,2013,6,4,1,23,1.263041794,2.363190615
6577,1,2013,6,4,1,23,2.424738611,3.503272962
6578,1,2010,3,22,0,22,1.861709029,2.666178973
6579,1,2010,3,22,0,22,1.153024999,2.17153414
6580,1,2011,1,15,5,12,1.761657186,2.581912626
6581,1,2011,1,15,5,12,1.715362561,2.562486698
6582,1,2009,6,13,5,18,1.887392557,2.716671781
6583,1,2009,6,13,5,18,1.371932149,2.297668366
6584,1,2009,6,13,5,18,1.465543477,2.396516757
6585,1,2009,5,6,2,16,1.290403718,2.276320318
6586,1,2014,8,8,4,17,0.328490317,1.749614967
6587,1,2014,8,8,4,17,2.437180286,3.541878802
6588,1,2014,8,8,4,17,1.580778328,2.689939292
6589,1,2014,4,2,2,11,1.070778009,2.325645841
6590,1,2014,4,2,2,11,0.526836274,1.826126208
6591,1,2011,1,4,1,10,0.963460955,1.99102691
6592,1,2011,1,4,1,10,0.72544016,1.847440359
6593,1,2011,1,4,1,10,0.555414579,1.729532538
6594,1,2011,1,4,1,10,0.504705907,1.684151128
6595,1,2010,9,22,2,9,1.367484685,2.302600019
6596,1,2010,9,22,2,9,1.369699878,2.302600019
6597,1,2010,9,22,2,9,0.986872791,2.040404582
6598,1,2013,8,19,0,19,0.991250833,2.206725954
6599,1,2013,8,19,0,19,0.801805907,2.031169503
6600,1,2014,7,8,1,10,0.982787266,2.239289499
6601,1,2014,7,8,1,10,1.444920434,2.576224913
6602,1,2014,7,8,1,10,0.469311438,1.743609424
6603,1,2014,7,8,1,10,1.337573288,2.507524783
6604,1,2014,7,8,1,10,1.254016416,2.399399296
6605,1,2014,7,8,1,10,0.557163685,1.801755568
6606,1,2015,3,11,2,16,1.309214486,2.494865984
6607,1,2015,3,11,2,16,0.781893869,2.020539216
6608,1,2015,3,11,2,16,1.78257645,2.898586232
6609,1,2015,5,29,4,18,2.547431002,3.507729298
6610,1,2015,5,29,4,18,1.448820742,2.55052934
6611,1,2015,5,29,4,18,0.864625562,2.119994218
6612,1,2015,5,29,4,18,0.904894185,2.156695638
6613,1,2011,10,26,2,17,0.77803295,1.892982377
6614,1,2011,10,26,2,17,0.760885298,1.886536059
6615,1,2011,10,26,2,17,1.274737803,2.280542647
6616,1,2011,10,26,2,17,1.06282394,2.127654304
6617,1,2011,10,26,2,17,0.708138047,1.876621078
6618,1,2011,10,26,2,17,0.606033694,1.820389436
6619,1,2014,6,24,1,9,1.410305605,2.553746468
6620,1,2014,6,24,1,9,0.608993035,1.879053887
6621,1,2014,6,24,1,9,0.546394418,1.801755568
6622,1,2014,6,24,1,9,0.643814138,1.879053887
6623,1,2014,6,24,1,9,1.271465945,2.467671669
6624,1,2014,6,24,1,9,0.852790781,2.124184158
6625,1,2014,6,24,1,9,0.353507711,1.73693963
6626,1,2009,3,14,5,20,1.776133076,2.577147239
6627,1,2009,1,29,3,18,1.091140075,2.12234207
6628,1,2009,1,29,3,18,2.283656529,3.186395052
6629,1,2010,7,23,4,0,1.976448691,2.770200317
6630,1,2013,1,11,4,12,0.924099172,2.165812783
6631,1,2013,1,11,4,12,0.799645636,2.020539216
6632,1,2013,1,11,4,12,0.573745618,1.818564888
6633,1,2013,1,11,4,12,1.158015275,2.33394086
6634,1,2013,1,11,4,12,0.932712766,2.165812783
6635,1,2013,2,20,2,2,1.883510408,2.881254926
6636,1,2013,2,20,2,2,0.568449788,1.822355764
6637,1,2013,2,20,2,2,1.10364429,2.161003982
6638,1,2009,11,3,1,19,1.745358784,2.603738524
6639,1,2009,11,3,1,19,0.884857652,1.981466055
6640,1,2009,12,19,5,21,1.050134525,2.103400656
6641,1,2009,12,19,5,21,1.254846189,2.232573306
6642,1,2014,3,22,5,12,2.439436087,3.503340124
6643,1,2014,3,22,5,12,1.126594974,2.322045269
6644,1,2009,12,21,0,21,1.236384296,2.234108452
6645,1,2009,12,21,0,21,1.32473093,2.290801338
6646,1,2009,8,21,4,15,0.72053423,1.875468534
6647,1,2009,8,21,4,15,3.046358228,3.914346466
6648,1,2009,8,21,4,15,0.686344657,1.820760102
6649,1,2010,4,25,6,13,0.750876416,1.836627181
6650,1,2010,4,25,6,13,2.384903465,3.370269745
6651,1,2010,11,2,1,18,1.675895052,2.561338106
6652,1,2010,11,2,1,18,0.460433895,1.682067423
6653,1,2010,11,2,1,18,1.187656441,2.205581296
6654,1,2011,4,2,5,0,0.99313044,2.009986153
6655,1,2011,4,2,5,0,0.875929229,1.910697695
6656,1,2011,4,2,5,0,0.738479018,1.833639519
6657,1,2011,4,2,5,0,1.147558261,2.088303295
6658,1,2011,4,2,5,0,1.216353161,2.167828244
6659,1,2011,4,2,5,0,0.930086901,1.927508985
6660,1,2013,12,29,6,12,1.17275876,2.298651619
6661,1,2013,12,29,6,12,1.382272589,2.508356324
6662,1,2013,12,29,6,12,1.031981373,2.229082873
6663,1,2012,5,2,2,12,1.153408213,2.217289579
6664,1,2012,5,2,2,12,1.584076262,2.461242256
6665,1,2012,5,2,2,12,0.744169205,1.857549103
6666,1,2012,5,2,2,12,1.039594881,2.088616523
6667,1,2012,5,2,2,12,0.267313493,1.751762876
6668,1,2009,7,21,1,10,0.473527851,1.668291132
6669,1,2009,7,21,1,10,1.064736236,2.126550891
6670,1,2009,7,21,1,10,0.969573652,2.010414482
6671,1,2012,9,16,6,18,0.405294958,1.741162494
6672,1,2012,9,16,6,18,1.458693353,2.449370731
6673,1,2012,9,16,6,18,0.804261332,1.897653121
6674,1,2010,4,21,2,6,1.112084323,2.064751154
6675,1,2009,3,2,0,9,1.127573206,2.17518539
6676,1,2009,3,2,0,9,0.272233053,1.661621338
6677,1,2010,12,18,5,15,0.916987018,1.982517719
6678,1,2013,2,20,2,8,0.723959106,2.000143387
6679,1,2015,2,11,2,20,2.531752393,3.503272962
6680,1,2015,2,11,2,20,1.312278168,2.448934326
6681,1,2015,2,11,2,20,0.503084654,1.76400492
6682,1,2015,2,11,2,20,0.785105516,2.020539216
6683,1,2015,2,11,2,20,1.211053375,2.300310712
6684,1,2015,2,11,2,20,0.971681737,2.171989575
6685,1,2013,12,7,5,1,1.315677097,2.410608235
6686,1,2013,12,7,5,1,1.504699189,2.576840651
6687,1,2014,3,4,1,12,0.774654366,2.020539216
6688,1,2014,3,4,1,12,1.075111633,2.325645841
6689,1,2014,3,4,1,12,1.454376063,2.576224913
6690,1,2014,3,4,1,12,0.650683435,1.861364963
6691,1,2013,5,21,1,6,1.931926054,2.962538144
6692,1,2013,5,21,1,6,0.777342195,1.955941313
6693,1,2013,5,21,1,6,0.848447212,2.094456062
6694,1,2009,9,9,2,8,1.036590755,2.081099937
6695,1,2009,9,9,2,8,1.027726939,2.080874953
6696,1,2012,6,22,4,20,2.044889135,2.878573843
6697,1,2010,4,6,1,9,2.034707502,2.820947811
6698,1,2010,4,6,1,9,0.644085271,1.811093555
6699,1,2010,4,6,1,9,2.508971083,3.330407984
6700,1,2009,4,3,4,7,1.295888143,2.279091973
6701,1,2009,4,3,4,7,1.125435278,2.412824268
6702,1,2011,8,28,6,16,1.5341342,2.451460946
6703,1,2010,12,19,6,15,1.556935836,2.461822538
6704,1,2010,12,19,6,15,0.648977994,1.814584861
6705,1,2010,12,19,6,15,0.435959386,1.682067423
6706,1,2010,12,19,6,15,0.758029185,1.883537286
6707,1,2014,7,12,5,0,0.728634079,1.946317533
6708,1,2014,7,12,5,0,0.535791129,1.801755568
6709,1,2014,7,12,5,0,1.113993099,2.172736704
6710,1,2009,3,31,1,10,1.154513737,2.16661701
6711,1,2009,3,31,1,10,1.029751895,2.062102431
6712,1,2009,3,31,1,10,2.120437238,2.919742346
6713,1,2014,7,31,3,10,0.453510197,1.743609424
6714,1,2012,6,2,5,7,0.781069822,1.849545609
6715,1,2012,6,2,5,7,3.109442039,3.96898477
6716,1,2012,6,2,5,7,1.77743451,2.598241319
6717,1,2012,9,27,3,15,2.346462544,3.333080288
6718,1,2012,7,5,3,2,0.742803594,1.883297746
6719,1,2013,9,14,5,18,1.933102363,2.965382752
6720,1,2013,9,14,5,18,1.959989553,2.977059463
6721,1,2009,4,22,2,4,1.959192902,2.77581023
6722,1,2015,2,14,5,9,0.909773826,2.156695638
6723,1,2012,1,19,3,20,0.770709055,1.850997247
6724,1,2012,1,19,3,20,1.528241569,2.458961258
6725,1,2012,1,19,3,20,0.83215645,1.985357487
6726,1,2015,3,13,4,13,1.243368015,2.399399296
6727,1,2015,3,13,4,13,1.292940387,2.485421727
6728,1,2015,3,13,4,13,1.000681968,2.267018235
6729,1,2015,3,13,4,13,0.517482499,1.793877811
6730,1,2015,3,13,4,13,1.597578069,2.693755991
6731,1,2015,3,13,4,13,0.95098299,2.170472855
6732,1,2015,3,13,4,13,0.79980598,2.020539216
6733,1,2013,7,25,3,13,1.055936878,2.29703678
6734,1,2013,7,25,3,13,1.170934483,2.33394086
6735,1,2014,3,7,4,11,1.260118228,2.405549764
6736,1,2014,3,7,4,11,2.327211295,3.441744846
6737,1,2013,10,31,3,6,2.161021872,3.167382162
6738,1,2014,9,11,3,6,0.646723027,1.844359612
6739,1,2014,9,11,3,6,0.342310671,1.73693963
6740,1,2014,9,11,3,6,1.323129114,2.398480094
6741,1,2014,9,11,3,6,1.678419028,2.664902756
6742,1,2012,6,4,0,9,2.339267756,3.395219594
6743,1,2012,6,4,0,9,0.662200393,1.837624654
6744,1,2012,6,4,0,9,1.63745331,2.488430991
6745,1,2012,6,4,0,9,1.444001604,2.40780506
6746,1,2012,6,4,0,9,1.061773061,2.175442141
6747,1,2010,6,7,0,7,0.905271062,1.929635251
6748,1,2010,6,7,0,7,0.608392578,1.794872597
6749,1,2010,6,7,0,7,1.109384385,2.121314627
6750,1,2010,6,7,0,7,0.485577024,1.660184856
6751,1,2015,2,25,2,18,0.696367298,1.959598726
6752,1,2015,2,25,2,18,0.626349914,1.894234809
6753,1,2015,2,25,2,18,2.328119497,3.338413516
6754,1,2015,2,25,2,18,0.820364803,2.026576862
6755,1,2015,2,25,2,18,0.803478693,2.025905654
6756,1,2015,2,25,2,18,0.871264055,2.119994218
6757,1,2015,2,25,2,18,0.652199815,1.894234809
6758,1,2015,2,8,6,8,1.629369992,2.695177412
6759,1,2010,12,11,5,15,0.757248825,1.883537286
6760,1,2010,12,11,5,15,0.589401558,1.811847222
6761,1,2014,5,19,0,18,0.703510755,1.90661525
6762,1,2014,5,19,0,18,1.088672379,2.309849789
6763,1,2009,7,19,6,8,0.972640555,2.010414482
6764,1,2013,8,20,1,12,1.081516266,2.30230796
6765,1,2013,8,20,1,12,1.045779225,2.29703678
6766,1,2013,8,20,1,12,1.176085354,2.33394086
6767,1,2013,8,20,1,12,1.277666587,2.470181936
6768,1,2014,3,11,1,19,1.116179606,2.328581413
6769,1,2014,3,11,1,19,1.327144174,2.455769524
6770,1,2014,3,11,1,19,0.83737533,2.033576163
6771,1,2014,3,11,1,19,1.402196905,2.484225751
6772,1,2014,3,11,1,19,1.446558429,2.505480528
6773,1,2014,3,11,1,19,1.910072415,2.972771938
6774,1,2014,3,11,1,19,1.390207677,2.462996417
6775,1,2013,1,9,2,2,0.899003881,2.090341113
6776,1,2009,8,8,5,11,0.221865901,1.715205404
6777,1,2009,8,8,5,11,1.590719168,2.462022926
6778,1,2009,8,8,5,11,0.93196279,1.990347114
6779,1,2014,6,18,2,16,0.977134363,2.227067232
6780,1,2014,6,18,2,16,1.622688082,2.727074021
6781,1,2013,6,2,6,16,1.268310773,2.434100639
6782,1,2013,6,2,6,16,0.707973656,2.031895068
6783,1,2009,7,29,2,10,1.098415418,2.127819235
6784,1,2009,7,29,2,10,0.938521097,1.990347114
6785,1,2013,2,16,5,14,0.878627506,2.119994218
6786,1,2012,5,11,4,3,0.824399925,1.913062918
6787,1,2010,1,22,4,5,1.413382453,2.386904049
6788,1,2012,11,12,0,11,3.116136658,3.99201651
6789,1,2012,1,4,2,0,0.986436724,2.019560145
6790,1,2010,12,28,1,20,0.483638965,1.682067423
6791,1,2010,12,28,1,20,0.911310962,1.982517719
6792,1,2010,12,28,1,20,0.648420211,1.814118052
6793,1,2009,3,18,2,8,1.609594333,2.496147766
6794,1,2009,3,18,2,8,0.576137306,1.745077386
6795,1,2011,10,7,4,12,1.891287817,2.74220701
6796,1,2011,10,7,4,12,0.462660801,1.680705026
6797,1,2011,10,7,4,12,2.146409764,2.995164519
6798,1,2011,10,7,4,12,1.39863954,2.375426203
6799,1,2009,12,12,5,22,1.73228276,2.602574817
6800,1,2009,12,12,5,22,1.167950034,2.192370354
6801,1,2009,12,12,5,22,0.756333166,1.883537286
6802,1,2009,12,12,5,22,0.60173659,1.798332649
6803,1,2009,12,12,5,22,1.573465715,2.451579028
6804,1,2015,4,19,6,20,1.928803036,2.902690419
6805,1,2015,4,19,6,20,0.757747373,2.003155376
6806,1,2015,4,19,6,20,1.190511984,2.281384032
6807,1,2012,3,23,4,1,0.981685417,2.018987018
6808,1,2012,3,23,4,1,0.471174501,1.728402543
6809,1,2014,10,8,2,21,1.496363098,2.528751835
6810,1,2014,10,8,2,21,1.531751181,2.59178788
6811,1,2011,2,3,3,1,2.130608012,2.923838099
6812,1,2011,5,20,4,23,0.853915842,1.971720234
6813,1,2014,1,4,5,10,1.921285847,2.958448798
6814,1,2014,1,4,5,10,1.232638352,2.381947867
6815,1,2009,11,23,0,5,2.418196989,3.357529272
6816,1,2013,1,22,1,16,1.096619234,2.30230796
6817,1,2013,1,22,1,16,2.444991888,3.524309171
6818,1,2013,1,22,1,16,1.372826904,2.516013476
6819,1,2015,5,12,1,8,2.666600959,3.565001209
6820,1,2015,5,12,1,8,0.621457041,1.876480303
6821,1,2015,5,12,1,8,1.223436004,2.39413478
6822,1,2015,5,12,1,8,1.139558715,2.345940882
6823,1,2015,5,12,1,8,0.937410659,2.165812783
6824,1,2015,5,12,1,8,0.870039697,2.114770633
6825,1,2015,5,12,1,8,2.356339336,3.522788279
6827,1,2013,9,26,3,6,0.925786643,2.071718812
6828,1,2013,9,26,3,6,1.600595628,2.724394465
6829,1,2014,9,14,6,23,1.638337817,2.729895517
6830,1,2014,9,14,6,23,1.627348981,2.729895517
6831,1,2009,8,26,2,8,1.632755595,2.513636449
6832,1,2009,8,26,2,8,2.744880154,3.589131977
6833,1,2009,8,26,2,8,0.919543117,1.986215674
6834,1,2014,10,13,0,6,0.913778143,2.066212432
6835,1,2013,2,2,5,16,1.404060266,2.53582199
6836,1,2013,2,2,5,16,0.896084488,2.156695638
6837,1,2013,2,2,5,16,0.990583456,2.241333609
6838,1,2014,4,5,5,1,0.671986744,1.851833844
6839,1,2014,4,5,5,1,2.215428211,3.230151188
6840,1,2010,2,23,1,20,0.895278343,1.969134357
6841,1,2010,2,23,1,20,1.054417972,2.091697023
6842,1,2011,1,25,1,0,1.103755807,2.05786068
6843,1,2011,1,25,1,0,1.707285022,2.554762789
6844,1,2013,11,1,4,13,1.120932364,2.330231702
6845,1,2013,11,1,4,13,1.097762259,2.319062982
6846,1,2013,11,1,4,13,1.142198289,2.339358023
6847,1,2013,11,1,4,13,1.121103263,2.330231702
6848,1,2015,3,7,5,15,0.689479918,1.880336761
6849,1,2015,3,7,5,15,2.044186048,3.021231147
6850,1,2015,3,7,5,15,1.225588595,2.36022341
6851,1,2013,10,6,6,21,2.347084968,3.38816565
6852,1,2013,10,6,6,21,1.389633896,2.447962727
6853,1,2009,4,16,3,15,0.92874371,1.974317461
6854,1,2012,2,21,1,20,1.047997281,2.110373433
6855,1,2012,2,21,1,20,1.346185797,2.330254962
6856,1,2010,1,10,6,12,1.253891775,2.215301866
6857,1,2015,1,31,5,1,1.962881858,2.928089186
6858,1,2015,1,31,5,1,2.248875511,3.299226421
6859,1,2015,1,31,5,1,0.958689303,2.097097198
6860,1,2015,1,31,5,1,1.288810928,2.35136976
6861,1,2015,1,31,5,1,0.495302725,1.743609424
6862,1,2015,1,31,5,1,1.871283582,2.822522408
6863,1,2011,10,23,6,17,0.865385571,1.981466055
6864,1,2015,3,16,0,21,2.18513309,3.201470802
6865,1,2015,3,16,0,21,0.957673625,2.14624066
6866,1,2015,3,16,0,21,1.670305238,2.710198743
6867,1,2015,3,16,0,21,1.888113539,2.921434229
6868,1,2015,3,16,0,21,1.760733332,2.849077672
6869,1,2012,9,29,5,20,1.017422116,2.119452512
6870,1,2012,9,29,5,20,2.309084306,3.23510682
6871,1,2012,9,29,5,20,0.830340512,1.989920158
6872,1,2012,9,29,5,20,1.449579121,2.438234801
6873,1,2009,8,3,0,16,0.630827337,1.811093555
6874,1,2009,8,3,0,16,0.661723653,1.811093555
6875,1,2009,8,3,0,16,1.043986095,2.04876741
6876,1,2009,8,3,0,16,1.695416904,2.564780565
6877,1,2009,7,30,3,15,1.231436659,2.241692105
6878,1,2009,7,30,3,15,1.130969937,2.181239844
6879,1,2009,7,30,3,15,1.1030442,2.127819235
6880,1,2015,1,18,6,14,1.819099945,2.862242427
6881,1,2015,1,18,6,14,2.117006158,3.013637774
6882,1,2015,3,2,0,14,0.356870824,1.773985607
6883,1,2015,3,2,0,14,0.92765062,2.144673619
6884,1,2009,9,7,0,19,1.002253197,2.044839707
6885,1,2009,9,7,0,19,1.409028325,2.431521455
6886,1,2014,7,1,1,15,1.1484533,2.345940882
6887,1,2014,7,1,1,15,1.673409145,2.723283892
6888,1,2014,7,1,1,15,1.763990194,2.907069855
6889,1,2014,7,1,1,15,0.491405109,1.780655401
6890,1,2014,7,1,1,15,2.113441886,3.118108731
6891,1,2013,4,18,3,2,2.045844925,2.994654129
6892,1,2010,2,10,2,16,1.244799,2.215301866
6893,1,2013,2,15,4,18,1.275533213,2.437285287
6894,1,2011,6,22,2,1,2.182897419,2.972632068
6895,1,2014,5,6,1,23,1.688985083,2.699335036
6896,1,2014,5,6,1,23,0.420733226,1.766312421
6897,1,2014,5,6,1,23,0.540429778,1.811783229
6898,1,2014,5,6,1,23,1.567910104,2.685182181
6899,1,2012,4,23,0,21,2.291522993,3.293018408
6900,1,2012,4,23,0,21,1.66920526,2.570876409
6901,1,2012,4,23,0,21,0.002653339,1.784159115
6902,1,2012,4,23,0,21,0.803479719,1.85950225
6903,1,2012,4,23,0,21,2.982694835,3.940752821
6904,1,2012,4,23,0,21,1.020123216,2.069648065
6905,1,2009,3,20,4,7,0.821904949,1.906042452
6906,1,2009,3,20,4,7,1.805600328,2.591908843
6907,1,2009,3,20,4,7,1.265615036,2.270784513
6908,1,2014,6,25,2,15,0.788296518,2.025905654
6909,1,2014,6,25,2,15,0.112346095,1.892921303
6910,1,2011,6,9,3,14,1.204616017,2.231841383
6911,1,2011,6,9,3,14,1.061569875,2.126550891
6912,1,2011,6,9,3,14,1.080238623,2.132285608
6913,1,2011,6,9,3,14,1.312602678,2.298486723
6914,2,2015,1,27,1,13,0.572626035,1.834121293
6915,2,2011,7,24,6,14,1.396148837,2.322943257
6916,2,2011,10,8,5,11,1.88892306,2.747912007
6917,2,2012,12,1,5,21,0.400536498,1.766895531
6918,2,2013,11,22,4,15,0.41576147,1.757647158
6919,2,2012,7,15,6,16,0.771215224,1.892037548
6920,2,2012,7,15,6,16,0.90521026,2.041562637
6921,2,2014,6,14,5,13,1.349093769,2.499867632
6922,2,2014,6,14,5,13,1.134799274,2.333753968
6923,2,2014,6,14,5,13,0.810813643,2.032495328
6924,2,2014,6,14,5,13,1.134157855,2.333753968
6925,2,2014,6,14,5,13,0.507971466,1.786176808
6926,2,2014,6,14,5,13,1.261391446,2.39336285
6927,2,2014,6,14,5,13,1.551640843,2.670341314
6928,2,2014,6,14,5,13,0.69035605,1.857508505
6929,2,2014,6,14,5,13,0.764884163,2.016552099
6930,2,2014,6,14,5,13,0.756456328,2.003155376
6931,2,2014,6,14,5,13,0.512890341,1.793877811
6932,2,2014,6,14,5,13,1.086764553,2.313458928
6933,2,2014,6,14,5,13,1.726203908,2.844362652
6934,2,2014,6,14,5,13,2.576426898,3.555303457
6935,2,2014,6,14,5,13,1.047890816,2.308187748
6936,2,2014,6,14,5,13,1.615566796,2.72577013
6937,2,2014,6,14,5,13,0.778273488,2.01945838
6938,2,2014,6,14,5,13,0.599575916,1.849974593
6939,2,2014,6,14,5,13,0.722036529,1.997916255
6940,2,2014,6,14,5,13,1.974937072,2.984299148
6941,2,2014,6,14,5,13,1.082787222,2.313458928
6942,2,2014,6,14,5,13,0.831730424,2.032495328
6943,2,2014,6,14,5,13,0.736985062,1.997916255
6944,2,2014,6,14,5,13,3.060385274,4.012788911
6945,2,2010,8,22,6,21,0.265260444,1.667280825
6946,2,2011,6,24,4,20,1.418252393,2.401578743
6947,2,2011,6,24,4,20,0.655822765,1.823946324
6948,2,2011,3,28,0,20,1.480984306,2.424186601
6949,2,2009,10,21,2,2,1.943955237,2.794509655
6950,2,2011,5,21,5,13,1.433171651,2.410447384
6951,2,2015,1,31,5,20,0.883062927,2.105890945
6952,2,2010,5,10,0,10,1.15345168,2.17153414
6953,2,2010,3,20,5,21,1.554620468,2.43333453
6955,2,2012,8,22,2,22,0.664244164,1.84064915
6956,2,2012,8,22,2,22,1.491616371,2.505059953
6957,2,2012,12,23,6,2,1.981244739,2.902640316
6958,2,2011,10,2,6,23,0.758270293,1.881405735
6959,2,2011,10,2,6,23,1.239439317,2.216212407
6960,2,2011,10,2,6,23,1.889591273,2.747912007
6961,2,2011,10,2,6,23,1.974637188,2.808907234
6962,2,2011,10,2,6,23,1.328368799,2.285677633
6963,2,2011,10,2,6,23,1.240050728,2.216212407
6964,2,2011,10,2,6,23,0.724338914,1.881405735
6965,2,2011,10,2,6,23,0.518083564,1.722459581
6966,2,2011,10,2,6,23,1.410824176,2.40541099
6967,2,2011,10,2,6,23,0.714450596,1.980766749
6968,2,2011,10,2,6,23,1.420415667,2.404017518
6969,2,2011,10,2,6,23,0.540769581,1.736286946
6970,2,2011,10,2,6,23,0.648743233,1.820921828
6971,2,2011,10,2,6,23,1.178353405,2.196275464
6972,2,2011,10,2,6,23,1.261236065,2.216212407
6973,2,2011,10,2,6,23,1.39946423,2.393971882
6974,2,2013,3,21,3,12,0.88373686,2.12628378
6975,2,2013,3,21,3,12,0.428483938,1.74926891
6976,2,2010,9,5,6,22,1.469869043,2.399019811
6977,2,2013,7,12,4,23,1.738264618,2.817062395
6978,2,2015,6,8,0,20,1.740485902,2.857015034
6979,2,2011,10,11,1,22,1.61665975,2.480153655
6980,2,2011,10,11,1,22,0.778840788,1.892982377
6981,2,2013,9,14,5,16,1.197160032,2.330541174
6982,2,2013,9,14,5,16,1.984415548,2.984688197
6983,2,2014,2,6,3,9,1.071609895,2.325645841
6984,2,2009,6,10,2,16,0.965047321,2.006716527
6985,2,2009,6,10,2,16,1.365903247,2.297668366
6986,2,2009,6,10,2,16,0.621714372,1.807237097
6987,2,2009,6,10,2,16,1.153187618,2.201676187
6988,2,2009,6,10,2,16,0.95376842,1.984558841
6989,2,2009,6,10,2,16,2.019282247,2.812591272
6990,2,2009,6,10,2,16,0.896515137,1.977722354
6991,2,2009,6,10,2,16,1.386576698,2.305183149
6992,2,2009,6,10,2,16,0.731008336,1.853423003
6993,2,2009,6,10,2,16,0.823750472,1.96714154
6994,2,2009,6,10,2,16,1.167266076,2.201676187
6995,2,2009,6,10,2,16,1.41164975,2.400419075
6996,2,2009,6,10,2,16,1.061860461,2.126550891
6997,2,2009,6,10,2,16,0.719924946,1.848662047
6998,2,2009,6,10,2,16,1.504608285,2.424110369
6999,2,2009,6,10,2,16,2.573665371,3.353963897
7000,2,2009,6,10,2,16,3.128770298,3.914346466
7001,2,2009,6,10,2,16,0.666434785,1.807237097
7002,2,2009,6,10,2,16,1.162859569,2.201676187
7003,2,2009,6,10,2,16,1.175694389,2.201676187
7004,2,2009,6,10,2,16,2.455129994,3.353963897
7005,2,2009,6,10,2,16,0.867086158,1.980629641
7006,2,2009,6,10,2,16,1.010690948,2.039440817
7007,2,2013,6,26,2,11,0.889385493,2.132560593
7008,2,2009,5,2,5,20,0.487266753,1.673950618
7009,2,2009,5,2,5,20,1.734379788,2.595793124
7010,2,2011,6,24,4,12,1.093962202,2.132285608
7011,2,2011,6,24,4,12,0.796948299,1.867151847
7012,2,2011,6,24,4,12,1.726705097,2.602928386
7013,2,2011,6,24,4,12,0.833100885,1.964701676
7014,2,2011,6,24,4,12,2.193256568,2.952833618
7015,2,2011,6,24,4,12,0.918200114,1.981420309
7016,2,2011,6,24,4,12,0.538674577,1.729532538
7017,2,2011,6,24,4,12,0.390616466,1.667280825
7018,2,2011,6,24,4,12,0.424947598,1.673950618
7019,2,2011,6,24,4,12,0.824500079,1.964701676
7020,2,2011,6,24,4,12,0.289292344,1.667280825
7021,2,2011,6,24,4,12,0.593776041,1.811484988
7022,2,2011,6,24,4,12,0.730550164,1.866843348
7023,2,2011,6,24,4,12,1.186697503,2.201676187
7024,2,2011,6,24,4,12,1.843219458,2.668350778
7025,2,2011,6,24,4,12,1.480363361,2.431523087
7026,2,2011,6,24,4,12,2.906847232,3.807661716
7027,2,2011,6,24,4,12,0.679213851,1.830121565
7028,2,2011,6,24,4,12,1.398351528,2.376670213
7029,2,2011,6,24,4,12,2.347854836,3.351351439
7030,2,2011,6,24,4,12,1.681582112,2.571014182
7031,2,2011,6,24,4,12,1.171217164,2.201676187
7032,2,2011,6,24,4,12,1.54803855,2.457081049
7033,2,2011,6,24,4,12,2.37244104,3.391738175
7034,2,2011,6,24,4,12,1.439543344,2.418779903
7035,2,2011,6,24,4,12,1.180491287,2.201676187
7036,2,2011,6,24,4,12,1.658558211,2.548901838
7037,2,2011,6,24,4,12,0.979589578,2.014956641
7038,2,2011,6,24,4,12,0.73479852,1.866843348
7039,2,2011,6,24,4,12,0.055537756,1.947668408
7040,2,2011,6,24,4,12,1.986063191,2.794853869
7041,2,2011,6,24,4,12,2.958723994,3.967365575
7042,2,2011,6,24,4,12,1.137599633,2.198497861
7043,2,2011,6,24,4,12,1.612449394,2.526018208
7044,2,2011,6,24,4,12,1.006564061,2.039440817
7045,2,2014,6,15,6,7,1.691741781,2.684611403
7046,2,2014,6,15,6,7,1.204755665,2.313038736
7047,2,2014,6,15,6,7,0.514630011,1.793877811
7048,2,2014,6,15,6,7,2.338550371,3.378101885
7049,2,2014,6,15,6,7,0.690540173,1.854361915
7050,2,2014,6,15,6,7,1.749667305,2.807396127
7051,2,2014,6,15,6,7,1.105580165,2.254965694
7052,2,2014,6,15,6,7,3.083304854,4.012788911
7053,2,2012,8,9,3,1,1.585209885,2.446462425
7054,2,2015,5,30,5,21,1.494562116,2.583288635
7055,2,2015,5,30,5,21,1.208762075,2.300310712
7056,2,2009,10,26,0,12,2.442380571,3.405623041
7057,2,2013,2,2,5,15,1.01637258,2.26674005
7058,2,2010,12,14,1,23,0.493106212,1.682067423
7059,2,2010,12,14,1,23,0.777153471,1.887325315
7060,2,2010,12,14,1,23,1.284910791,2.256429347
7061,2,2014,4,14,0,13,2.314680718,3.467855759
7062,2,2014,4,14,0,13,0.971745744,2.178728603
7063,2,2014,8,7,3,16,0.996456451,2.253333631
7064,2,2009,9,14,0,2,1.229116506,2.228498792
7065,2,2009,9,14,0,2,1.724702719,2.58186033
7066,2,2009,9,14,0,2,0.231668838,1.763864557
7067,2,2009,9,14,0,2,0.537913938,1.730015561
7068,2,2009,9,14,0,2,0.024110351,1.928571931
7069,2,2009,9,14,0,2,0.548529585,1.730015561
7070,2,2009,9,14,0,2,1.683423254,2.555101668
7071,2,2014,3,17,0,16,0.985512199,2.226918351
7072,2,2011,6,12,6,11,0.686391004,1.823240611
7073,2,2011,6,12,6,11,1.212389038,2.241692105
7074,2,2011,6,12,6,11,1.809153372,2.60034782
7075,2,2015,6,24,2,14,1.334689783,2.507524783
7076,2,2010,8,21,5,22,1.15528543,2.192370354
7077,2,2012,1,26,3,11,0.788552883,1.857443565
7078,2,2015,2,27,4,14,1.317972893,2.507524783
7079,2,2015,2,27,4,14,1.182882414,2.345940882
7080,2,2014,9,14,6,17,1.166573919,2.317279635
7081,2,2009,1,2,4,17,2.720352407,3.362152028
7082,2,2009,1,2,4,17,0.843074987,1.958944519
7083,2,2009,1,2,4,17,1.156959839,2.17543925
7084,2,2009,1,2,4,17,0.708226957,1.853344932
7085,2,2009,1,1,3,11,1.618836645,2.47683248
7086,2,2009,1,1,3,11,0.970741963,1.998010361
7087,2,2014,4,28,0,19,0.763329488,2.015484661
7088,2,2011,6,1,2,7,2.159415975,3.058053617
7089,2,2011,6,1,2,7,1.825684151,2.662007484
7090,2,2011,6,1,2,7,1.00936613,2.005239064
7091,2,2011,6,1,2,7,1.204035416,2.484095611
7092,2,2011,6,1,2,7,0.555123345,1.729532538
7093,2,2011,6,1,2,7,1.392417051,2.308339936
7094,2,2011,6,1,2,7,0.815421457,2.003528936
7095,2,2011,6,1,2,7,0.713271128,1.843930064
7096,2,2011,6,1,2,7,0.540824721,1.729532538
7097,2,2011,6,1,2,7,1.787518484,2.595317227
7098,2,2011,6,1,2,7,2.131805712,3.027316072
7099,2,2011,6,1,2,7,0.883024716,1.929153108
7100,2,2011,6,1,2,7,0.568373448,1.744080146
7101,2,2011,6,1,2,7,1.152875049,2.43155382
7102,2,2011,6,1,2,7,2.195813306,2.952842073
7103,2,2011,6,1,2,7,1.500613875,2.387659983
7104,2,2011,6,1,2,7,1.079160563,2.537068339
7105,2,2011,6,1,2,7,2.070999666,2.841514237
7106,2,2011,6,1,2,7,1.405057545,2.385160572
7107,2,2011,6,1,2,7,1.680762024,2.551559001
7108,2,2011,6,1,2,7,0.84631188,1.916376383
7109,2,2011,6,1,2,7,0.764269854,1.856550101
7110,2,2011,6,1,2,7,2.212565207,2.959755606
7111,2,2011,6,1,2,7,2.006808744,2.805641193
7112,2,2011,6,1,2,7,1.103800483,2.541320437
7113,2,2010,8,27,4,18,1.940991924,2.777150395
7114,2,2010,8,27,4,18,1.906276541,2.731970836
7115,2,2010,8,27,4,18,0.444080038,1.673950618
7116,2,2010,8,27,4,18,1.415844148,2.419222354
7117,2,2010,8,27,4,18,0.658276549,1.81767494
7118,2,2010,8,27,4,18,0.613869078,1.81767494
7119,2,2010,8,27,4,18,0.858739465,1.97534757
7120,2,2010,8,27,4,18,1.275496248,2.265911428
7121,2,2010,8,27,4,18,1.601123323,2.485707599
7122,2,2010,8,27,4,18,0.98251294,2.027708796
7123,2,2010,8,27,4,18,0.708720225,1.876677778
7124,2,2010,8,27,4,18,1.942422243,2.777150395
7125,2,2010,8,27,4,18,1.253220822,2.232049547
7126,2,2010,8,27,4,18,1.837033503,2.654250411
7127,2,2010,8,27,4,18,0.835494264,1.962961076
7128,2,2010,8,27,4,18,0.439396256,1.673950618
7129,2,2010,8,27,4,18,1.229087365,2.233584694
7130,2,2010,8,27,4,18,1.53221312,2.451460946
7131,2,2010,8,27,4,18,1.225851975,2.233584694
7132,2,2010,8,27,4,18,1.519092745,2.431583653
7133,2,2010,8,27,4,18,0.868206742,1.981466055
7134,2,2010,8,27,4,18,0.566829042,1.748868262
7135,2,2010,8,27,4,18,0.808400475,1.928502824
7136,2,2010,8,27,4,18,2.304659501,3.186395052
7137,2,2010,8,27,4,18,0.742065748,1.88022949
7138,2,2010,8,27,4,18,0.710852622,1.868318613
7139,2,2010,8,27,4,18,0.493820736,1.673950618
7140,2,2010,8,27,4,18,1.306001822,2.284459579
7141,2,2010,8,27,4,18,1.882532275,2.709738581
7142,2,2010,8,27,4,18,1.565056615,2.464436433
7143,2,2010,8,27,4,18,1.106406986,2.127819235
7144,2,2010,8,27,4,18,0.47407041,1.673950618
7145,2,2010,8,27,4,18,1.397199123,2.377447196
7146,2,2010,8,27,4,18,0.623023815,1.81767494
7147,2,2010,8,27,4,18,1.104447521,2.127819235
7148,2,2011,2,12,5,0,1.030353571,2.012705516
7149,2,2014,5,7,2,6,1.033437936,2.138389416
7150,2,2010,8,14,5,2,1.506087923,2.411270724
7151,2,2010,8,14,5,2,1.118199525,2.087174889
7152,2,2010,8,14,5,2,0.466496321,1.660184856
7153,2,2010,8,14,5,2,1.273304534,2.256564879
7154,2,2010,8,14,5,2,0.699889712,1.812824072
7155,2,2010,8,14,5,2,1.307869754,2.278222954
7156,2,2010,8,14,5,2,0.663340464,1.791362851
7157,2,2010,8,14,5,2,1.421508795,2.40293255
7158,2,2010,8,14,5,2,0.902868109,1.925108244
7159,2,2010,8,14,5,2,2.70760579,3.334943258
7160,2,2010,8,14,5,2,2.520091747,3.276158199
7161,2,2010,8,14,5,2,2.224272801,3.090769156
7162,2,2010,8,14,5,2,0.878973446,1.918245208
7164,2,2010,8,14,5,2,2.247468927,3.103028662
7165,2,2010,8,14,5,2,0.405237363,1.653515063
7166,2,2010,8,14,5,2,0.648261241,1.791362851
7167,2,2010,8,14,5,2,1.714394522,2.565141391
7168,2,2010,8,14,5,2,1.428818537,2.40293255
7169,2,2010,8,14,5,2,1.273623071,2.256564879
7170,2,2010,8,14,5,2,1.330272,2.287964955
7171,2,2010,8,14,5,2,2.276778444,3.129739765
7172,2,2010,8,14,5,2,2.013367814,2.79136515
7173,2,2010,8,14,5,2,1.119530392,2.116028649
7174,2,2010,8,14,5,2,1.661566721,2.570248433
7175,2,2010,8,14,5,2,0.759528434,1.862212376
7176,2,2010,8,14,5,2,2.077762906,2.808434204
7177,2,2010,8,14,5,2,0.338520627,1.653515063
7178,2,2014,3,25,1,23,0.949932882,2.151362679
7179,2,2014,3,25,1,23,0.818066563,2.026576862
7180,2,2014,3,25,1,23,2.093651704,3.035925755
7181,2,2014,3,25,1,23,0.851662332,2.109014908
7182,2,2014,3,25,1,23,1.347552805,2.448392985
7183,2,2014,3,25,1,23,0.920794153,2.138170819
7184,2,2014,3,25,1,23,1.633397552,2.697268691
7185,2,2014,3,25,1,23,1.235288906,2.265878461
7186,2,2014,3,25,1,23,1.71679861,2.801004997
7187,2,2014,3,25,1,23,1.544202628,2.616313402
7188,2,2014,3,25,1,23,2.149360186,3.157385145
7189,2,2014,3,25,1,23,1.292020067,2.415362188
7190,2,2014,3,25,1,23,1.081842828,2.212033362
7191,2,2014,3,25,1,23,0.720945097,1.997372493
7192,2,2015,6,5,4,8,2.01909249,3.051266183
7193,2,2010,8,6,4,20,1.059103924,2.111817028
7194,2,2012,8,3,4,12,0.756189515,1.896521955
7195,2,2010,9,29,2,16,1.450753629,2.429282172
7196,2,2010,9,29,2,16,1.650170761,2.543854472
7197,2,2010,9,29,2,16,1.696890922,2.592675609
7199,2,2010,9,29,2,16,0.793582224,1.88311892
7200,2,2010,9,29,2,16,1.199101463,2.201676187
7201,2,2010,9,29,2,16,0.71168176,1.864761725
7202,2,2010,9,29,2,16,1.223724863,2.250305737
7203,2,2010,9,29,2,16,0.723009205,1.876672602
7204,2,2010,9,29,2,16,0.650285172,1.814118052
7205,2,2010,9,29,2,16,0.745730956,1.876672602
7206,2,2010,9,29,2,16,1.165356233,2.201676187
7207,2,2010,9,29,2,16,0.266767007,1.674035232
7208,2,2010,9,29,2,16,1.321648008,2.322691652
7209,2,2010,9,29,2,16,1.4612627,2.429282172
7210,2,2010,9,29,2,16,0.942824998,1.986649159
7211,2,2010,9,29,2,16,1.533152227,2.454925641
7212,2,2010,9,29,2,16,1.086079944,2.146058246
7213,2,2010,9,29,2,16,0.898610886,1.982517719
7214,2,2010,9,29,2,16,0.939130718,1.986649159
7215,2,2014,10,27,0,14,1.136674764,2.351358044
7216,2,2014,10,27,0,14,1.282824373,2.479349963
7217,2,2014,10,27,0,14,1.311005102,2.494865984
7218,2,2014,10,27,0,14,0.751261857,2.01024554
7219,2,2014,10,27,0,14,0.53184224,1.801755568
7220,2,2014,10,27,0,14,0.730627964,2.01024554
7221,2,2014,10,27,0,14,1.868104081,2.918268861
7222,2,2014,10,27,0,14,2.414326908,3.538314295
7223,2,2014,10,27,0,14,0.7789681,2.031169503
7224,2,2014,10,27,0,14,2.121837776,3.084489737
7225,2,2014,10,27,0,14,1.785774312,2.925130285
7226,2,2014,10,27,0,14,1.716474102,2.880469186
7227,2,2014,10,27,0,14,1.146093495,2.351358044
7228,2,2014,10,27,0,14,1.06234283,2.319725143
7229,2,2014,10,27,0,14,0.697775945,1.944417804
7230,2,2014,10,27,0,14,1.050152275,2.309036801
7231,2,2014,10,27,0,14,0.687017145,1.879053887
7232,2,2014,10,27,0,14,0.787486749,2.031169503
7233,2,2009,10,8,3,23,1.303576409,2.27442314
7234,2,2012,11,3,5,17,1.594164095,2.473352377
7235,2,2012,11,3,5,17,0.796145064,1.90013825
7236,2,2012,11,3,5,17,3.110516138,3.962396095
7237,2,2012,11,3,5,17,1.116889371,2.227624676
7238,2,2012,11,3,5,17,1.160916456,2.258975685
7239,2,2012,11,3,5,17,1.13193437,2.253615457
7240,2,2012,11,3,5,17,1.098877361,2.227624676
7241,2,2012,11,3,5,17,1.051260836,2.202233828
7242,2,2012,11,3,5,17,1.652729854,2.552019235
7243,2,2012,11,3,5,17,0.793563864,1.90013825
7244,2,2012,11,3,5,17,2.331916333,3.336691239
7245,2,2012,11,3,5,17,0.797286844,1.90013825
7246,2,2012,11,3,5,17,0.921462392,2.042306642
7247,2,2012,11,3,5,17,1.915379973,2.86143279
7248,2,2012,11,3,5,17,1.143866273,2.258975685
7249,2,2012,11,3,5,17,1.042537889,2.136953205
7250,2,2012,11,3,5,17,0.932201429,2.042306642
7251,2,2012,11,3,5,17,1.113586712,2.227624676
7252,2,2012,11,3,5,17,1.005819508,2.092037696
7253,2,2012,11,3,5,17,1.185930929,2.258975685
7254,2,2012,11,3,5,17,1.864808527,2.799775961
7255,2,2012,11,3,5,17,1.323391726,2.411422388
7256,2,2012,11,3,5,17,0.946446835,2.042306642
7257,2,2012,11,3,5,17,1.312830072,2.406923399
7258,2,2012,11,3,5,17,2.141666319,3.060413091
7259,2,2012,11,3,5,17,0.532068642,1.812553653
7260,2,2012,11,3,5,17,1.197547497,2.258975685
7261,2,2012,11,3,5,17,1.14602151,2.258975685
7262,2,2012,11,3,5,17,1.728172633,2.685203083
7263,2,2012,11,3,5,17,1.380018764,2.412735726
7264,2,2012,11,3,5,17,0.945781933,2.042306642
7265,2,2012,11,3,5,17,0.362356192,1.766895531
7266,2,2012,11,3,5,17,0.596792498,1.835528341
7267,2,2012,11,3,5,17,0.85973742,2.055544042
7268,2,2009,5,7,3,13,2.534317764,3.353963897
7269,2,2011,5,28,5,17,3.543979847,3.97327318
7270,2,2011,5,28,5,17,2.527018119,3.281483113
7271,2,2011,12,25,6,21,0.981994413,2.040692896
7272,2,2009,5,6,2,1,2.000218151,2.805641193
7273,2,2009,5,6,2,1,0.830461483,1.896477007
7274,2,2011,3,11,4,1,1.269516269,2.246540613
7275,2,2011,3,11,4,1,2.730405674,3.51368094
7276,2,2011,3,11,4,1,1.26600091,2.259228608
7277,2,2011,3,11,4,1,2.542330334,3.239274735
7278,2,2011,3,11,4,1,0.23521462,1.826652358
7279,2,2011,3,11,4,1,1.612174638,2.474292142
7280,2,2011,3,11,4,1,1.789215045,2.578598706
7281,2,2011,3,11,4,1,1.535479497,2.413957334
7282,2,2011,3,11,4,1,1.125215055,2.105317539
7283,2,2011,3,11,4,1,2.307030716,3.104427394
7284,2,2011,3,11,4,1,1.920269217,2.760560089
7285,2,2011,3,11,4,1,1.024538729,2.056172763
7286,2,2011,3,11,4,1,1.685044684,2.5331125
7287,2,2011,3,11,4,1,2.297425035,3.104427394
7288,2,2011,3,11,4,1,2.196442476,2.966428589
7289,2,2011,3,11,4,1,0.569488202,1.744080146
7290,2,2013,1,27,6,0,1.066432915,2.168833334
7291,2,2012,1,7,5,11,0.433986532,1.734062029
7292,2,2012,1,7,5,11,1.023997789,2.070121941
7293,2,2012,10,31,2,12,1.475792634,2.474237715
7294,2,2012,10,20,5,2,0.980191756,2.040820143
7295,2,2014,10,11,5,15,0.413103796,1.756284761
7296,2,2009,8,17,0,12,1.352200207,2.292092881
7297,2,2014,4,9,2,9,1.494293343,2.626143547
7298,2,2009,11,25,2,19,0.731956427,1.884773304
7299,2,2014,5,30,4,0,0.774466834,1.955941313
7300,2,2014,5,30,4,0,2.067146099,3.024230104
7301,2,2013,1,7,0,17,1.132521862,2.332531438
7302,2,2013,2,18,0,17,0.684212546,1.857508505
7303,2,2011,10,4,1,9,1.700767721,2.565661772
7304,2,2011,10,4,1,9,1.341651879,2.308819044
7305,2,2011,10,4,1,9,1.132751366,2.193137633
7306,2,2011,10,4,1,9,2.449315441,3.341162184
7307,2,2011,10,4,1,9,1.371573892,2.315734842
7308,2,2011,10,4,1,9,1.560563237,2.435946445
7309,2,2011,10,4,1,9,1.910916428,2.792316928
7310,2,2011,10,4,1,9,0.862596972,1.989122961
7311,2,2011,10,4,1,9,0.916141406,1.986215674
7312,2,2011,10,4,1,9,0.70027125,1.831557537
7313,2,2011,10,4,1,9,1.45077438,2.409800549
7314,2,2011,10,4,1,9,2.406237561,3.339448047
7315,2,2011,10,4,1,9,1.888142617,2.74220701
7316,2,2011,10,4,1,9,1.675627883,2.553590525
7317,2,2011,10,4,1,9,0.480608857,1.67504554
7318,2,2011,10,4,1,9,0.999510694,2.044839707
7319,2,2011,10,4,1,9,2.019885858,2.85424187
7320,2,2011,10,4,1,9,1.09631043,2.133389021
7321,2,2011,10,4,1,9,2.214240792,3.124073096
7323,2,2011,10,4,1,9,1.872732986,2.681669621
7324,2,2011,10,4,1,9,1.50325083,2.421828497
7325,2,2011,10,4,1,9,1.67780461,2.553590525
7326,2,2011,10,4,1,9,0.683907527,1.823540181
7327,2,2011,10,4,1,9,0.584430098,1.821975064
7328,2,2011,10,4,1,9,1.775869325,2.600587919
7329,2,2011,10,4,1,9,2.036131259,2.920247135
7330,2,2011,10,4,1,9,2.476514145,3.341162184
7331,2,2011,10,4,1,9,1.358418949,2.308819044
7332,2,2011,10,4,1,9,0.628809849,1.81736494
7333,2,2011,10,4,1,9,1.472075788,2.414482976
7334,2,2011,10,4,1,9,2.495471359,3.341162184
7335,2,2011,10,4,1,9,0.763327073,1.886536059
7336,2,2012,10,23,1,14,1.230552563,2.341818976
7337,2,2012,10,18,3,21,1.11179856,2.204629157
7338,2,2012,10,18,3,21,1.415867728,2.471073202
7339,2,2014,12,24,2,3,1.793791498,2.800677939
7340,2,2014,12,24,2,3,1.441617874,2.446704815
7341,2,2014,12,24,2,3,0.852063568,2.040896736
7342,2,2014,12,24,2,3,1.470202264,2.533198111
7343,2,2014,12,24,2,3,0.560427004,1.818523245
7344,2,2014,12,24,2,3,0.888806286,2.04508539
7345,2,2014,12,24,2,3,0.781298136,1.955941313
7346,2,2010,10,7,3,10,3.13900637,3.903469381
7347,2,2011,2,21,0,20,1.347219397,2.289651424
7348,2,2009,10,4,6,22,1.847314081,2.638888044
7349,2,2015,4,11,5,20,0.934327305,2.146702607
7350,2,2015,4,11,5,20,1.516996207,2.595032866
7351,2,2011,2,20,6,12,0.991314281,2.027011666
7352,2,2013,1,1,1,22,1.205655957,2.314125215
7353,2,2013,1,1,1,22,1.127833135,2.277123097
7354,2,2013,4,23,1,17,3.079154048,4.011011459
7355,2,2010,1,1,4,13,1.766060548,2.582713105
7356,2,2010,3,6,5,23,1.891629675,2.716671781
7357,2,2014,4,27,6,2,1.473367197,2.523340828
7358,2,2014,4,27,6,2,1.408092946,2.399710555
7359,2,2014,4,27,6,2,1.138469914,2.191574988
7360,2,2014,4,27,6,2,1.590521616,2.632362445
7361,2,2014,4,27,6,2,1.811167366,2.790485278
7362,2,2014,4,27,6,2,0.823847037,1.95006617
7363,2,2014,4,27,6,2,1.915291844,2.872725293
7364,2,2014,4,27,6,2,2.113530372,3.032341654
7365,2,2014,4,27,6,2,1.751740514,2.752737854
7366,2,2014,4,27,6,2,0.942529985,2.092437126
7367,2,2014,4,27,6,2,0.832498279,1.95006617
7368,2,2014,4,27,6,2,1.994307347,2.919223586
7369,2,2014,4,27,6,2,0.597791702,1.852753758
7370,2,2014,4,27,6,2,0.410421544,1.743609424
7371,2,2014,4,27,6,2,0.559245631,1.818523245
7372,2,2014,4,27,6,2,2.507282419,3.366021017
7373,2,2014,4,27,6,2,1.503181288,2.55804563
7374,2,2014,4,27,6,2,1.485581934,2.523340828
7375,2,2014,4,27,6,2,0.983304121,2.112699981
7376,2,2014,4,27,6,2,1.935920841,2.908630883
7377,2,2014,4,27,6,2,0.567219579,1.827018714
7378,2,2014,4,27,6,2,0.931785263,2.092437126
7379,2,2014,4,27,6,2,1.564797037,2.6381896
7380,2,2014,4,27,6,2,0.904365002,2.09210414
7381,2,2014,4,27,6,2,0.982197717,2.112699981
7382,2,2014,4,27,6,2,2.465079309,3.357858226
7383,2,2014,4,27,6,2,1.257377285,2.283684367
7384,2,2011,1,18,1,10,1.845164532,2.622929156
7385,2,2011,12,13,1,22,1.631430458,2.50303395
7386,2,2011,12,13,1,22,2.39660315,3.235911563
7387,2,2011,12,13,1,22,1.789912698,2.606891231
7388,2,2011,12,13,1,22,1.092482008,2.133389021
7389,2,2011,12,13,1,22,1.725619134,2.60024
7390,2,2011,12,13,1,22,0.740304907,1.894636761
7391,2,2011,12,13,1,22,0.950236528,1.986649159
7392,2,2011,12,13,1,22,0.58856364,1.818118606
7393,2,2011,12,13,1,22,1.651998878,2.51240252
7394,2,2011,12,13,1,22,0.585346558,1.818118606
7395,2,2011,12,13,1,22,1.235100014,2.213842445
7396,2,2011,12,13,1,22,1.232788773,2.213842445
7397,2,2011,12,13,1,22,1.251730463,2.212307298
7398,2,2011,12,13,1,22,2.451990093,3.252812968
7399,2,2011,12,13,1,22,0.840729079,1.977414035
7400,2,2011,12,13,1,22,0.948326365,1.986649159
7401,2,2011,12,13,1,22,0.756178505,1.894636761
7402,2,2011,12,13,1,22,1.158933683,2.192370354
7403,2,2011,12,13,1,22,1.970608119,2.823005829
7404,2,2011,12,13,1,22,1.248529759,2.212307298
7405,2,2011,12,13,1,22,0.904286922,1.982517719
7406,2,2011,12,13,1,22,0.733267932,1.894636761
7407,2,2011,12,13,1,22,0.3736106,1.67539763
7408,2,2011,12,13,1,22,0.805782591,1.90657079
7409,2,2011,12,13,1,22,2.08424019,2.959387554
7410,2,2011,12,13,1,22,1.118091707,2.133163066
7411,2,2011,12,13,1,22,0.943314723,1.986649159
7412,2,2011,12,13,1,22,1.563380185,2.431045235
7413,2,2011,12,13,1,22,0.892420476,1.981466055
7414,2,2011,12,13,1,22,2.263454712,3.179520353
7415,2,2011,12,13,1,22,0.674972955,1.819683723
7416,2,2011,12,13,1,22,0.964139575,2.007318286
7417,2,2014,5,13,1,7,0.88048264,2.071816372
7418,2,2011,6,30,3,9,1.28324818,2.253267212
7419,2,2009,1,28,2,16,1.344774725,2.283634584
7420,2,2010,7,21,2,22,1.754774944,2.592635906
7421,2,2013,5,24,4,13,1.49776182,2.61587622
7422,2,2013,5,24,4,13,0.602605168,1.871519975
7423,2,2014,3,5,2,21,0.523961193,1.811783229
7424,2,2014,3,5,2,21,0.604726385,1.853831051
7425,2,2009,11,28,5,15,0.903410398,1.982517719
7426,2,2010,7,31,5,15,1.757339685,2.599804407
7427,2,2013,11,22,4,15,1.359354435,2.513422049
7428,2,2011,6,26,6,18,1.0492422,2.077808823
7429,2,2011,10,17,0,18,1.48067973,2.455060146
7430,2,2011,10,17,0,18,1.06268793,2.127654304
7431,2,2014,7,21,0,18,1.016971202,2.256945926
7432,2,2014,7,21,0,18,1.220529574,2.358199382
7433,2,2014,7,21,0,18,0.842600018,2.031840711
7434,2,2014,7,21,0,18,1.387504353,2.502327096
7435,2,2014,7,21,0,18,1.42892771,2.55052934
7436,2,2014,7,21,0,18,1.683366516,2.723283892
7437,2,2014,7,21,0,18,0.991131816,2.225338899
7438,2,2014,7,21,0,18,1.346723272,2.484085654
7439,2,2014,7,21,0,18,1.059799357,2.309849789
7440,2,2014,7,21,0,18,1.210399845,2.358199382
7441,2,2014,7,21,0,18,0.67718411,1.861299381
7442,2,2014,7,21,0,18,1.36989385,2.502327096
7443,2,2014,7,21,0,18,0.896635784,2.144324489
7444,2,2014,7,21,0,18,0.857076052,2.113697642
7445,2,2014,7,21,0,18,2.143285265,3.119657822
7446,2,2014,7,21,0,18,0.570374733,1.822355764
7447,2,2014,7,21,0,18,0.710444716,2.000628476
7448,2,2014,7,21,0,18,1.290836013,2.45006008
7449,2,2014,7,21,0,18,1.569515492,2.695766447
7450,2,2014,7,21,0,18,1.186009274,2.344852755
7451,2,2014,7,21,0,18,2.086631026,3.059177295
7452,2,2014,7,21,0,18,1.132626431,2.333966598
7453,2,2014,7,21,0,18,1.680859174,2.723283892
7454,2,2014,7,21,0,18,1.447357719,2.55052934
7455,2,2014,7,21,0,18,0.74388122,2.01024554
7456,2,2014,7,21,0,18,0.823677286,2.031840711
7457,2,2014,7,21,0,18,0.601804238,1.853765469
7458,2,2014,7,21,0,18,1.34229551,2.484085654
7459,2,2014,7,21,0,18,0.873218648,2.113697642
7460,2,2014,7,21,0,18,0.604132051,1.853765469
7461,2,2014,7,21,0,18,0.742324494,2.01024554
7462,2,2014,7,21,0,18,0.848985686,2.169399162
7463,2,2014,7,21,0,18,0.623613693,1.861299381
7464,2,2014,7,21,0,18,1.48991214,2.603951386
7465,2,2014,7,21,0,18,1.355344545,2.484085654
7466,2,2014,7,21,0,18,0.987260384,2.21818202
7467,2,2014,7,21,0,18,1.77939132,2.917890601
7468,2,2014,7,21,0,18,1.470269622,2.591307638
7469,2,2014,7,21,0,18,1.442218688,2.55052934
7470,2,2014,7,21,0,18,0.904533498,2.144324489
7471,2,2014,7,21,0,18,0.784653259,2.031169503
7472,2,2011,6,13,0,9,1.108832414,2.127819235
7473,2,2011,6,13,0,9,2.143610994,2.964951813
7474,2,2014,12,27,5,22,1.384485568,2.447962727
7475,2,2014,12,27,5,22,2.550411801,3.509971305
7476,2,2010,9,20,0,16,1.254905549,2.24877059
7477,2,2010,9,20,0,16,1.083284199,2.146058246
7478,2,2010,9,20,0,16,1.305261649,2.298536441
7479,2,2010,9,20,0,16,1.830296049,2.672168775
7480,2,2010,9,20,0,16,2.296290277,3.2595538
7481,2,2010,9,20,0,16,2.923720375,3.75079924
7482,2,2010,9,20,0,16,3.05751026,3.88960759
7483,2,2010,9,20,0,16,1.285132961,2.280542647
7484,2,2010,9,20,0,16,0.519184588,1.722459581
7485,2,2010,9,20,0,16,1.005930107,2.044839707
7486,2,2010,9,20,0,16,2.644716665,3.387826708
7487,2,2010,9,20,0,16,0.105194172,1.870637485
7488,2,2010,9,20,0,16,0.861511316,1.985425006
7489,2,2010,9,20,0,16,1.762232298,2.604983465
7490,2,2010,9,20,0,16,1.550505685,2.479395817
7491,2,2010,9,20,0,16,1.364931294,2.302600019
7492,2,2010,9,20,0,16,2.014111564,2.773859849
7493,2,2010,9,20,0,16,0.939825912,1.986649159
7494,2,2010,9,20,0,16,0.403488424,1.674035232
7495,2,2010,9,20,0,16,2.078164574,2.610297286
7496,2,2010,9,20,0,16,1.487392868,2.457663342
7497,2,2010,9,20,0,16,2.065102672,2.809618526
7498,2,2010,9,20,0,16,1.180772118,2.201676187
7499,2,2010,9,20,0,16,1.00819469,2.044839707
7500,2,2010,9,20,0,16,1.59626001,2.498290849
7501,2,2010,9,20,0,16,1.758981239,2.604983465
7502,2,2010,9,20,0,16,1.170045224,2.201676187
7503,2,2010,9,20,0,16,3.080237042,3.88960759
7504,2,2010,9,20,0,16,1.255452545,2.24877059
7505,2,2010,9,20,0,16,0.564096721,1.75562267
7506,2,2012,8,20,0,14,0.944604066,2.034713482
7507,2,2011,12,1,3,1,0.527600905,1.736286946
7508,2,2014,3,29,5,14,1.509490398,2.68826156
7509,2,2014,8,18,0,1,1.21943063,2.270290488
7510,2,2012,4,30,0,20,0.599545115,1.843215787
7511,2,2013,7,13,5,18,3.006167122,4.006200236
7512,2,2014,10,7,1,19,0.613627684,1.861364963
7513,2,2014,10,7,1,19,0.72902744,2.004879102
7514,2,2013,8,21,2,9,0.282203049,1.73693963
7515,2,2015,1,26,0,7,2.410854333,3.491178784
7516,2,2011,3,6,6,21,1.715196395,2.55996572
7517,2,2011,3,6,6,21,0.445472014,1.673950618
7518,2,2011,3,6,6,21,0.579514106,1.774117811
7519,2,2011,3,6,6,21,1.21526148,2.195352774
7520,2,2011,3,6,6,21,1.229260979,2.195352774
7521,2,2011,3,6,6,21,1.82386919,2.592958685
7522,2,2011,3,6,6,21,0.738022223,1.840127369
7523,2,2011,3,6,6,21,0.654214359,1.820921828
7524,2,2011,3,6,6,21,0.510498785,1.704683682
7525,2,2011,3,6,6,21,0.707521177,1.857338489
7527,2,2011,3,6,6,21,2.179755471,2.913357625
7528,2,2011,3,6,6,21,1.243232021,2.199104581
7529,2,2011,3,6,6,21,1.818221053,2.592958685
7530,2,2011,3,6,6,21,1.575280731,2.447382606
7531,2,2011,3,6,6,21,0.924833208,1.974317461
7532,2,2011,3,6,6,21,0.428673686,1.673950618
7533,2,2011,3,6,6,21,1.745614258,2.582059082
7534,2,2011,3,6,6,21,1.353957795,2.278539223
7535,2,2011,3,6,6,21,0.854465228,1.971720234
7536,2,2011,3,6,6,21,1.112870349,2.116657427
7537,2,2011,3,6,6,21,0.767026695,1.840127369
7538,2,2011,3,6,6,21,2.371589051,3.222584011
7539,2,2011,3,6,6,21,1.09758182,2.116657427
7540,2,2011,3,6,6,21,0.591140635,1.808460492
7541,2,2011,3,6,6,21,1.714604929,2.55996572
7542,2,2011,3,6,6,21,0.317639194,1.667280825
7543,2,2011,3,6,6,21,1.263604587,2.232056012
7544,2,2011,3,6,6,21,1.084970597,2.121123799
7545,2,2011,3,6,6,21,1.952532499,2.777150395
7546,2,2011,3,6,6,21,0.465438585,1.673950618
7547,2,2011,3,6,6,21,1.166683145,2.17153414
7548,2,2011,3,6,6,21,1.453962186,2.377577781
7549,2,2011,3,6,6,21,1.045061098,2.041013936
7550,2,2011,3,6,6,21,0.695954776,1.837078628
7551,2,2011,3,6,6,21,0.68582025,1.827097069
7552,2,2011,3,6,6,21,1.813904131,2.585991124
7553,2,2011,3,6,6,21,1.454657221,2.377577781
7554,2,2011,3,6,6,21,0.919962159,1.970186021
7555,2,2011,3,6,6,21,1.027385493,2.051808974
7556,2,2011,3,6,6,21,1.070123306,2.132006593
7557,2,2009,11,24,1,8,0.909351254,1.986215674
7558,2,2009,11,24,1,8,1.157561531,2.190142001
7559,2,2011,5,30,0,9,0.625542463,1.820389436
7560,2,2010,1,2,5,12,1.17156939,2.17543925
7561,2,2010,10,5,1,2,1.040855287,2.025036535
7562,2,2010,10,5,1,2,0.71452253,1.851537517
7563,2,2010,10,5,1,2,2.313560615,3.121959019
7564,2,2010,10,5,1,2,0.816957101,1.902393314
7565,2,2010,10,5,1,2,1.255132802,2.228017603
7566,2,2010,10,5,1,2,1.955757305,2.807567069
7567,2,2010,10,5,1,2,1.335156258,2.298674278
7568,2,2012,1,25,2,22,0.722842554,1.864873133
7569,2,2010,12,1,2,22,1.086257727,2.15767604
7570,2,2013,6,23,6,2,1.973859625,2.908630883
7571,2,2013,11,18,0,15,1.247600395,2.370673907
7572,2,2013,8,6,1,23,0.895139909,2.116014388
7573,2,2013,8,6,1,23,2.485358612,3.517278086
7574,2,2012,3,10,5,2,0.311208356,1.721732749
7575,2,2014,4,13,6,17,1.244814382,2.357421972
7576,2,2013,9,14,5,16,1.343886882,2.499867632
7577,2,2013,9,14,5,16,0.763255415,2.009037388
7578,2,2013,9,14,5,16,0.758102987,2.003155376
7579,2,2014,4,5,5,18,1.124776486,2.320169455
7580,2,2014,4,5,5,18,0.629002614,1.861364963
7581,2,2009,12,2,2,15,0.647050877,1.811093555
7582,2,2010,1,3,6,2,0.45245173,1.660184856
7583,2,2011,1,30,6,14,1.472743858,2.431523087
7584,2,2011,4,16,5,21,1.190245376,2.17153414
7585,2,2009,5,31,6,21,1.318573474,2.296337296
7586,2,2009,7,14,1,17,1.703745647,2.58352784
7587,2,2009,12,18,4,12,0.850957346,1.978933123
7588,2,2012,11,21,2,15,0.538401655,1.788183013
7589,2,2011,10,7,4,22,1.021551836,2.083933795
7590,2,2011,10,7,4,22,1.50295946,2.416045466
7591,2,2011,10,7,4,22,1.400072566,2.393971882
7592,2,2013,9,24,1,21,0.661631226,1.879053887
7593,2,2013,9,24,1,21,0.4813189,1.756284761
7594,2,2014,1,25,5,12,1.335473397,2.499867632
7595,2,2012,1,26,3,7,0.757147463,1.850997247
7596,2,2012,1,26,3,7,1.663555761,2.586383192
7597,2,2012,1,26,3,7,0.941336063,1.980929165
7598,2,2012,1,26,3,7,1.191480069,2.171519247
7599,2,2012,1,26,3,7,0.230912828,1.888920437
7600,2,2012,1,26,3,7,2.05599601,2.884183756
7601,2,2012,1,26,3,7,0.674434429,1.839916654
7602,2,2012,1,26,3,7,1.049041306,2.095848286
7603,2,2012,1,26,3,7,1.206522588,2.254559598
7604,2,2012,1,26,3,7,1.52971624,2.445171324
7605,2,2012,1,26,3,7,1.63396649,2.512596197
7606,2,2012,1,26,3,7,1.394840007,2.317924766
7608,2,2012,1,26,3,7,1.862560744,2.720483869
7609,2,2012,1,26,3,7,1.469377856,2.419900255
7611,2,2012,1,26,3,7,1.023642724,2.035410645
7612,2,2012,1,26,3,7,1.266687029,2.306705672
7613,2,2012,1,26,3,7,2.205026696,3.162039568
7614,2,2012,1,26,3,7,1.12129591,2.157456212
7615,2,2012,1,26,3,7,1.288012861,2.318002318
7616,2,2012,1,26,3,7,0.744823123,1.850997247
7617,2,2012,1,26,3,7,0.657795696,1.839916654
7618,2,2012,1,26,3,7,0.907377458,1.977681789
7619,2,2012,1,26,3,7,0.763524883,1.850997247
7620,2,2015,3,20,4,23,1.083721781,2.214149513
7621,2,2015,3,20,4,23,1.058531404,2.218476198
7622,2,2015,3,20,4,23,1.994204856,2.96462396
7623,2,2013,12,14,5,3,1.293058459,2.411675765
7624,2,2010,12,9,3,7,1.639977845,2.493084104
7625,2,2010,12,9,3,7,1.747013335,2.602588208
7626,2,2010,12,9,3,7,1.298478522,2.301512731
7627,2,2010,12,9,3,7,0.754256543,1.881593833
7628,2,2010,12,9,3,7,1.059906627,2.113026927
7629,2,2010,12,9,3,7,0.639753898,1.798429485
7630,2,2010,12,9,3,7,1.225661018,2.252965359
7631,2,2010,12,9,3,7,0.687316394,1.804604726
7632,2,2010,12,9,3,7,0.503727515,1.689821144
7633,2,2010,12,9,3,7,1.397549995,2.363087413
7634,2,2010,12,9,3,7,1.292382819,2.297545318
7635,2,2010,12,9,3,7,2.357692064,3.00767307
7636,2,2010,12,9,3,7,0.484922227,1.673961148
7638,2,2010,12,9,3,7,1.056315283,2.100299286
7639,2,2010,12,9,3,7,1.681998301,2.553590525
7640,2,2010,12,9,3,7,0.805966282,1.891235919
7641,2,2010,12,9,3,7,1.005222134,2.019191334
7642,2,2010,12,9,3,7,3.075294469,3.914346466
7643,2,2010,12,9,3,7,1.578267177,2.431846518
7644,2,2010,12,9,3,7,1.511153713,2.415146227
7645,2,2011,9,25,6,13,0.778677672,1.88560854
7646,2,2014,2,20,3,18,1.30797916,2.471426855
7647,2,2010,8,21,5,23,0.696576135,1.830741661
7648,2,2010,8,21,5,23,1.871341447,2.673381714
7649,2,2010,8,21,5,23,0.975519624,2.006716527
7650,2,2012,5,8,1,3,2.431722909,3.386524779
7651,2,2012,5,8,1,3,1.063405211,2.088450734
7652,2,2012,5,8,1,3,1.041476013,2.042365109
7653,2,2009,7,31,4,7,2.114253107,2.968411923
7654,2,2012,3,6,1,7,1.584396215,2.433764149
7655,2,2015,3,12,3,19,2.533393127,3.517278086
7656,2,2014,1,18,5,17,1.168132489,2.333753968
7657,2,2011,9,4,6,1,0.960092532,1.966666496
7658,2,2010,8,9,0,8,0.935639028,1.990347114
7659,2,2015,2,1,6,0,0.442243974,1.767980064
7660,2,2014,1,26,6,15,1.28481259,2.448877842
7661,2,2014,1,26,6,15,1.581372419,2.6831182
7662,2,2011,12,6,1,11,1.520206022,2.431695506
7663,2,2011,7,12,1,19,1.304838979,2.290237249
7664,2,2010,9,16,3,14,1.004451093,2.044839707
7665,2,2015,2,14,5,20,0.635558806,1.858612978
7666,2,2009,1,22,3,12,1.526623041,2.455181962
7667,2,2011,4,23,5,21,1.375729886,2.286482956
7668,2,2011,4,23,5,21,2.005802098,2.798315229
7669,2,2015,2,21,5,18,0.482102784,1.756284761
7670,2,2015,2,21,5,18,0.935398398,2.165812783
7671,2,2009,4,23,3,0,1.164374621,2.108368643
7672,2,2013,3,9,5,21,1.232422584,2.300310712
7673,2,2010,7,22,3,9,2.439844583,3.396510025
7674,2,2012,7,31,1,2,1.146023958,2.118758275
7675,2,2015,2,21,5,17,1.632670744,2.721397628
7676,2,2012,11,19,0,22,1.149857252,2.238065825
7677,2,2009,1,26,0,18,0.942790528,1.974317461
7678,2,2009,9,22,1,11,1.307708459,2.298536441
7679,2,2012,7,5,3,18,0.702197376,1.847241931
7680,2,2012,11,20,1,21,0.792952921,1.907512087
7681,2,2012,11,20,1,21,1.620435461,2.531407026
7682,2,2012,11,20,1,21,1.870804136,2.794070964
7683,2,2012,11,20,1,21,1.843045505,2.767719981
7684,2,2012,11,20,1,21,2.523217581,3.455129066
7685,2,2012,11,20,1,21,1.999527027,2.922752822
7686,2,2012,11,20,1,21,0.953946043,2.052596899
7687,2,2012,11,20,1,21,0.859188363,2.028087961
7688,2,2012,11,20,1,21,1.857715865,2.780889894
7689,2,2012,11,20,1,21,2.738359775,3.669367778
7690,2,2012,11,20,1,21,1.24058053,2.293480552
7691,2,2012,11,20,1,21,1.017771786,2.119452512
7692,2,2012,11,20,1,21,2.096831768,3.039297241
7693,2,2012,11,20,1,21,2.876987216,3.746088649
7694,2,2012,11,20,1,21,1.708726581,2.635006942
7695,2,2012,11,20,1,21,2.136932725,3.085117838
7696,2,2012,11,20,1,21,1.185499923,2.254517493
7697,2,2012,11,20,1,21,1.110220303,2.204629157
7698,2,2012,11,20,1,21,0.946548768,2.042306642
7699,2,2012,11,20,1,21,1.068454714,2.200071772
7700,2,2012,11,20,1,21,2.184371199,3.168016501
7701,2,2012,11,20,1,21,0.624829373,1.837559071
7702,2,2012,11,20,1,21,1.368439843,2.387781429
7703,2,2012,11,20,1,21,1.48995319,2.4602884
7704,2,2012,11,20,1,21,1.017981829,2.120164946
7705,2,2012,11,20,1,21,0.555825545,1.788183013
7706,2,2012,11,20,1,21,0.778886915,1.907512087
7707,2,2012,11,20,1,21,2.411591452,3.455129066
7708,2,2012,11,20,1,21,1.862766447,2.794070964
7709,2,2012,11,20,1,21,0.942000515,2.042306642
7710,2,2012,11,20,1,21,2.285706811,3.27132207
7711,2,2012,11,20,1,21,1.867657149,2.794070964
7712,2,2012,11,20,1,21,0.732900408,1.901065769
7713,2,2014,6,23,0,0,1.805312051,2.781727299
7714,2,2014,6,23,0,0,2.664823923,3.426166389
7715,2,2014,6,23,0,0,1.081467423,2.167783853
7716,2,2014,6,23,0,0,1.520413779,2.585209674
7717,2,2014,6,23,0,0,2.55769081,3.376126409
7718,2,2014,6,23,0,0,0.92148086,2.066650771
7719,2,2014,6,23,0,0,0.02499358,1.941815256
7720,2,2014,6,23,0,0,0.64627187,1.848150487
7721,2,2014,6,23,0,0,1.256781655,2.285421938
7722,2,2014,6,23,0,0,2.937287844,3.806572712
7723,2,2014,6,23,0,0,0.053602753,1.910971532
7724,2,2014,6,23,0,0,1.112767314,2.167783853
7725,2,2014,6,23,0,0,2.563106142,3.376126409
7726,2,2014,6,23,0,0,2.26137945,3.334173292
7727,2,2014,6,23,0,0,1.125908114,2.210029553
7728,2,2014,6,23,0,0,1.235598102,2.270290488
7729,2,2014,6,23,0,0,1.278697043,2.344179542
7730,2,2014,6,23,0,0,1.239416697,2.269071664
7731,2,2009,4,25,5,10,0.048288141,2.019349224
7732,2,2009,4,25,5,10,0.792123886,1.836935679
7733,2,2009,4,20,0,11,1.305057695,2.283119266
7734,2,2009,10,22,3,21,1.949544313,2.801459734
7735,2,2013,11,28,3,11,1.0821387,2.307725122
7736,2,2014,5,25,6,15,0.620346022,1.879053887
7737,2,2011,8,18,3,13,0.802610464,1.905852793
7738,2,2013,9,25,2,22,1.036214366,2.212444558
7739,2,2013,9,25,2,22,0.732208516,2.01024554
7740,2,2013,9,25,2,22,1.528304722,2.596484559
7741,2,2013,9,25,2,22,1.224524378,2.293164876
7742,2,2013,9,25,2,22,1.754425157,2.827514656
7743,2,2013,9,25,2,22,0.723890715,2.01024554
7744,2,2013,9,25,2,22,1.695142894,2.727282995
7745,2,2013,9,25,2,22,1.534162731,2.601262928
7746,2,2013,9,25,2,22,1.960031674,2.978004662
7747,2,2013,9,25,2,22,0.601651554,1.871519975
7748,2,2013,9,25,2,22,0.745610099,2.01024554
7749,2,2013,9,25,2,22,1.005895572,2.188804325
7750,2,2013,9,25,2,22,1.868671081,2.888712631
7751,2,2013,9,25,2,22,2.226971276,3.240619787
7752,2,2013,9,25,2,22,1.144787612,2.277200045
7753,2,2013,9,25,2,22,0.682358223,1.879053887
7754,2,2013,9,25,2,22,1.115061502,2.230176542
7755,2,2013,9,25,2,22,1.347389916,2.448392985
7756,2,2013,9,25,2,22,0.872339217,2.099601383
7757,2,2013,9,25,2,22,1.699888002,2.727282995
7758,2,2013,9,25,2,22,1.434841617,2.494899257
7759,2,2013,9,25,2,22,1.269187118,2.394858529
7760,2,2013,9,25,2,22,1.96259409,2.978004662
7761,2,2013,9,25,2,22,0.769139926,2.022999372
7762,2,2013,9,25,2,22,1.044274652,2.218476198
7763,2,2013,9,25,2,22,1.637159494,2.724039042
7764,2,2013,9,25,2,22,3.106855581,4.011011459
7765,2,2013,9,25,2,22,1.887750864,2.911121252
7766,2,2013,9,25,2,22,1.696546929,2.727282995
7767,2,2013,9,25,2,22,1.117913999,2.230176542
7768,2,2013,9,25,2,22,0.865141806,2.099601383
7769,2,2013,9,25,2,22,1.616486138,2.711491574
7770,2,2013,7,20,5,12,1.283554316,2.470181936
7771,2,2013,7,20,5,12,1.150934729,2.321753947
7772,2,2014,7,11,4,12,3.030210158,4.012788911
7773,2,2014,1,31,4,11,1.487303004,2.675199996
7774,2,2014,8,31,6,4,1.3971498,2.475836337
7775,2,2014,8,31,6,4,2.176491711,3.10001382
7776,2,2014,8,1,4,18,2.078836714,2.888306942
7777,2,2014,8,1,4,18,2.143186796,3.185341039
7778,2,2009,5,16,5,14,1.715051763,2.588637904
7779,2,2009,5,16,5,14,2.079876487,2.760488225
7780,2,2009,5,16,5,14,2.292603308,3.260993659
7781,2,2013,8,26,0,11,1.164921885,2.33394086
7782,2,2010,10,30,5,13,0.455802158,1.680705026
7783,2,2014,5,9,4,0,1.514509547,2.585209674
7784,2,2012,3,5,0,13,0.793472006,1.853886677
7785,2,2010,7,1,3,22,1.14468887,2.193097138
7786,2,2010,7,1,3,22,2.623919772,3.318640085
7787,2,2012,1,7,5,21,3.155920349,3.794890099
7788,2,2012,5,26,5,0,0.645782926,1.8336164
7789,2,2014,10,7,1,11,1.182188337,2.351358044
7790,2,2015,6,13,5,19,0.921238305,2.158563654
7791,2,2009,11,28,5,13,0.739335439,1.883537286
7792,2,2009,11,28,5,13,0.777030164,1.883845785
7793,2,2015,1,13,1,12,0.725468416,2.004879102
7794,2,2015,1,13,1,12,0.759407292,2.010118223
7795,2,2012,1,31,1,9,1.033017297,2.07904572
7796,2,2011,3,22,1,12,2.285073971,3.24844142
7797,2,2011,3,22,1,12,0.989468588,2.027011666
7798,2,2013,7,5,4,0,0.599395627,1.833969214
7799,2,2010,1,30,5,0,2.090849082,2.864587214
7800,2,2009,10,16,4,16,0.795724071,1.880537989
7801,2,2011,3,13,6,5,1.557078722,2.421293374
7802,2,2015,2,26,3,23,1.215542192,2.280196946
7803,2,2013,10,9,2,15,2.187186455,3.239127214
7804,2,2011,9,1,3,9,0.612196273,1.820921828
7805,2,2010,9,28,1,0,1.167584933,2.132697878
7806,2,2010,7,25,6,4,1.990733025,2.78790379
7807,2,2010,7,25,6,4,0.476323467,1.660184856
7808,2,2013,9,19,3,21,1.413697782,2.47364448
7809,2,2011,2,4,4,9,0.503110359,1.676011291
7810,2,2012,3,8,3,12,1.78546967,2.591556967
7811,2,2009,7,31,4,18,1.486610998,2.451009841
7812,2,2009,7,10,4,20,0.541428446,1.723261153
7813,2,2010,8,21,5,21,1.702043458,2.583475584
7814,2,2010,10,9,5,17,1.100177027,2.128922649
7815,2,2009,9,25,4,15,1.217436822,2.250305737
7816,2,2009,9,25,4,15,0.948764335,1.986649159
7817,2,2009,9,25,4,15,1.578427422,2.481385304
7818,2,2010,5,3,0,8,0.999991236,2.035681767
7819,2,2011,1,24,0,20,0.851213049,1.965082338
7820,2,2010,1,23,5,14,0.7341312,1.836627181
7821,2,2012,6,2,5,1,1.97600057,2.8503364
7822,2,2011,10,20,3,13,1.318413881,2.328708492
7823,2,2014,10,28,1,12,1.76125721,2.906920631
7824,2,2011,7,11,0,20,1.899734718,2.707378594
7825,2,2011,7,11,0,20,2.552201397,3.216012954
7826,2,2011,7,11,0,20,0.782918619,1.892982377
7827,2,2013,2,23,5,14,1.533339834,2.65066103
7828,2,2010,1,30,5,18,1.349528274,2.272330682
7829,2,2010,1,30,5,18,1.042794562,2.045171992
7830,2,2010,1,30,5,18,0.979012545,2.007336703
7831,2,2014,6,22,6,14,1.74460055,2.835081035
7832,2,2014,6,22,6,14,1.769827126,2.860510037
7833,2,2015,3,14,5,2,1.781919998,2.810198118
7834,2,2015,3,14,5,2,1.005103737,2.11418295
7835,2,2015,3,14,5,2,1.742363514,2.758594329
7836,2,2012,3,12,0,1,1.348393489,2.305601002
7837,2,2014,9,25,3,20,0.738386236,2.01024554
7838,2,2014,9,25,3,20,2.232863289,3.246139984
7840,2,2012,1,5,3,5,1.235722763,2.202360148
7841,2,2013,10,15,1,8,2.260713511,3.426449649
7842,2,2014,8,26,1,23,0.816321476,2.031840711
7843,2,2009,8,28,4,23,1.154564621,2.192370354
7844,2,2009,8,28,4,23,0.388256118,1.667280825
7845,2,2014,12,16,1,13,1.249986017,2.399399296
7846,2,2012,12,9,6,22,0.850996083,2.018358556
7847,2,2012,12,9,6,22,1.160803342,2.238065825
7848,2,2012,12,9,6,22,1.855564673,2.786594891
7849,2,2011,5,11,2,19,0.44797389,1.673950618
7850,2,2014,8,8,4,0,1.54712553,2.597461542
7851,2,2014,8,8,4,0,1.75300259,2.763054554
7852,2,2013,9,12,3,12,1.161728518,2.339358023
7853,2,2013,9,12,3,12,1.018914944,2.283446604
7854,2,2013,9,12,3,12,1.72157521,2.836369615
7855,2,2011,6,26,6,3,2.278574808,3.129739765
7856,2,2011,9,18,6,18,0.9958303,2.041312796
7857,2,2014,3,4,1,16,3.126000759,3.999379619
7858,2,2014,11,10,0,10,2.34574382,3.410015348
7859,2,2009,12,22,1,15,1.605881289,2.50727199
7860,2,2014,5,8,3,21,1.200766825,2.286696965
7861,2,2012,7,15,6,3,1.994773925,2.872815859
7862,2,2012,7,15,6,3,1.572910732,2.450820175
7863,2,2012,7,15,6,3,1.116711538,2.105695626
7864,2,2013,6,10,0,11,1.341817617,2.507524783
7865,2,2015,4,25,5,1,1.789121428,2.810198118
7866,2,2015,4,25,5,1,1.778049607,2.810198118
7867,2,2012,10,28,6,13,1.099864332,2.218448032
7868,2,2011,6,12,6,1,0.961775591,1.966666496
7869,2,2014,12,11,3,15,0.317310886,1.750977365
7870,2,2011,6,19,6,4,1.347862187,2.283179282
7871,2,2012,4,14,5,22,0.619292379,1.837325084
7872,2,2015,6,2,1,9,1.158052636,2.345940882
7873,2,2011,10,8,5,12,0.943626111,1.990347114
7875,2,2011,10,1,5,15,2.282877934,3.253212913
7876,2,2013,6,22,5,1,1.581781796,2.639183537
7877,2,2010,12,15,2,8,0.60982107,1.807237097
7878,2,2012,5,26,5,11,1.282140883,2.327899124
7879,2,2012,5,26,5,11,1.247696344,2.332166792
7880,2,2014,1,11,5,19,0.544448648,1.801755568
7881,2,2015,1,5,0,21,2.074768282,3.04636711
7882,2,2011,7,19,1,22,1.828178725,2.679948861
7883,2,2011,7,19,1,22,1.223436799,2.205228813
7884,2,2011,7,19,1,22,2.144119911,2.994793259
7885,2,2012,3,18,6,2,0.797351642,1.840435867
7886,2,2009,1,19,0,19,0.610310201,1.811027973
7887,2,2009,1,19,0,19,0.620257019,1.811027973
7888,2,2013,1,13,6,0,1.2442249,2.2651098
7889,2,2013,11,28,3,13,2.274989006,3.373026055
7890,2,2012,6,10,6,0,0.248141893,1.721732749
7891,2,2012,6,10,6,0,1.403120048,2.402685868
7892,2,2012,6,10,6,0,1.404244439,2.402685868
7893,2,2010,2,20,5,4,2.397623512,3.251302651
7894,2,2014,1,1,2,16,1.622207099,2.721397628
7895,2,2010,10,1,4,13,0.659772875,1.814650443
7896,2,2012,4,14,5,14,1.328961179,2.35394746
7897,2,2015,5,17,6,4,0.384805535,1.73693963
7898,2,2014,7,26,5,23,1.874395632,2.867964732
7899,2,2014,7,26,5,23,1.301681065,2.435453574
7900,2,2009,11,7,5,16,0.964075208,2.007318286
7901,2,2011,1,7,4,9,1.090338302,2.1272592
7902,2,2012,7,18,2,16,0.977776488,2.049562659
7903,2,2013,3,8,4,19,1.190153194,2.332852733
7904,2,2009,12,10,3,22,1.574556428,2.451579028
7905,2,2012,7,13,4,11,1.061784401,2.175442141
7906,2,2013,4,28,6,10,0.848578531,2.166460173
7907,2,2009,4,23,3,2,1.507798212,2.42427674
7908,2,2013,6,8,5,16,1.081714883,2.301458906
7909,2,2012,10,25,3,16,0.979533146,2.060853774
7910,2,2012,10,25,3,16,2.171979075,3.157138877
7911,2,2012,7,31,1,20,1.247425163,2.28224923
7912,2,2012,7,31,1,20,0.998598476,2.058871891
7913,2,2009,7,14,1,22,0.929890255,1.986649159
7914,2,2011,9,3,5,19,1.207705978,2.256539276
7915,2,2011,9,3,5,19,1.159708159,2.205581296
7916,2,2011,9,3,5,19,1.959760762,2.777150395
7917,2,2013,11,21,3,14,2.722604112,3.668582005
7918,2,2015,1,2,4,11,1.859249276,2.926104205
7919,2,2013,11,23,5,22,0.767837183,2.016552099
7920,2,2013,11,23,5,22,1.003397659,2.203366683
7921,2,2013,11,23,5,22,1.306265096,2.435453574
7922,2,2011,4,4,0,19,0.849594453,1.965082338
7923,2,2014,7,14,0,16,0.859501983,2.113697642
7924,2,2014,3,18,1,19,0.793828456,2.025905654
7925,2,2010,6,5,5,23,1.070126165,2.137033
7926,2,2014,9,9,1,22,1.057370837,2.236426983
7927,2,2014,9,9,1,22,0.781900393,2.025803065
7928,2,2014,3,28,4,21,0.500006647,1.76400492
7929,2,2014,3,28,4,21,0.92398191,2.138170819
7930,2,2009,9,24,3,22,1.286610347,2.256609715
7931,2,2012,4,27,4,18,1.138588836,2.207914256
7932,2,2014,4,5,5,18,1.620799614,2.721397628
7933,2,2013,11,7,3,22,0.955990822,2.151362679
7934,2,2013,11,7,3,22,0.306351156,1.750977365
7935,2,2012,6,30,5,3,0.652425541,1.8336164
7936,2,2011,5,19,3,16,0.927918908,1.974317461
7937,2,2010,1,11,0,12,0.404075642,1.667280825
7938,2,2010,10,16,5,9,1.446493937,2.425947361
7939,2,2010,10,16,5,9,1.084945822,2.133389021
7940,2,2014,7,25,4,18,0.78144831,2.031169503
7941,2,2014,5,13,1,21,1.135024197,2.278928718
7942,2,2014,5,13,1,21,2.627453063,3.539289216
7943,2,2013,11,16,5,18,1.381366713,2.494669945
7944,2,2009,8,2,6,14,0.933118762,1.990347114
7945,2,2015,1,12,0,15,1.347796294,2.507524783
7946,2,2013,5,26,6,15,2.187803645,3.186664987
7947,2,2013,5,26,6,15,2.913437535,3.76175202
7948,2,2013,5,26,6,15,1.643579223,2.715541154
7949,2,2009,9,20,6,23,1.384461486,2.299745143
7950,2,2009,9,25,4,21,1.368285246,2.297717136
7951,2,2009,9,25,4,21,1.574727576,2.457808729
7952,2,2009,3,22,6,20,1.997566563,2.794853869
7953,2,2011,12,9,4,21,1.010657552,2.052424916
7954,2,2013,7,5,4,20,1.386671827,2.455619878
7955,2,2013,12,20,4,15,1.364154347,2.516013476
7956,2,2013,12,20,4,15,1.155409411,2.339358023
7957,2,2014,10,6,0,14,3.082810375,3.999379619
7958,2,2015,1,18,6,23,0.556456288,1.801755568
7959,2,2014,2,6,3,13,0.385427136,1.759642627
7960,2,2013,2,27,2,19,1.987635671,2.977008527
7961,2,2009,9,15,1,8,1.526938021,2.433830674
7962,2,2012,7,18,2,22,1.157244451,2.212192202
7963,2,2011,5,17,1,22,0.540311494,1.729532538
7964,2,2010,9,19,6,17,2.500546733,3.285344718
7965,2,2010,9,19,6,17,1.798029252,2.601048815
7966,2,2013,3,19,1,18,0.007342683,2.012529295
7967,2,2013,3,19,1,18,1.38815103,2.502327096
7968,2,2011,4,23,5,11,1.416629071,2.415484486
7969,2,2013,7,4,3,5,1.472905136,2.573978877
7970,2,2010,11,8,0,10,0.4413389,1.682067423
7971,2,2009,4,1,2,19,1.012070726,2.042032286
7972,2,2011,11,26,5,2,0.696382604,1.832951238
7973,2,2011,11,26,5,2,0.305494912,1.667291355
7974,2,2009,1,11,6,7,0.687706306,1.806554012
7975,2,2012,5,30,2,9,0.648732265,1.8453121
7976,2,2014,10,28,1,22,1.332814762,2.448392985
7977,2,2014,7,19,5,21,1.479291018,2.534232185
7978,2,2012,10,2,1,14,0.396505411,1.765533134
7979,2,2012,10,20,5,0,0.870093628,1.973683408
7980,2,2014,6,19,3,22,0.88536436,2.112167759
7981,2,2014,6,19,3,22,1.187485556,2.275152948
7982,2,2011,5,11,2,13,1.425989085,2.394300572
7983,2,2014,10,13,0,0,1.256720628,2.298583288
7984,2,2013,12,8,6,10,1.216522099,2.36688098
7985,2,2009,7,4,5,13,1.613292749,2.514020483
7986,2,2015,6,30,1,4,2.330440992,3.349186086
7987,2,2013,9,8,6,3,1.259907625,2.271260267
7988,2,2009,5,15,4,21,2.666574106,3.318640085
7989,2,2010,1,29,4,8,0.132637047,1.88284911
7990,2,2015,5,15,4,1,0.738612737,1.958646818
7991,2,2012,11,12,0,10,0.900408366,2.056551707
7992,2,2013,12,1,6,22,2.7941432,3.770981038
7993,2,2014,1,3,4,15,1.162556348,2.345940882
7995,2,2015,3,17,1,21,0.519189523,1.793877811
7996,2,2009,1,6,1,7,0.66619928,1.794872597
7997,2,2013,1,20,6,20,1.741221045,2.804862887
7998,2,2015,6,7,6,0,1.201228568,2.249458425
7999,2,2009,1,3,5,0,1.476068775,2.385998267
8000,2,2009,1,3,5,0,1.554823436,2.414837398
8001,2,2009,8,2,6,5,2.502731546,3.318040857
8002,2,2013,10,18,4,9,0.746164397,2.005021956
8003,2,2009,4,26,6,17,0.286526458,1.667280825
8004,2,2015,2,25,2,22,1.676178164,2.700512644
8005,2,2010,10,6,2,23,1.943579976,2.801459734
8006,2,2009,1,21,2,20,1.320306117,2.310642016
8007,2,2013,12,18,2,14,2.12232232,3.083180677
8008,2,2014,4,26,5,18,0.664561419,1.879053887
8009,2,2014,10,5,6,13,0.869941151,2.110758653
8010,2,2014,10,5,6,13,0.753775894,1.997916255
8011,2,2013,5,23,3,23,1.163028369,2.251004637
8012,2,2009,11,23,0,19,1.674971045,2.585195446
8013,2,2010,9,1,2,8,0.816376785,1.996169755
8014,2,2011,12,10,5,23,1.928232627,2.796023306
8015,2,2009,12,17,3,15,1.271815497,2.282679762
8016,2,2010,6,16,2,18,1.143226761,2.198497861
8017,2,2011,11,2,2,8,1.247084597,2.2526757
8018,2,2011,11,2,2,8,1.234260074,2.253156889
8019,2,2009,3,15,6,3,0.921888824,1.927508985
8020,2,2014,9,8,0,19,0.882752429,2.119987204
8021,2,2010,4,24,5,23,0.930569525,1.974317461
8022,2,2010,4,24,5,23,1.439163515,2.483126573
8023,2,2011,3,3,3,21,0.83991624,2.002748341
8024,2,2011,3,3,3,21,1.913779523,2.760560089
8025,2,2011,9,5,0,10,1.033805649,2.082723701
8026,2,2012,9,16,6,12,1.021906052,2.13931719
8027,2,2015,4,10,4,11,1.273525559,2.467671669
8028,2,2013,10,15,1,23,1.949326564,2.973524033
8029,2,2013,6,21,4,18,0.802052304,2.025905654
8030,2,2009,5,19,1,15,1.249721902,2.215301866
8031,2,2014,1,26,6,8,1.232767921,2.365059519
8032,2,2014,12,25,3,21,0.884073613,2.112167759
8033,2,2011,7,30,5,15,1.169162863,2.201676187
8034,2,2010,9,24,4,22,0.679761209,1.823850181
8035,2,2010,2,6,5,17,3.038022504,3.826361629
8036,2,2010,2,6,5,17,1.756315651,2.582713105
8037,2,2012,8,13,0,15,1.117935365,2.179999527
8038,2,2013,1,14,0,18,0.823434686,2.030964547
8039,2,2013,1,14,0,18,0.926151557,2.153441635
8040,2,2009,11,11,2,21,0.955628489,1.996939416
8041,2,2009,4,18,5,2,2.68560484,3.431151307
8042,2,2009,4,18,5,2,1.331810815,2.286624642
8043,2,2014,1,10,4,12,0.554346607,1.801755568
8044,2,2014,10,11,5,0,2.012391986,2.989945122
8045,2,2010,1,30,5,2,0.477406303,1.660184856
8046,2,2009,8,26,2,23,1.132991277,2.183831801
8047,2,2012,9,7,4,23,1.317482628,2.389311073
8048,2,2012,9,7,4,23,1.145226618,2.238065825
8049,2,2015,1,10,5,14,1.543516121,2.658729481
8050,2,2010,5,31,0,20,0.928465741,1.974317461
8051,2,2010,5,31,0,20,0.747811349,1.847685646
8052,2,2014,5,18,6,14,0.932914266,2.143676677
8053,2,2011,10,8,5,18,0.699679641,1.869300047
8054,2,2011,10,8,5,18,1.731226175,2.613296224
8055,2,2010,3,23,1,13,1.672026529,2.572077412
8056,2,2010,12,21,1,8,1.335797393,2.295684221
8057,2,2010,12,21,1,8,0.69765861,1.835285475
8058,2,2010,6,19,5,22,1.249439904,2.203693666
8059,2,2013,1,3,3,1,1.617058057,2.655129043
8060,2,2013,11,24,6,3,1.452379456,2.446704815
8061,2,2011,4,16,5,12,0.531432411,1.729532538
8062,2,2012,10,11,3,22,0.895205866,2.035464127
8063,2,2011,5,17,1,23,0.983454364,2.020088858
8064,2,2011,5,17,1,23,0.315723355,1.667280825
8065,2,2014,1,9,3,17,0.679036911,1.861364963
8066,2,2014,1,9,3,17,0.989244253,2.253333631
8067,2,2010,1,9,5,13,2.942634179,3.706305565
8068,2,2010,1,9,5,13,1.20930691,2.374152031
8069,2,2009,3,11,2,21,1.28649948,2.240832449
8070,2,2012,8,22,2,20,1.36234747,2.352591729
8071,2,2012,8,22,2,20,2.463957099,3.454830991
8072,2,2009,2,21,5,20,1.619054843,2.514585592
8073,2,2012,8,10,4,14,1.140133285,2.233102061
8074,2,2009,10,17,5,3,1.607980891,2.50688991
8075,2,2014,2,27,3,9,1.376305305,2.516013476
8076,2,2014,3,11,1,20,1.533944589,2.601262928
8077,2,2014,3,11,1,20,0.724914815,2.004879102
8078,2,2015,5,7,3,15,0.633033623,1.880336761
8079,2,2012,9,10,0,21,0.939270434,2.042306642
8080,2,2012,4,20,4,0,0.620850862,1.818622732
8081,2,2012,4,20,4,0,2.078749217,2.712468554
8082,2,2012,6,12,1,23,1.648873114,2.463979449
8083,2,2013,4,21,6,19,0.909974766,2.140210943
8084,2,2013,2,6,2,18,2.01538679,3.027261801
8085,2,2014,5,1,3,21,2.289196802,3.315752727
8086,2,2011,4,22,4,19,0.748145203,1.850997247
8087,2,2011,9,17,5,15,0.910538623,1.982517719
8088,2,2015,3,5,3,13,3.05205357,3.994568395
8089,2,2015,6,21,6,17,0.887485889,2.123325029
8090,2,2010,6,2,2,22,2.480112102,3.265614681
8091,2,2010,6,2,2,22,1.253958472,2.207598776
8092,2,2015,2,27,4,19,1.60053963,2.759612124
8093,2,2015,2,27,4,19,1.167772459,2.34148269
8094,2,2013,4,6,5,19,0.921832894,2.158563654
8095,2,2014,3,8,5,16,1.887340277,2.920670648
8096,2,2014,3,8,5,16,0.611190994,1.861364963
8097,2,2013,12,6,4,23,0.723523468,2.004879102
8098,2,2013,12,6,4,23,1.750939901,2.83424169
8099,2,2014,9,13,5,19,0.718725462,1.997372493
8100,2,2015,3,12,3,13,0.456840662,1.756284761
8101,2,2015,3,12,3,13,0.59096435,1.868946391
8102,2,2014,10,4,5,21,1.468984597,2.516108087
8103,2,2012,1,22,6,4,2.447132354,3.371685588
8104,2,2012,1,22,6,4,1.656216127,2.555821874
8105,2,2010,12,17,4,10,1.710412338,2.585116954
8106,2,2010,12,17,4,10,2.385043219,3.349951291
8107,2,2012,6,4,0,11,1.149258601,2.233102061
8108,2,2012,12,8,5,20,1.679755006,2.62831699
8109,2,2012,12,8,5,20,1.230149482,2.281375885
8110,2,2013,12,29,6,1,2.183466968,3.094301433
8111,2,2014,3,28,4,22,1.239856287,2.298429392
8112,2,2013,9,7,5,19,1.885197605,2.922055832
8113,2,2013,9,7,5,19,1.038181003,2.290588885
8114,2,2010,3,7,6,0,1.721319506,2.54710266
8115,2,2010,3,7,6,0,1.000512923,2.012046976
8116,2,2010,10,31,6,18,0.758090132,1.875436584
8117,2,2015,2,3,1,9,2.403802075,3.576816191
8118,2,2012,8,8,2,8,0.736442421,1.892965067
8119,2,2011,4,8,4,15,0.741185028,1.850997247
8120,2,2015,1,10,5,9,0.803272692,2.014234796
8121,2,2015,1,10,5,9,1.602307007,2.761577987
8122,2,2015,1,10,5,9,1.397198519,2.531002381
8123,2,2015,1,10,5,9,1.238609778,2.381947867
8124,2,2014,10,3,4,0,1.062827986,2.173924373
8125,2,2010,6,18,4,19,1.836874978,2.654250411
8126,2,2013,6,21,4,0,1.03222248,2.12684292
8127,2,2012,2,29,2,12,1.049349292,2.134959642
8128,2,2013,9,16,0,14,2.311660971,3.441462442
8129,2,2011,3,10,3,18,0.87456603,1.969134357
8130,2,2011,5,19,3,2,1.078746109,2.070603494
8131,2,2014,8,8,4,15,0.97293689,2.191099751
8132,2,2009,3,11,2,12,0.602886671,1.798332649
8133,2,2012,7,26,3,12,1.221038353,2.330587655
8134,2,2014,5,26,0,22,1.413587566,2.47364448
8135,2,2010,9,4,5,18,1.58353612,2.455186033
8136,2,2011,9,22,3,20,0.850901114,1.977414035
8137,2,2011,9,22,3,20,0.872915457,1.981466055
8138,2,2014,8,9,5,1,1.42705668,2.413098538
8139,2,2014,10,31,4,12,1.087327199,2.319725143
8140,2,2013,4,10,2,21,1.503555457,2.555814204
8141,2,2011,12,29,3,19,0.937510409,1.986649159
8142,2,2013,3,14,3,21,0.358440727,1.749614967
8143,2,2009,2,8,6,0,0.474492523,1.660184856
8144,2,2012,2,4,5,22,0.677450868,1.841181542
8145,2,2012,5,6,6,3,2.272480509,3.320084572
8146,2,2014,7,8,1,8,0.616256626,1.861364963
8147,2,2014,7,8,1,8,0.488759111,1.743609424
8148,2,2014,7,8,1,8,1.615500738,2.705132678
8149,2,2014,7,8,1,8,1.240253532,2.399399296
8150,2,2011,2,19,5,10,1.05494542,2.085561622
8151,2,2010,8,16,0,17,1.137071218,2.198497861
8152,2,2012,12,27,3,21,1.839988983,2.767719981
8153,2,2015,5,31,6,20,1.723033106,2.814555954
8154,2,2013,1,6,6,12,0.571500932,1.828592548
8155,2,2010,12,24,4,4,2.656826356,3.335230661
8156,2,2010,11,10,2,23,1.234826477,2.213842445
8157,2,2011,10,1,5,0,2.116999125,3.030428257
8158,2,2013,3,31,6,0,2.300376423,3.320863925
8160,2,2009,5,3,6,16,0.606407371,1.814650443
8161,2,2012,9,6,3,17,1.038744197,2.132233047
8162,2,2014,4,6,6,16,1.584000722,2.692967993
8163,2,2014,4,6,6,16,2.366003333,3.530218371
8164,2,2014,9,6,5,3,1.113674395,2.182241564
8165,2,2014,1,1,2,13,1.456558183,2.592287209
8166,2,2011,12,25,6,15,0.805851665,1.899196954
8167,2,2011,12,25,6,15,0.589098517,1.82499956
8168,2,2011,12,25,6,15,0.855907321,1.975235168
8169,2,2015,5,14,3,23,1.583453286,2.681254209
8170,2,2015,4,22,2,9,0.662598569,1.889571858
8171,2,2012,9,1,5,19,1.471586094,2.410376183
8172,2,2013,6,6,3,2,2.68789707,3.573987715
8173,2,2011,9,3,5,0,3.16294986,3.96898477
8174,2,2013,7,2,1,22,0.63734446,1.861364963
8175,2,2011,7,18,0,0,0.029493856,1.928571931
8176,2,2011,4,3,6,3,0.76062517,1.833639519
8177,2,2010,6,25,4,14,1.264420349,2.283694597
8178,2,2014,9,10,2,16,0.744735749,2.004879102
8179,2,2011,3,1,1,7,0.781733438,1.853886677
8180,2,2011,6,24,4,13,1.432639566,2.418779903
8181,2,2012,1,1,6,18,1.957916416,2.84926856
8182,2,2015,3,28,5,19,1.06732121,2.291049951
8183,2,2010,7,13,1,11,1.436181964,2.401338147
8184,2,2010,7,13,1,11,1.032264286,2.061703425
8185,2,2010,7,13,1,11,0.588337831,1.811847222
8186,2,2013,2,7,3,13,1.645824329,2.721397628
8187,2,2015,5,19,1,13,2.260329821,3.426618694
8188,2,2015,5,19,1,13,1.465031078,2.61064375
8189,2,2012,7,31,1,22,1.231644988,2.253692896
8190,2,2013,1,3,3,8,1.098239896,2.31364582
8191,2,2010,3,18,3,0,2.18953861,2.966744981
8192,2,2009,4,14,1,17,3.091515555,3.883018914
8193,2,2009,4,14,1,17,1.034252089,2.058051634
8194,2,2015,6,15,0,14,1.321874475,2.507524783
8195,2,2014,11,26,2,6,2.151605946,3.201761143
8196,2,2010,12,19,6,16,1.207413391,2.252634166
8197,2,2015,6,18,3,20,0.467632958,1.756284761
8198,2,2015,6,18,3,20,1.933785847,2.963227469
8199,2,2015,4,28,1,20,0.824787214,2.026576862
8200,2,2013,1,23,2,13,0.982319238,2.211665895
8201,2,2012,1,3,1,8,1.482431823,2.412948618
8202,2,2012,6,9,5,19,1.098170636,2.169405934
8203,2,2012,6,9,5,19,1.348060994,2.34419471
8204,2,2009,5,27,2,2,2.130348649,2.954659788
8205,2,2014,6,7,5,12,1.328031865,2.499867632
8206,2,2011,9,8,3,22,1.060470334,2.140323529
8207,2,2010,6,18,4,22,2.356868643,3.147441376
8208,2,2011,9,13,1,13,1.514707449,2.426697798
8209,2,2011,9,13,1,13,0.946021645,1.990347114
8210,2,2014,10,6,0,9,2.24836593,3.439375265
8211,2,2012,3,15,3,18,1.009300161,2.04110859
8212,2,2013,12,22,6,21,0.626427155,1.874390936
8213,2,2011,11,23,2,21,1.025604637,2.068205728
8214,2,2010,11,17,2,19,0.933145234,1.986649159
8215,2,2010,11,17,2,19,1.343142687,2.302802204
8216,2,2015,2,14,5,13,0.960058945,2.170472855
8217,2,2013,1,12,5,22,0.990878184,2.209337057
8218,2,2013,1,12,5,22,2.072847971,2.973678987
8219,2,2013,1,12,5,22,0.945748614,2.151362679
8220,2,2010,2,15,0,14,2.202836289,3.018242861
8221,2,2010,2,15,0,14,0.597174179,1.798332649
8222,2,2013,3,23,5,15,1.259197666,2.364637461
8223,2,2009,5,8,4,22,0.707304668,1.859915275
8224,2,2010,1,31,6,0,1.111333162,2.061829717
8225,2,2009,1,18,6,18,1.229030193,2.203442647
8226,2,2009,1,28,2,11,0.715850299,1.841428879
8227,2,2015,5,20,2,19,1.76949443,2.862108433
8228,2,2014,1,11,5,17,1.078282324,2.313458928
8229,2,2012,7,12,3,2,1.487924519,2.399058335
8230,2,2014,3,5,2,23,1.531890388,2.601637672
8231,2,2014,12,17,2,20,1.264430843,2.38717821
8232,2,2010,10,9,5,15,2.410942994,3.339448047
8233,2,2013,10,10,3,11,1.548641538,2.668278944
8234,2,2014,10,12,6,9,1.452139047,2.568567762
8235,2,2013,1,8,1,7,0.884145788,2.075281644
8236,2,2012,10,28,6,17,0.835253513,1.989920158
8237,2,2012,10,28,6,17,1.265675626,2.368786551
8238,2,2014,12,26,4,20,1.375585055,2.455619878
8239,2,2015,5,10,6,12,1.359394338,2.505764898
8240,2,2010,12,11,5,13,0.760915567,1.883537286
8241,2,2010,3,1,0,22,1.019726067,2.067481115
8242,2,2010,3,1,0,22,2.034935214,2.795837493
8243,2,2015,3,8,6,14,1.865514614,2.873894475
8244,2,2015,3,8,6,14,2.554591583,3.555303457
8245,2,2009,6,8,0,11,2.894194462,3.698490183
8246,2,2014,1,26,6,13,0.99820891,2.232261428
8247,2,2014,11,30,6,15,0.529114616,1.801755568
8248,2,2011,8,20,5,15,1.580127711,2.472887683
8249,2,2010,6,22,1,14,3.040730192,3.88960759
8250,2,2010,6,22,1,14,0.809451998,1.938028791
8251,2,2014,5,25,6,19,2.33191823,3.280689392
8252,2,2014,4,4,4,5,1.586362339,2.659803089
8253,2,2013,1,11,4,20,1.373783079,2.455619878
8254,2,2013,1,11,4,20,0.552873648,1.801755568
8255,2,2013,10,9,2,17,3.043596721,4.011011459
8256,2,2015,1,12,0,17,0.962571773,2.158101707
8257,2,2009,1,12,0,7,2.488468291,3.281157392
8258,2,2011,4,28,3,19,1.772128549,2.604959949
8259,2,2014,11,17,0,0,1.050661339,2.180399769
8260,2,2014,11,17,0,0,1.363380319,2.39979188
8261,2,2013,8,18,6,0,0.675897781,1.851833844
8262,2,2013,5,23,3,12,0.932119708,2.165812783
8263,2,2013,5,23,3,12,1.500640881,2.723498991
8264,2,2014,12,11,3,8,1.770408161,2.893053722
8265,2,2014,12,11,3,8,1.540192449,2.650461966
8266,2,2013,12,10,1,14,0.535854207,1.801755568
8267,2,2011,9,10,5,20,1.028729575,2.080874953
8268,2,2011,4,28,3,9,0.821780124,1.966055312
8269,2,2010,2,26,4,18,1.262743671,2.207194455
8270,2,2013,12,5,3,23,0.620198369,1.861364963
8271,2,2012,12,13,3,19,0.59746875,1.831671883
8272,2,2012,11,9,4,18,1.631992304,2.539048697
8273,2,2010,7,5,0,19,1.557975047,2.439743887
8274,2,2011,11,29,1,22,1.026744068,2.078973062
8275,2,2009,1,30,4,22,1.9945079,2.794853869
8276,2,2009,1,30,4,22,0.726047257,1.847497059
8277,2,2013,9,26,3,20,1.558495684,2.675332389
8278,2,2014,9,16,1,18,0.770148717,2.022999372
8279,2,2011,6,25,5,23,1.068219079,2.13416273
8280,2,2011,6,25,5,23,1.633619173,2.481143108
8281,2,2009,1,17,5,2,0.819937918,1.890339188
8282,2,2014,11,1,5,15,0.631061037,1.861364963
8283,2,2013,7,12,4,23,0.885957883,2.112167759
8284,2,2013,7,12,4,23,1.481714864,2.528751835
8285,2,2013,7,12,4,23,1.171976357,2.251004637
8286,2,2009,9,24,3,4,0.760848924,1.867005281
8287,2,2009,4,20,0,21,1.123354368,2.162103636
8288,2,2009,4,20,0,21,1.37723584,2.287133334
8289,2,2009,4,6,0,13,0.510190852,1.704683682
8290,2,2013,11,29,4,21,2.080422629,3.019075176
8291,2,2013,11,29,4,21,1.106205358,2.243726898
8292,2,2012,4,14,5,11,1.422028508,2.442717622
8293,2,2009,3,6,4,0,1.867416732,2.669383101
8294,2,2010,4,23,4,0,2.640346773,3.23571955
8295,2,2010,5,22,5,23,1.211426102,2.184392599
8296,2,2012,6,9,5,22,1.063446827,2.155487866
8297,2,2010,10,27,2,2,1.093072978,2.091358458
8298,2,2010,10,22,4,20,1.61090145,2.508084791
8299,2,2013,10,7,0,8,0.613803067,1.861364963
8300,2,2011,10,4,1,11,1.154340271,2.201676187
8301,2,2010,12,31,4,13,0.79911592,1.888638691
8302,2,2010,8,21,5,20,0.940289956,1.986649159
8303,2,2009,11,16,0,21,1.710144596,2.585507108
8304,2,2009,11,16,0,21,1.101025272,2.128922649
8305,2,2010,12,1,2,21,1.749797258,2.602978362
8306,2,2010,4,20,1,11,0.925713298,1.978015417
8307,2,2013,9,20,4,13,0.42595933,1.756284761
8308,2,2013,9,20,4,13,3.079745976,4.012788911
8309,2,2012,9,9,6,23,0.91450547,2.052853752
8310,2,2012,9,9,6,23,1.509737448,2.465399925
8311,2,2010,5,23,6,15,0.086615187,2.120588772
8312,2,2012,10,15,0,20,1.832203581,2.779318064
8313,2,2013,6,7,4,13,0.934010859,2.165812783
8314,2,2009,6,4,3,19,1.204210847,2.231841383
8315,2,2013,9,29,6,22,2.365491838,3.408385147
8316,2,2010,5,2,6,12,0.825888973,1.959917492
8317,2,2010,5,2,6,12,2.040590123,2.813457162
8318,2,2015,5,20,2,0,0.917373424,2.071718812
8319,2,2009,12,3,3,18,0.966607113,2.014301736
8320,2,2009,12,3,3,18,3.055002623,3.896880705
8321,2,2009,9,28,0,19,0.591650858,1.805213603
8322,2,2009,9,28,0,19,1.336837958,2.295684221
8323,2,2015,5,23,5,12,1.772045429,2.879300841
8324,2,2014,1,11,5,23,1.066806136,2.232100298
8325,2,2010,4,24,5,20,0.69293112,1.823850181
8326,2,2013,5,24,4,7,1.131677273,2.278151974
8327,2,2009,8,6,3,2,2.020104264,2.796975063
8328,2,2014,8,8,4,17,1.112323816,2.325645841
8329,2,2010,9,22,2,9,1.149453849,2.198497861
8330,2,2013,8,19,0,19,1.806834659,2.893348845
8331,2,2015,3,11,2,16,2.42662886,3.555883926
8332,2,2015,5,29,4,18,1.504683905,2.677597572
8333,2,2011,10,26,2,17,1.220432298,2.250305737
8334,2,2009,11,3,1,19,0.817563933,1.969098896
8335,2,2009,11,3,1,19,0.782105138,1.891219622
8336,2,2009,12,19,5,21,0.636829484,1.814584861
8337,2,2009,12,21,0,21,0.784949613,1.891219622
8338,2,2009,8,21,4,15,1.687926114,2.588637904
8339,2,2010,4,25,6,13,1.382559378,2.298998853
8340,2,2010,11,2,1,18,1.125655356,2.194321598
8341,2,2010,4,21,2,6,3.037528572,3.914346466
8342,2,2015,2,11,2,20,0.433773325,1.756284761
8343,2,2013,12,7,5,1,0.911442403,2.0916658
8344,2,2013,5,21,1,6,2.260418382,3.34874288
8345,2,2014,7,12,5,0,1.322583458,2.360100687
8346,2,2010,6,13,6,19,1.720268013,2.580574231
8347,2,2009,3,31,1,10,1.504595126,2.451863284
8348,2,2013,9,14,5,18,0.884343953,2.132560593
8349,2,2015,2,14,5,9,0.983259777,2.239289499
8350,2,2012,1,19,3,20,0.932079458,2.011336286
8351,2,2012,1,19,3,20,0.855503334,1.99204142
8352,2,2012,1,19,3,20,2.06388013,2.884183756
8353,2,2015,2,25,2,18,0.852328741,2.129407742
8354,2,2015,2,25,2,18,0.171255259,1.819817527
8355,2,2009,8,8,5,11,0.870729509,1.989122961
8356,2,2013,6,2,6,16,0.772052959,2.01945838
8357,2,2011,9,14,2,0,1.470315147,2.411079672
8358,2,2013,2,16,5,14,0.441142742,1.756284761
8359,2,2012,11,12,0,11,0.84453074,2.019377567
8360,2,2012,1,4,2,0,0.90840697,1.970698231
8361,2,2013,6,21,4,2,1.817029367,2.808981951
8362,2,2010,12,28,1,20,1.373433701,2.302600019
8363,2,2010,12,28,1,20,1.537315349,2.462229123
8364,2,2009,12,12,5,22,0.44850481,1.682067423
8365,2,2011,5,20,4,23,0.955241914,1.977022509
8366,2,2014,1,4,5,10,1.03568935,2.289136045
8367,2,2014,1,4,5,10,1.195943538,2.337124033
8368,2,2012,2,11,5,4,0.444140216,1.728402543
8369,2,2014,9,14,6,23,0.967104835,2.149853469
8370,2,2014,4,5,5,1,2.137094681,3.106128683
8371,2,2010,2,23,1,20,1.209218745,2.361145027
8372,2,2013,11,1,4,13,1.880399832,2.943646442
8373,2,2015,3,7,5,15,0.51871699,1.793877811
8374,2,2009,4,16,3,15,1.249541038,2.215301866
8375,2,2010,1,10,6,12,1.476084929,2.407043756
8376,2,2010,1,10,6,12,2.475894271,3.304528192
8377,2,2010,1,10,6,12,0.633428818,1.810793985
8378,2,2015,3,16,0,21,0.96983927,2.166867556
8379,2,2015,3,16,0,21,1.952818747,2.976682272
8380,2,2012,9,29,5,20,0.641467304,1.848868988
8382,2,2009,7,30,3,15,1.196063363,2.201676187
8383,2,2013,11,18,0,16,3.075484704,4.017600135
8384,2,2015,1,18,6,14,1.134983566,2.311862473
8385,2,2015,1,18,6,14,0.806501124,2.032495328
8386,2,2015,1,18,6,14,0.972545805,2.163732453
8387,2,2009,9,7,0,19,1.038442695,2.075160489
8388,3,2014,6,14,5,13,0.612604289,1.857508505
8389,3,2014,6,14,5,13,1.077683366,2.313458928
8390,3,2014,6,14,5,13,1.07773302,2.313458928
8391,3,2014,6,14,5,13,3.0460626,4.012788911
8392,3,2014,6,14,5,13,0.599683387,1.849974593
8393,3,2014,6,14,5,13,1.346411637,2.505360878
8394,3,2014,6,14,5,13,2.11189764,3.03445323
8395,3,2014,6,14,5,13,1.443466922,2.558300435
8396,3,2014,6,14,5,13,3.087451216,4.012788911
8397,3,2014,6,14,5,13,0.833809294,2.037810313
8398,3,2014,6,14,5,13,0.829430465,2.037810313
8399,3,2013,6,27,3,0,0.639248962,1.852813438
8400,3,2014,12,30,1,20,0.878379913,2.104916368
8401,3,2011,3,24,3,15,0.506126367,1.704683682
8402,3,2012,6,9,5,16,1.195033656,2.233102061
8403,3,2011,10,2,6,23,2.027604613,2.850100912
8404,3,2011,10,2,6,23,2.357161606,3.125015904
8405,3,2011,10,2,6,23,1.156266669,2.196275464
8406,3,2011,10,2,6,23,1.596292414,2.430457264
8407,3,2011,10,2,6,23,1.589372713,2.430457264
8408,3,2011,10,2,6,23,1.580977462,2.430457264
8409,3,2011,10,2,6,23,1.82789554,2.679841399
8410,3,2011,10,2,6,23,1.327744896,2.285677633
8411,3,2011,10,2,6,23,0.746912102,1.883129359
8412,3,2013,3,21,3,12,1.260294587,2.398548831
8413,3,2013,6,7,4,3,1.585710879,2.649953297
8414,3,2009,6,10,2,16,0.710693437,1.852390048
8415,3,2009,6,10,2,16,1.489072876,2.4131091
8416,3,2009,6,10,2,16,0.898082296,1.977722354
8417,3,2009,6,10,2,16,1.584132225,2.477958212
8418,3,2009,6,10,2,16,0.642279582,1.807237097
8419,3,2009,6,10,2,16,2.219579205,3.092060702
8420,3,2009,6,10,2,16,1.1358309,2.198497861
8421,3,2009,6,10,2,16,0.585224542,1.811847222
8422,3,2009,6,10,2,16,3.082474382,3.914346466
8423,3,2009,6,10,2,16,0.5040685,1.689810614
8425,3,2009,6,10,2,16,0.582391831,1.840762802
8427,3,2011,6,24,4,12,1.501414205,2.431523087
8428,3,2011,6,24,4,12,1.175689687,2.201676187
8429,3,2011,6,24,4,12,1.043316065,2.046040597
8430,3,2011,6,24,4,12,0.887133995,1.984327596
8431,3,2011,6,24,4,12,0.795894932,1.868875471
8432,3,2014,6,15,6,7,1.778910026,2.857286649
8433,3,2014,6,15,6,7,1.34187224,2.488389586
8434,3,2014,6,6,4,16,1.024190371,2.287352271
8435,3,2009,9,14,0,2,0.862821814,1.918245208
8436,3,2009,9,14,0,2,1.449970216,2.429257482
8437,3,2009,9,14,0,2,1.143482312,2.129519552
8438,3,2009,9,14,0,2,2.165747352,3.023836637
8439,3,2009,9,14,0,2,1.171561586,2.132697878
8440,3,2010,8,21,5,22,1.459797223,2.421264571
8441,3,2010,8,21,5,22,1.07845338,2.126150207
8442,3,2012,5,6,6,23,1.680099085,2.578349264
8443,3,2013,12,21,5,17,3.060733607,4.006200236
8444,3,2014,4,28,0,19,0.941566681,2.153441635
8445,3,2011,6,1,2,7,3.0041189,3.832530376
8446,3,2011,6,1,2,7,1.599393969,2.408398744
8447,3,2011,6,1,2,7,2.149886419,3.071430172
8448,3,2011,6,1,2,7,1.882564562,2.730772147
8449,3,2011,6,1,2,7,1.108382179,2.541320437
8450,3,2011,6,1,2,7,2.051625832,2.827733205
8451,3,2011,6,1,2,7,2.419881163,3.318040857
8452,3,2011,6,1,2,7,2.017288814,2.805641193
8453,3,2011,6,1,2,7,0.86755663,1.929153108
8454,3,2011,6,1,2,7,0.894968338,1.929153108
8455,3,2010,8,27,4,18,1.643672916,2.530883934
8456,3,2010,8,27,4,18,2.128650503,2.985821777
8457,3,2010,8,27,4,18,0.797073285,1.885761801
8458,3,2010,8,27,4,18,1.24865067,2.232049547
8459,3,2010,8,27,4,18,0.775485985,1.885761801
8460,3,2010,8,27,4,18,0.713589393,1.873542425
8461,3,2010,8,27,4,18,0.698465227,1.83383174
8462,3,2010,8,27,4,18,1.09093042,2.132285608
8463,3,2010,8,27,4,18,1.619821187,2.519548471
8464,3,2010,8,27,4,18,1.665392702,2.600620411
8465,3,2010,8,27,4,18,1.109219695,2.127819235
8466,3,2010,8,27,4,18,0.715594999,1.873542425
8467,3,2010,8,27,4,18,1.844068136,2.614185398
8468,3,2010,8,14,5,2,1.415385001,2.40065917
8469,3,2010,8,14,5,2,0.479009468,1.660184856
8470,3,2010,8,14,5,2,0.942657167,1.943034169
8471,3,2010,8,14,5,2,1.492514763,2.407614977
8472,3,2010,8,14,5,2,0.947679897,1.943034169
8473,3,2010,8,14,5,2,1.131919063,2.13158888
8474,3,2010,8,14,5,2,1.846302944,2.644700503
8475,3,2010,8,14,5,2,0.966626031,1.976752174
8476,3,2010,8,14,5,2,1.142955243,2.13158888
8477,3,2010,8,14,5,2,1.177469744,2.134767206
8478,3,2010,8,14,5,2,1.621467519,2.512928542
8479,3,2010,8,14,5,2,0.86818306,1.918245208
8480,3,2010,8,14,5,2,1.626289253,2.512928542
8481,3,2010,8,14,5,2,0.813805546,1.872121728
8482,3,2010,8,14,5,2,2.217870303,3.014143744
8483,3,2010,8,14,5,2,2.356249864,3.024679019
8484,3,2010,8,14,5,2,1.898924619,2.730864259
8485,3,2014,3,25,1,23,0.515322155,1.793877811
8486,3,2014,3,25,1,23,1.286805819,2.408080641
8487,3,2014,3,25,1,23,0.662143632,1.879053887
8488,3,2014,3,25,1,23,1.130988071,2.228779437
8489,3,2014,3,25,1,23,0.762966822,2.015484661
8490,3,2014,3,25,1,23,2.073870177,3.006056623
8491,3,2014,3,25,1,23,1.584981439,2.681254209
8492,3,2014,3,25,1,23,1.501619998,2.561294554
8493,3,2015,6,5,4,8,1.083046504,2.325645841
8494,3,2010,9,29,2,16,2.795883595,3.661379042
8495,3,2010,9,29,2,16,0.645452629,1.814118052
8496,3,2010,9,29,2,16,1.184716674,2.201676187
8497,3,2010,9,29,2,16,1.057818005,2.126837215
8498,3,2010,9,29,2,16,1.917999623,2.739740375
8499,3,2014,10,27,0,14,0.837542112,2.037155696
8500,3,2014,10,27,0,14,1.13910205,2.351358044
8501,3,2014,10,27,0,14,0.951515533,2.158101707
8502,3,2014,10,27,0,14,0.591514726,1.871519975
8503,3,2014,10,27,0,14,1.582960538,2.689939292
8504,3,2014,10,27,0,14,1.44314129,2.565957586
8505,3,2014,10,27,0,14,0.125185956,1.934049144
8506,3,2009,10,8,3,23,0.710976952,1.987283279
8507,3,2012,11,3,5,17,1.381181298,2.412735726
8508,3,2012,11,3,5,17,1.000500389,2.092037696
8509,3,2012,11,3,5,17,0.669479009,1.841181542
8510,3,2012,11,3,5,17,1.41410516,2.450615707
8511,3,2012,11,3,5,17,1.237219985,2.320094519
8512,3,2012,11,3,5,17,0.928020456,2.042306642
8513,3,2012,11,3,5,17,1.283725841,2.396395865
8514,3,2011,5,28,5,17,0.832857872,1.952260586
8515,3,2011,3,11,4,1,2.253142342,3.086340384
8516,3,2011,3,11,4,1,0.565230266,1.744080146
8518,3,2011,3,11,4,1,0.986125778,2.004017456
8519,3,2011,3,11,4,1,1.976374493,2.770200317
8520,3,2011,3,11,4,1,0.413906814,1.660184856
8521,3,2011,3,11,4,1,1.646302944,2.486744117
8522,3,2011,3,11,4,1,1.763779338,2.569482198
8523,3,2011,3,11,4,1,2.3603942,3.068750418
8524,3,2013,12,16,0,19,0.950182602,2.135142795
8525,3,2009,5,8,4,18,0.313355743,1.667280825
8526,3,2013,1,27,6,0,1.385369271,2.388998076
8527,3,2013,9,15,6,2,1.498632342,2.560991704
8528,3,2009,4,5,6,9,0.588592839,1.81570368
8529,3,2009,11,25,2,19,4.597061589,2.36576425
8530,3,2011,10,4,1,9,0.854572275,1.985070942
8531,3,2011,10,4,1,9,1.250876571,2.24877059
8532,3,2011,10,4,1,9,2.083576529,2.925715488
8533,3,2011,10,4,1,9,2.838823649,3.75338251
8534,3,2011,10,4,1,9,2.308055011,3.237799381
8535,3,2011,10,4,1,9,1.463104055,2.409800549
8536,3,2011,10,4,1,9,0.663593267,1.81736494
8537,3,2014,4,29,1,8,0.892323208,2.143656352
8538,3,2014,12,24,2,3,0.458010512,1.750631308
8539,3,2009,10,4,6,22,2.255067221,3.135879923
8540,3,2015,4,11,5,20,1.077526765,2.261706821
8541,3,2015,4,11,5,20,1.731409415,2.82643915
8542,3,2011,2,6,6,17,1.066497986,2.115389083
8543,3,2014,4,27,6,2,1.944139062,2.908630883
8544,3,2014,4,27,6,2,1.25420449,2.277533899
8545,3,2014,4,27,6,2,0.615855521,1.86028767
8546,3,2014,4,27,6,2,1.188814069,2.229974365
8547,3,2014,4,27,6,2,1.470981306,2.523340828
8548,3,2014,4,27,6,2,0.516837913,1.793877811
8549,3,2014,4,27,6,2,1.911805769,2.872725293
8550,3,2014,4,27,6,2,1.505081894,2.564411284
8551,3,2014,4,27,6,2,1.108199841,2.175613205
8552,3,2011,12,13,1,22,1.967416105,2.823005829
8553,3,2011,12,13,1,22,0.791556329,1.902806704
8554,3,2011,12,13,1,22,0.936102897,1.986649159
8555,3,2011,12,13,1,22,1.406719335,2.40541099
8556,3,2011,12,13,1,22,0.921817425,1.986649159
8557,3,2011,12,13,1,22,1.475318903,2.408699945
8558,3,2011,12,13,1,22,1.25370099,2.212307298
8559,3,2011,12,13,1,22,0.963967597,2.007318286
8560,3,2011,12,13,1,22,2.968027038,3.970952374
8561,3,2011,12,13,1,22,0.641911221,1.813508482
8562,3,2011,12,13,1,22,1.27687051,2.256429347
8563,3,2011,12,13,1,22,0.664355565,1.813508482
8564,3,2011,12,13,1,22,0.380600506,1.67539763
8565,3,2011,12,13,1,22,1.020549898,2.083933795
8566,3,2011,12,13,1,22,2.581179156,3.286077004
8567,3,2011,12,13,1,22,2.288584013,3.171215552
8568,3,2011,12,13,1,22,1.058696531,2.112920442
8569,3,2011,12,13,1,22,0.588216667,1.818118606
8570,3,2011,12,13,1,22,0.843534336,1.977414035
8571,3,2011,12,13,1,22,1.170578437,2.192370354
8572,3,2011,12,13,1,22,0.911802088,1.982517719
8573,3,2009,4,12,6,16,1.781400173,2.589995153
8574,3,2014,3,5,2,21,0.379674246,1.759642627
8575,3,2015,4,11,5,14,0.933843912,2.165812783
8576,3,2014,7,21,0,18,1.228053611,2.358199382
8577,3,2014,7,21,0,18,1.431486814,2.55052934
8578,3,2014,7,21,0,18,0.805426112,2.025351386
8579,3,2014,7,21,0,18,1.080101122,2.309849789
8580,3,2014,7,21,0,18,0.664867455,1.861299381
8581,3,2014,7,21,0,18,1.630573565,2.727074021
8582,3,2014,7,21,0,18,0.866415039,2.119012627
8583,3,2014,7,21,0,18,2.000410205,3.000260067
8584,3,2014,7,21,0,18,0.754349029,2.01024554
8585,3,2014,7,21,0,18,1.438487749,2.55052934
8586,3,2014,7,21,0,18,1.457930466,2.55052934
8587,3,2014,7,21,0,18,0.331824074,1.749614967
8588,3,2014,7,21,0,18,1.012679369,2.251133052
8589,3,2014,7,21,0,18,1.002701068,2.239023504
8590,3,2014,7,21,0,18,1.020124641,2.277001138
8591,3,2011,6,13,0,9,1.899638721,2.707378594
8592,3,2010,9,20,0,16,1.534288994,2.474798897
8593,3,2010,9,20,0,16,3.01832677,3.88960759
8594,3,2010,9,20,0,16,2.547265566,3.387826708
8595,3,2010,9,20,0,16,1.095450934,2.146058246
8597,3,2010,9,20,0,16,0.9900851,2.045531032
8598,3,2010,9,20,0,16,1.399695034,2.413094493
8599,3,2010,9,20,0,16,2.044440087,2.795837493
8600,3,2010,9,20,0,16,1.652486806,2.540028984
8601,3,2012,8,20,0,14,1.467848667,2.451194723
8602,3,2014,12,1,0,0,2.367856487,3.407970269
8603,3,2009,3,16,0,9,0.99419475,2.02279343
8604,3,2011,3,6,6,21,1.063814127,2.115389083
8605,3,2011,3,6,6,21,1.27526645,2.240832449
8606,3,2011,3,6,6,21,1.104636565,2.116657427
8607,3,2011,3,6,6,21,1.586717328,2.447382606
8608,3,2011,3,6,6,21,1.476645523,2.390320964
8609,3,2013,2,26,1,1,0.922780662,2.081123138
8610,3,2014,9,22,0,7,0.795275466,1.986770556
8611,3,2010,10,5,1,2,1.157540283,2.132697878
8612,3,2010,10,5,1,2,1.942523871,2.807567069
8613,3,2010,10,5,1,2,0.832457688,1.902393314
8614,3,2011,4,16,5,21,0.886913842,1.969134357
8615,3,2013,10,5,5,19,0.731473759,1.997916255
8616,3,2011,10,7,4,22,1.170287216,2.192370354
8617,3,2012,3,14,2,19,0.617539079,1.833768196
8618,3,2009,6,21,6,4,1.979483029,2.7291707
8619,3,2011,6,25,5,11,1.39890282,2.384122423
8620,3,2012,1,26,3,7,1.145922594,2.171519247
8621,3,2012,1,26,3,7,0.373029169,1.721732749
8622,3,2012,1,26,3,7,0.544885619,1.781428605
8623,3,2012,1,26,3,7,1.312511145,2.303736366
8624,3,2012,1,26,3,7,1.016650802,2.022071493
8625,3,2015,3,20,4,23,1.9577855,2.956995225
8626,3,2015,3,20,4,23,0.742417796,2.01024554
8627,3,2015,5,21,3,7,1.136206199,2.290667154
8628,3,2010,12,9,3,7,0.719301639,1.882056689
8629,3,2010,12,9,3,7,1.10121487,2.129061192
8630,3,2010,12,9,3,7,1.775104819,2.595432378
8631,3,2010,8,21,5,23,1.778735284,2.589890745
8633,3,2015,2,1,6,0,1.015311902,2.149470098
8634,3,2015,2,1,6,0,0.47274378,1.767980064
8635,3,2011,12,6,1,11,0.619398678,1.81736494
8636,3,2011,12,6,1,11,1.776175934,2.600587919
8637,3,2013,5,18,5,15,1.177285623,2.321753947
8638,3,2013,9,1,6,17,0.947774411,2.166792202
8639,3,2015,2,21,5,18,1.26454772,2.411407886
8640,3,2013,7,22,0,15,1.231392476,2.365409391
8641,3,2010,12,25,5,13,0.846056926,1.978933123
8642,3,2013,11,29,4,20,1.851488073,2.911625787
8643,3,2011,10,25,1,20,1.537271118,2.462229123
8644,3,2012,11,20,1,21,0.565610747,1.804509277
8645,3,2012,11,20,1,21,2.299142001,3.27132207
8646,3,2012,11,20,1,21,1.601768605,2.486430133
8647,3,2012,11,20,1,21,1.07643844,2.209095529
8648,3,2012,11,20,1,21,1.516785295,2.44820473
8649,3,2012,11,20,1,21,0.977724333,2.068438984
8650,3,2012,11,20,1,21,1.78575606,2.69117488
8651,3,2012,11,20,1,21,1.427979267,2.450448121
8652,3,2012,11,20,1,21,1.755440327,2.680040763
8653,3,2012,11,20,1,21,1.260122597,2.302181224
8654,3,2012,11,20,1,21,1.305044988,2.378122876
8655,3,2012,11,20,1,21,0.935724724,2.042306642
8656,3,2014,6,23,0,0,1.055777505,2.152700091
8657,3,2014,6,23,0,0,2.81669005,3.682629036
8658,3,2014,6,23,0,0,0.770300765,1.961263744
8659,3,2011,9,30,4,3,1.83453999,2.666536931
8660,3,2011,1,3,0,21,1.186482413,2.17543925
8661,3,2013,9,25,2,22,1.190129085,2.28057011
8662,3,2013,9,25,2,22,1.166384721,2.277200045
8663,3,2013,9,25,2,22,1.36534966,2.461113124
8664,3,2013,9,25,2,22,1.061099245,2.22916454
8665,3,2013,9,25,2,22,1.028831879,2.195945358
8666,3,2013,9,25,2,22,0.538558272,1.801755568
8667,3,2013,9,25,2,22,0.604061489,1.871519975
8668,3,2013,9,25,2,22,0.670405148,1.879053887
8669,3,2011,7,6,2,18,0.68582318,1.823540181
8670,3,2014,7,11,4,12,1.590300126,2.689939292
8671,3,2015,2,20,4,11,1.115931362,2.321701744
8672,3,2009,5,16,5,14,0.804100509,1.85349487
8673,3,2010,7,1,3,22,0.885142157,1.981466055
8674,3,2014,10,7,1,11,0.828068364,2.044154998
8675,3,2015,2,26,3,23,1.672479842,2.700512644
8676,3,2011,11,28,0,14,1.043520034,2.057911344
8677,3,2013,8,30,4,11,2.374737719,3.528513757
8678,3,2014,10,25,5,23,1.299626659,2.440670589
8679,3,2014,10,25,5,23,1.495532984,2.534232185
8680,3,2011,7,2,5,0,1.234176509,2.198063883
8681,3,2014,2,8,5,17,0.980181492,2.239289499
8682,3,2013,2,16,5,16,1.558836973,2.695766447
8683,3,2011,1,24,0,20,1.432377022,2.411443418
8684,3,2012,4,7,5,12,1.393583832,2.365621527
8685,3,2011,10,20,3,13,1.261063554,2.24877059
8686,3,2013,11,29,4,15,0.962313001,2.170472855
8687,3,2014,6,22,6,14,2.385666287,3.517345248
8688,3,2009,8,28,4,23,1.010249334,2.039440817
8689,3,2010,6,11,4,13,1.230482937,2.241692105
8690,3,2013,6,17,0,6,0.405369518,1.73693963
8691,3,2015,6,2,1,9,2.733208365,3.782061893
8692,3,2014,12,7,6,19,1.478815294,2.560003051
8693,3,2013,4,23,1,13,0.795535878,2.025905654
8694,3,2013,11,28,3,13,0.690788796,1.879053887
8695,3,2012,6,10,6,0,1.281346927,2.291482534
8696,3,2010,2,27,5,22,0.718288502,1.840835511
8697,3,2012,4,14,5,14,1.073978591,2.173304091
8698,3,2013,3,8,4,19,0.762359655,2.010118223
8699,3,2012,7,13,4,11,0.433583769,1.734062029
8700,3,2014,7,1,1,11,1.022997695,2.288338998
8701,3,2012,10,25,3,16,1.322950277,2.39748264
8702,3,2011,3,24,3,17,1.412499049,2.41018426
8703,3,2014,7,25,4,18,1.385364742,2.507820342
8704,3,2009,8,2,6,14,1.314870011,2.293810196
8705,3,2009,9,25,4,21,1.506355864,2.458464008
8706,3,2011,12,9,4,21,0.959644162,2.007318286
8707,3,2011,12,9,4,21,1.3765889,2.304401173
8708,3,2012,2,8,2,11,1.843520496,2.696350346
8709,3,2012,7,18,2,22,0.589735092,1.845186455
8710,3,2012,7,18,2,22,0.970334277,2.041322544
8711,3,2009,9,4,4,18,0.667912306,1.820825685
8712,3,2011,4,23,5,11,2.312115444,3.260993659
8713,3,2014,10,28,1,22,0.580682181,1.862461584
8714,3,2010,6,20,6,12,0.764688622,1.851333824
8715,3,2015,2,19,3,11,2.387482252,3.549455688
8716,3,2013,12,8,6,10,0.579602436,1.830865261
8717,3,2009,5,15,4,21,0.760068858,1.856466346
8718,3,2011,8,18,3,8,0.697136191,1.83322217
8719,3,2012,12,20,3,23,2.055497058,2.927457396
8720,3,2009,6,13,5,18,1.8771075,2.698599509
8721,3,2009,1,6,1,7,1.393892428,2.307406249
8722,3,2015,4,12,6,21,1.012021825,2.203653304
8723,3,2010,3,21,6,16,1.205946943,2.201699336
8724,3,2013,7,9,1,21,2.330249175,3.32546582
8725,3,2012,6,23,5,9,0.66013029,1.844206038
8726,3,2012,6,23,5,9,0.712609395,1.845077057
8727,3,2013,10,26,5,10,2.427204075,3.517345248
8728,3,2013,9,14,5,18,0.988825732,2.241333609
8729,3,2009,11,23,0,19,0.986172738,2.040692896
8730,3,2010,1,24,6,14,0.910968066,1.973883976
8731,3,2011,12,10,5,23,0.536686314,1.736286946
8732,3,2011,1,15,5,4,0.875174428,1.910697695
8733,3,2011,3,3,3,21,0.801414656,1.85916719
8734,3,2012,8,4,5,23,1.774748291,2.600288469
8735,3,2015,4,10,4,11,0.738052623,2.004879102
8736,3,2015,5,5,1,12,1.7021819,2.734492364
8737,3,2013,10,13,6,19,2.890918928,3.741031287
8738,3,2015,6,25,3,1,1.568170427,2.645010692
8739,3,2009,5,19,1,15,2.318246481,3.260993659
8740,3,2010,2,6,5,17,0.708550586,1.847698866
8741,3,2013,1,14,0,18,0.936073576,2.153441635
8742,3,2014,1,5,6,17,1.537466277,2.632289847
8743,3,2009,7,28,1,11,0.974981522,2.010414482
8744,3,2012,1,12,3,18,1.979571921,2.77323582
8745,3,2010,12,21,1,8,0.691620047,1.817203214
8746,3,2013,11,24,6,3,1.772600194,2.818320727
8747,3,2013,6,30,6,3,1.662254928,2.694291381
8748,3,2011,5,26,3,21,0.928308297,1.974317461
8749,3,2009,3,11,2,21,1.496476089,2.411332735
8750,3,2012,12,26,2,17,1.491781488,2.474237715
8751,3,2013,4,21,6,19,1.424596174,2.512831834
8752,3,2013,2,6,2,18,1.208520255,2.35119845
8753,3,2013,7,21,6,11,1.430992941,2.568567762
8754,3,2011,9,17,5,15,1.751833654,2.610139006
8755,3,2015,6,21,6,17,1.395710511,2.523591103
8756,3,2015,2,27,4,19,1.001050964,2.237532599
8757,3,2015,6,15,0,1,0.429660122,1.743609424
8758,3,2014,3,8,5,16,0.476303277,1.756284761
8759,3,2014,3,8,5,16,1.102034166,2.313458928
8760,3,2014,9,13,5,19,1.061008289,2.314417898
8761,3,2010,12,4,5,21,0.96045929,2.007318286
8762,3,2010,3,7,6,0,0.364902387,1.653515063
8763,3,2009,12,30,2,16,2.274955731,3.237117238
8764,3,2009,3,11,2,16,1.505054354,2.424110369
8765,3,2010,3,13,5,1,0.706386325,1.887744774
8766,3,2012,5,30,2,2,1.415129487,2.417903855
8767,3,2010,9,4,5,18,0.719565956,1.875899441
8768,3,2009,11,20,4,23,1.372127081,2.28675696
8769,3,2011,9,22,3,20,1.658840275,2.553471475
8770,3,2009,2,8,6,0,2.374834796,3.134027527
8771,3,2014,5,17,5,10,1.557865157,2.695766447
8772,3,2010,5,6,3,11,1.455390652,2.394300572
8773,3,2011,10,1,5,0,0.92968823,1.935056499
8774,3,2014,12,26,4,20,0.679555538,1.879053887
8775,3,2015,4,22,2,9,1.359961202,2.564703666
8776,3,2009,1,25,6,21,1.691684131,2.579420902
8777,3,2011,8,1,0,17,2.151240174,3.090001497
8778,3,2012,3,25,6,4,2.343088849,2.999826688
8779,3,2012,12,26,2,18,1.106799562,2.21398984
8780,3,2011,7,6,2,19,1.795010031,2.60282358
8781,3,2012,8,19,6,12,1.69130846,2.597545729
8782,3,2015,4,28,1,20,0.712375918,2.000628476
8783,3,2015,4,28,1,20,0.94824883,2.151362679
8784,3,2014,6,7,5,12,2.332771218,3.420775799
8785,3,2013,12,22,6,21,1.178485605,2.277984828
8786,3,2011,11,23,2,21,1.23538436,2.234108452
8787,3,2011,8,8,0,11,0.922958922,1.990347114
8788,3,2015,5,20,2,19,1.156242516,2.34148269
8789,3,2015,3,20,4,16,2.553442406,3.549455688
8790,3,2015,4,26,6,21,0.519121986,1.793877811
8791,3,2010,10,9,5,15,0.286269901,1.674035232
8792,3,2012,4,27,4,22,1.04517869,2.063445829
8793,3,2012,10,12,4,15,1.468173345,2.425858716
8794,3,2009,12,26,5,9,0.857161145,1.983004477
8795,3,2014,11,30,6,15,0.2950229,1.750977365
8796,3,2010,6,22,1,14,1.277352817,2.264571114
8797,3,2013,1,3,3,11,2.489966885,3.576816191
8798,3,2015,1,12,0,17,2.798518965,3.689114724
8799,3,2013,4,7,6,0,0.811307667,1.969174551
8800,3,2010,1,13,2,8,0.43891157,1.668291132
8801,3,2012,6,16,5,14,0.865016028,2.027034554
8802,3,2009,3,25,2,1,1.585366685,2.442052916
8803,3,2010,7,13,1,7,2.025185396,2.805641193
8804,3,2012,11,9,4,18,0.750672466,1.906346281
8805,3,2009,6,21,6,0,1.28732482,2.244480271
8806,3,2009,12,23,2,20,1.193450991,2.201676187
8807,3,2013,11,29,4,21,0.569629497,1.827018714
8808,3,2012,6,9,5,22,0.836728069,1.996779566
8809,3,2010,10,22,4,20,1.043676626,2.047144011
8810,3,2011,2,21,0,23,2.0683982,2.809618526
8811,3,2012,7,30,0,18,2.29448589,3.296901449
8812,3,2010,6,2,2,19,0.946102566,1.981853794
8813,3,2009,5,21,3,20,0.857918079,1.969153692
8814,3,2014,11,11,1,12,1.513116536,2.63920511
8815,3,2012,9,9,6,23,1.434966729,2.419413148
8816,3,2011,4,28,3,1,1.055760013,2.070034368
8817,3,2009,9,28,0,19,1.939456827,2.735625217
8818,3,2012,10,21,6,19,1.887322376,2.807906613
8819,3,2013,6,4,1,23,1.311410491,2.454427573
8820,3,2014,8,8,4,17,3.039139451,4.006200236
8821,3,2011,1,4,1,10,1.381549598,2.312133676
8822,3,2011,10,26,2,17,1.701114244,2.592675609
8823,3,2009,12,19,5,21,0.477293316,1.682067423
8824,3,2010,6,13,6,19,0.704934569,1.826171037
8825,3,2015,2,14,5,9,3.140437004,4.002558283
8826,3,2015,2,14,5,9,1.118864753,2.324627647
8827,3,2013,1,9,2,2,1.599958789,2.705153467
8828,3,2013,6,21,4,2,0.683935615,1.853956232
8829,3,2011,10,7,4,12,0.837183295,1.970617983
8830,3,2013,2,2,5,16,1.698590337,2.724641581
8831,3,2014,4,5,5,1,1.285323066,2.373202531
8832,3,2014,4,5,5,1,2.000751756,2.989945122
8833,3,2010,2,23,1,20,0.647069418,1.814118052
8834,3,2014,7,1,1,15,0.782979269,2.025803065
8836,4,2014,6,14,5,13,0.760093594,2.003155376
8837,4,2013,11,9,5,18,1.282548158,2.451946559
8838,4,2013,11,9,5,18,1.557582417,2.674349669
8839,4,2014,12,30,1,20,1.042264308,2.238484857
8840,4,2010,5,10,0,10,1.427024205,2.394300572
8841,4,2013,7,12,4,23,1.869196923,2.888712631
8842,4,2009,6,10,2,16,1.264910385,2.279396224
8843,4,2009,6,10,2,16,1.398490397,2.37696282
8844,4,2009,6,10,2,16,1.842053791,2.672145099
8845,4,2009,3,22,6,4,1.925669718,2.736435798
8846,4,2011,6,24,4,12,1.257113295,2.240156958
8847,4,2011,6,24,4,12,2.378427188,3.391738175
8848,4,2011,6,24,4,12,1.447755322,2.418779903
8849,4,2014,6,15,6,7,3.074912018,4.012788911
8850,4,2015,5,30,5,21,1.022284171,2.206292768
8851,4,2009,9,14,0,2,1.905396492,2.709087543
8852,4,2011,10,2,6,22,2.340413727,3.169334424
8853,4,2011,7,20,2,16,1.331966569,2.278614699
8854,4,2011,6,1,2,7,1.91670228,2.760560089
8855,4,2011,6,1,2,7,1.542304278,2.401330178
8856,4,2011,6,1,2,7,1.208900493,2.57975472
8857,4,2010,8,27,4,18,1.931618702,2.757424948
8858,4,2010,8,27,4,18,0.843279606,1.971276216
8859,4,2010,8,27,4,18,1.047962271,2.092058078
8860,4,2010,8,27,4,18,2.047895827,2.813457162
8861,4,2010,8,27,4,18,1.068574703,2.140298131
8862,4,2010,8,27,4,18,0.763010453,1.885453302
8863,4,2010,8,27,4,18,0.793328882,1.885761801
8864,4,2010,8,27,4,18,0.819904145,1.962961076
8865,4,2010,8,27,4,18,0.848334544,1.971276216
8866,4,2010,8,27,4,18,0.918126219,1.982517719
8867,4,2010,8,27,4,18,1.338629289,2.273938173
8868,4,2010,8,14,5,2,1.092818787,2.079829714
8869,4,2010,8,14,5,2,0.901841821,1.925108244
8870,4,2015,4,16,3,22,2.160272634,3.230147957
8871,4,2014,3,25,1,23,2.397856649,3.510551774
8872,4,2014,3,25,1,23,1.563545335,2.675332389
8873,4,2010,9,29,2,16,1.201805538,2.229761319
8874,4,2010,9,29,2,16,2.427867854,3.418424754
8875,4,2014,10,27,0,14,1.127823994,2.339649345
8876,4,2014,10,27,0,14,3.127264072,4.017600135
8877,4,2014,10,27,0,14,0.934749628,2.153441635
8878,4,2012,11,3,5,17,1.096678738,2.232091049
8879,4,2012,11,3,5,17,0.763091885,1.901553376
8880,4,2012,11,3,5,17,1.138858983,2.258975685
8881,4,2011,5,28,5,17,0.687516117,1.830121565
8882,4,2013,9,28,5,0,1.199268046,2.271622788
8883,4,2013,9,28,5,0,2.126729661,3.071049496
8884,4,2011,3,11,4,1,0.484042626,1.660184856
8885,4,2011,3,11,4,1,1.0683174,2.078616017
8886,4,2011,10,4,1,9,2.381108206,3.32306432
8887,4,2011,10,4,1,9,1.742599958,2.607743749
8888,4,2011,10,4,1,9,1.067624155,2.141401545
8889,4,2011,10,4,1,9,0.764195232,1.888259683
8890,4,2014,12,24,2,3,3.093162617,4.017600135
8891,4,2009,5,16,5,23,0.327240307,1.667280825
8892,4,2014,4,27,6,2,2.365518856,3.341962354
8893,4,2014,4,27,6,2,1.721938179,2.752588268
8894,4,2014,4,27,6,2,1.963043456,2.871459652
8895,4,2014,4,27,6,2,1.314023724,2.359796454
8896,4,2011,12,13,1,22,2.053916272,2.905452666
8897,4,2011,12,13,1,22,0.484719747,1.682067423
8898,4,2011,12,13,1,22,1.474126689,2.408699945
8899,4,2011,12,13,1,22,1.097424695,2.128922649
8900,4,2011,12,13,1,22,1.864555553,2.685668234
8901,4,2011,12,13,1,22,0.841690107,1.977414035
8902,4,2011,12,13,1,22,1.327632239,2.285677633
8903,4,2011,12,13,1,22,1.008861305,2.054599323
8904,4,2015,4,11,5,14,0.692162248,1.876480303
8905,4,2014,7,21,0,18,0.920388191,2.153441635
8906,4,2014,7,21,0,18,2.033945783,3.018258175
8907,4,2014,7,21,0,18,1.441815343,2.55052934
8908,4,2014,7,21,0,18,1.769020992,2.909815543
8909,4,2014,7,21,0,18,2.290893075,3.353646806
8910,4,2010,9,20,0,16,1.176403626,2.201676187
8911,4,2010,9,20,0,16,0.717831662,1.877135458
8912,4,2010,9,20,0,16,1.271418923,2.264525054
8913,4,2010,9,20,0,16,0.736186549,1.881896414
8914,4,2010,9,20,0,16,1.807280789,2.615733065
8915,4,2011,3,6,6,21,1.181450649,2.17153414
8916,4,2011,3,6,6,21,0.733094343,1.841850993
8917,4,2011,3,6,6,21,1.518457212,2.40397879
8918,4,2011,3,6,6,21,1.411815002,2.37158199
8919,4,2011,3,6,6,21,1.972480863,2.777150395
8920,4,2011,3,6,6,21,1.074729051,2.121123799
8921,4,2012,5,23,2,16,3.082222938,3.99201651
8922,4,2011,4,16,5,21,0.375345125,1.667280825
8923,4,2013,10,5,5,19,0.680679466,1.861364963
8924,4,2012,3,14,2,19,0.991199816,2.05847399
8925,4,2012,1,26,3,7,2.070843269,2.884183756
8926,4,2012,1,26,3,7,0.779378469,1.85916719
8927,4,2012,1,26,3,7,0.811587331,1.896474809
8928,4,2012,1,26,3,7,1.994345101,2.873772775
8929,4,2012,1,26,3,7,1.120842778,2.17410994
8930,4,2010,12,9,3,7,1.445587842,2.38863065
8931,4,2010,12,9,3,7,1.392384057,2.320389573
8932,4,2010,12,9,3,7,1.030524279,2.028037143
8933,4,2014,5,17,5,2,0.935889031,2.101841451
8934,4,2009,1,22,3,12,1.609802561,2.526018208
8935,4,2011,4,23,5,21,0.584995882,1.82499956
8936,4,2012,11,20,1,21,0.947726062,2.042306642
8937,4,2012,11,20,1,21,1.231362747,2.281375885
8938,4,2012,11,20,1,21,0.565627688,1.804509277
8939,4,2012,11,20,1,21,2.122716489,3.085117838
8940,4,2012,11,20,1,21,3.106456703,3.985427835
8941,4,2014,6,23,0,0,1.999651818,2.977556805
8942,4,2014,6,23,0,0,1.168457377,2.247104514
8943,4,2013,9,25,2,22,1.52039601,2.595032866
8944,4,2013,9,25,2,22,3.126108701,4.011011459
8945,4,2013,9,25,2,22,1.41613039,2.47364448
8946,4,2013,9,25,2,22,1.816949397,2.861633802
8947,4,2013,9,25,2,22,1.355584885,2.453886231
8948,4,2011,7,6,2,18,2.95943213,3.985158333
8949,4,2009,5,16,5,14,1.364879398,2.297668366
8950,4,2013,10,17,3,22,1.484661495,2.534232185
8951,4,2015,3,4,2,21,0.956237751,2.151362679
8952,4,2011,3,22,1,12,1.638401771,2.527879245
8953,4,2013,7,5,4,0,1.89804121,2.920257774
8954,4,2010,1,30,5,0,0.901090165,1.91756073
8955,4,2012,4,2,0,8,1.845127206,2.654067873
8956,4,2010,7,25,6,4,1.770351241,2.571608705
8957,4,2012,7,1,6,22,2.045235846,2.879540404
8958,4,2014,2,8,5,17,1.743304281,2.838686259
8959,4,2012,6,2,5,1,0.449307365,1.752773183
8960,4,2012,6,2,5,1,0.168001331,1.912175742
8961,4,2014,1,11,5,6,0.720183034,1.94577377
8962,4,2012,12,9,6,22,0.72630614,1.901553376
8963,4,2011,10,1,5,15,0.730857313,1.906437619
8964,4,2012,1,1,6,0,1.264626884,2.289764281
8965,4,2012,4,14,5,14,1.634285309,2.544752049
8966,4,2010,2,1,0,20,1.284957821,2.259062634
8967,4,2013,8,19,0,16,1.825623005,2.917656613
8968,4,2014,6,5,3,22,0.917563597,2.138170819
8969,4,2013,11,7,3,22,1.958830115,3.007971495
8970,4,2010,6,19,5,3,2.062843568,2.825950614
8971,4,2012,7,18,2,9,0.89602678,2.045260592
8972,4,2009,9,25,4,21,1.170525344,2.201676187
8973,4,2009,9,4,4,18,0.86036728,1.981466055
8974,4,2012,10,20,5,0,1.119448118,2.174973629
8975,4,2014,6,19,3,22,2.616776527,3.553523399
8976,4,2012,12,20,3,23,2.139942552,3.09064576
8977,4,2015,5,23,5,1,1.161606408,2.247104514
8978,4,2012,11,18,6,14,1.035832175,2.141970665
8979,4,2010,1,24,6,14,0.815073194,1.942385744
8980,4,2014,7,27,6,11,2.001486682,2.902854081
8981,4,2009,3,15,6,3,0.530323075,1.723261153
8982,4,2010,9,24,4,22,0.838894534,1.975736791
8983,4,2009,4,18,5,23,2.933564266,3.713001088
8984,4,2014,8,26,1,16,1.713111616,2.848063286
8985,4,2009,5,31,6,20,0.816950069,1.952260586
8986,4,2015,5,29,4,10,0.830309607,2.044627353
8987,4,2011,4,17,6,14,1.013650545,2.048713831
8988,4,2011,5,26,3,21,0.981498467,2.022263265
8989,4,2011,5,26,3,21,1.423839929,2.417515799
8990,4,2013,11,23,5,16,1.34299082,2.505360878
8991,4,2009,6,3,2,9,1.235748747,2.245597215
8992,4,2010,12,4,5,21,1.008049461,2.054599323
8993,4,2013,9,7,5,19,1.328138155,2.453605619
8994,4,2011,3,10,3,18,0.733378179,1.852720872
8995,4,2011,5,19,3,2,0.952766499,1.940958605
8996,4,2009,8,3,0,17,1.971490746,2.735625217
8997,4,2015,4,14,1,19,0.917385499,2.158563654
8998,4,2011,9,8,3,13,0.955408905,1.993052162
8999,4,2012,3,3,5,2,1.656229423,2.526602702
9000,4,2012,12,27,3,21,0.466537235,1.749194685
9001,4,2012,12,27,3,21,1.377682647,2.376744704
9002,4,2014,6,20,4,2,0.862885161,2.053475237
9003,4,2014,1,14,1,18,1.210231494,2.358199382
9004,4,2011,9,3,5,0,1.171862227,2.125915293
9005,4,2013,7,2,1,22,1.617122198,2.707497667
9007,4,2015,5,9,5,11,1.083742325,2.313458928
9008,4,2015,3,28,5,19,1.465011543,2.549583935
9009,4,2013,8,8,3,14,1.176194139,2.33394086
9010,4,2009,11,19,3,22,2.979565007,3.900625761
9011,4,2011,7,6,2,19,1.918027441,2.760560089
9012,4,2015,6,18,3,20,0.504109597,1.771243421
9013,4,2015,2,14,5,13,0.742609086,1.997916255
9014,4,2013,1,12,5,22,1.121150041,2.254256212
9015,4,2013,3,23,5,15,2.326913028,3.352057008
9016,4,2010,1,31,6,0,1.153023571,2.101478169
9017,4,2014,6,9,0,14,0.926010681,2.153441635
9018,4,2015,3,20,4,16,1.622269239,2.721397628
9019,4,2015,1,4,6,0,0.964656003,2.113334514
9020,4,2010,10,4,0,16,1.463423447,2.430961357
9021,4,2011,5,17,1,7,0.777225153,1.865719045
9022,4,2012,12,26,2,20,0.419478857,1.749194685
9023,4,2012,12,26,2,20,0.468213042,1.749194685
9024,4,2011,12,17,5,16,1.627839403,2.543854472
9025,4,2010,2,15,0,10,2.45532314,3.288144466
9026,4,2010,12,11,5,16,0.623358396,1.810793985
9027,4,2011,12,11,6,11,1.622706036,2.504302747
9028,4,2014,6,14,5,12,1.22108229,2.381947867
9029,4,2012,6,9,5,22,1.046339363,2.095662905
9030,4,2009,5,21,3,20,0.627276467,1.814584861
9031,4,2010,9,22,2,9,1.034913747,2.084898107
9032,4,2014,7,8,1,10,1.999759136,3.033268074
9033,4,2012,9,16,6,18,1.895859914,2.804332603
9034,4,2013,10,5,5,13,0.68173441,1.861364963
9035,4,2014,7,31,3,10,1.445082976,2.576224913
9036,4,2013,2,16,5,14,1.396888417,2.531002381
9037,4,2014,1,4,5,10,3.065101073,3.827062399
9038,4,2015,3,7,5,15,1.079018971,2.313458928
9039,4,2009,4,16,3,15,0.729792604,1.852720872
9040,4,2011,10,23,6,17,1.140329486,2.198497861
9041,5,2014,6,14,5,13,1.329344652,2.505360878
9042,5,2014,6,14,5,13,1.145925366,2.333753968
9043,5,2014,6,14,5,13,0.517472291,1.793877811
9044,5,2014,6,14,5,13,1.650064051,2.727074021
9045,5,2014,6,14,5,13,0.910456001,2.156695638
9046,5,2014,6,14,5,13,0.840474899,2.037810313
9047,5,2014,6,14,5,13,2.846283361,3.720667264
9048,5,2014,6,14,5,13,1.70579011,2.764928365
9049,5,2014,6,14,5,13,0.750303194,1.997916255
9050,5,2014,6,14,5,13,1.106475078,2.313458928
9051,5,2014,6,14,5,13,1.317826184,2.505360878
9052,5,2014,6,14,5,13,1.441865288,2.558300435
9053,5,2014,6,14,5,13,2.567119562,3.555303457
9054,5,2014,6,14,5,13,0.998723004,2.260785553
9055,5,2014,6,14,5,13,0.623268034,1.857508505
9056,5,2014,6,14,5,13,0.877949531,2.125309203
9057,5,2011,10,2,6,23,1.813382083,2.604262871
9058,5,2011,10,2,6,23,2.014564809,2.839965827
9059,5,2011,10,2,6,23,0.67305409,1.827097069
9060,5,2011,10,2,6,23,2.529976671,3.108512991
9061,5,2011,10,2,6,23,1.571810258,2.42074799
9062,5,2011,10,2,6,23,1.811139717,2.604262871
9063,5,2011,10,2,6,23,1.013098581,2.053256174
9064,5,2011,10,2,6,23,2.882793156,3.756877467
9065,5,2011,10,2,6,23,2.100913699,3.010031763
9066,5,2011,10,2,6,23,0.081464827,2.404809576
9067,5,2011,10,2,6,23,0.77329141,1.896213573
9068,5,2011,10,2,6,23,1.155795208,2.196275464
9069,5,2011,10,2,6,23,1.400772456,2.393971882
9070,5,2011,10,2,6,23,2.767681039,3.660612024
9071,5,2011,10,2,6,23,0.518041038,1.722459581
9072,5,2011,10,2,6,23,1.955395734,2.808907234
9073,5,2011,10,2,6,23,1.620252479,2.455553675
9074,5,2009,6,10,2,16,1.012790557,2.047965742
9075,5,2009,6,10,2,16,0.928631504,1.981853794
9076,5,2009,6,10,2,16,1.091351625,2.132285608
9077,5,2009,6,10,2,16,1.559492586,2.469695676
9078,5,2009,6,10,2,16,0.951426234,1.981853794
9079,5,2009,6,10,2,16,0.611654155,1.807237097
9080,5,2009,6,10,2,16,0.360403051,1.667280825
9081,5,2009,6,10,2,16,1.514690616,2.434147118
9082,5,2009,6,10,2,16,0.877418707,1.980629641
9083,5,2009,6,10,2,16,1.22833238,2.241692105
9084,5,2009,6,10,2,16,0.752204592,1.858646815
9085,5,2009,6,10,2,16,0.865050568,1.980629641
9086,5,2009,6,10,2,16,0.382223037,1.667280825
9087,5,2009,6,10,2,16,1.027296421,2.063877831
9088,5,2009,6,10,2,16,0.909241767,1.977722354
9089,5,2009,6,10,2,16,1.491448114,2.420454622
9090,5,2009,6,10,2,16,0.997348218,2.038088313
9091,5,2009,6,10,2,16,0.725866096,1.858646815
9092,5,2009,6,10,2,16,1.512230312,2.434147118
9093,5,2009,6,10,2,16,1.739026422,2.600955444
9094,5,2009,6,10,2,16,0.872171253,1.980629641
9095,5,2009,6,10,2,16,0.578201859,1.763989969
9096,5,2009,6,10,2,16,1.077155028,2.132285608
9097,5,2009,6,10,2,16,1.1774991,2.201676187
9098,5,2009,6,10,2,16,0.890365938,1.980629641
9099,5,2009,6,10,2,16,1.119331637,2.175633856
9100,5,2009,6,10,2,16,2.286873401,3.162230496
9101,5,2009,6,10,2,16,0.657393094,1.807237097
9102,5,2009,6,10,2,16,0.842074641,1.976577622
9103,5,2009,6,10,2,16,1.827570335,2.664644876
9104,5,2009,6,10,2,16,0.533876143,1.723261153
9105,5,2009,6,10,2,16,0.503817821,1.689810614
9106,5,2009,6,10,2,16,0.797258146,1.865093133
9107,5,2009,6,10,2,16,0.63765047,1.807237097
9108,5,2009,6,10,2,16,0.743088312,1.858646815
9109,5,2011,6,24,4,12,0.81292467,1.938254241
9110,5,2011,6,24,4,12,0.675821113,1.830121565
9111,5,2011,6,24,4,12,1.287954543,2.253534389
9112,5,2011,6,24,4,12,0.568801742,1.755139646
9113,5,2011,6,24,4,12,1.489809808,2.431523087
9114,5,2011,6,24,4,12,2.291332431,3.211022671
9115,5,2011,6,24,4,12,0.993490127,2.042306549
9116,5,2011,6,24,4,12,1.097339303,2.127819235
9117,5,2011,6,24,4,12,0.2854889,1.667280825
9118,5,2011,6,24,4,12,0.707013991,1.912664944
9119,5,2011,6,24,4,12,1.779013374,2.597401294
9120,5,2011,6,24,4,12,1.564883052,2.472957666
9121,5,2011,6,24,4,12,1.784589238,2.597401294
9122,5,2011,6,24,4,12,0.946670512,1.985551749
9123,5,2011,6,24,4,12,1.121123775,2.555149624
9124,5,2011,6,24,4,12,1.715495214,2.58308543
9125,5,2011,6,24,4,12,2.415532435,3.409647415
9126,5,2011,6,24,4,12,0.384107853,1.667280825
9127,5,2011,6,24,4,12,1.006607836,2.041615223
9128,5,2011,6,24,4,12,1.080300661,2.132285608
9129,5,2011,6,24,4,12,0.877238274,1.984327596
9130,5,2011,6,24,4,12,0.393421117,1.667280825
9131,5,2011,6,24,4,12,0.699654476,1.872324543
9132,5,2011,6,24,4,12,0.894148074,1.984327596
9133,5,2011,6,24,4,12,2.703726222,3.527547071
9134,5,2011,6,24,4,12,1.660963924,2.580990509
9135,5,2011,6,24,4,12,0.706389561,1.912664944
9136,5,2011,6,24,4,12,0.9722907,2.010414482
9137,5,2011,6,24,4,12,1.639003632,2.531704733
9138,5,2014,6,15,6,7,1.174174783,2.278037291
9139,5,2014,6,15,6,7,2.089747899,2.941627449
9140,5,2014,6,15,6,7,3.076815371,4.012788911
9141,5,2014,6,15,6,7,0.921012517,2.089719155
9142,5,2014,6,15,6,7,1.280155312,2.438034923
9143,5,2014,6,15,6,7,0.629585873,1.854361915
9144,5,2014,6,15,6,7,1.421168465,2.540854533
9145,5,2009,9,14,0,2,0.551492394,1.730015561
9146,5,2009,9,14,0,2,0.645653901,1.78033173
9147,5,2009,9,14,0,2,0.557443456,1.731876047
9148,5,2009,9,14,0,2,0.9413145,1.943034169
9149,5,2009,9,14,0,2,0.773609078,1.881606373
9150,5,2009,9,14,0,2,1.855124954,2.672241017
9151,5,2011,6,1,2,7,0.654590808,1.801143981
9152,5,2011,6,1,2,7,0.667104705,1.801143981
9153,5,2011,6,1,2,7,1.139436285,2.428375495
9154,5,2011,6,1,2,7,1.208787352,2.503006562
9155,5,2011,6,1,2,7,2.007991967,2.805641193
9156,5,2011,6,1,2,7,0.792614368,1.864720043
9157,5,2011,6,1,2,7,1.779372689,2.593402681
9158,5,2011,6,1,2,7,1.52541535,2.407339841
9159,5,2011,6,1,2,7,1.317236963,2.294131757
9160,5,2011,6,1,2,7,1.104883745,2.541320437
9161,5,2011,6,1,2,7,1.815617078,2.611458114
9162,5,2011,6,1,2,7,1.236751525,2.51115836
9163,5,2011,6,1,2,7,1.716683966,2.563630248
9164,5,2011,6,1,2,7,1.34573706,2.292975667
9165,5,2011,6,1,2,7,1.069402805,2.547951133
9166,5,2011,6,1,2,7,3.073865403,3.693649413
9167,5,2011,6,1,2,7,0.962537205,1.975988869
9168,5,2011,6,1,2,7,0.360796854,1.653515063
9169,5,2011,6,1,2,7,0.741157057,1.858273725
9170,5,2011,6,1,2,7,1.464805493,2.367571278
9171,5,2011,6,1,2,7,0.649797538,1.801143981
9172,5,2011,6,1,2,7,1.028232647,2.296548459
9173,5,2011,6,1,2,7,1.678581685,2.551559001
9174,5,2011,6,1,2,7,1.780636849,2.593402681
9175,5,2011,6,1,2,7,0.839578677,1.912180271
9176,5,2011,6,1,2,7,1.286665874,2.278879322
9177,5,2011,6,1,2,7,1.674444562,2.551559001
9178,5,2011,6,1,2,7,1.201194389,2.43807944
9179,5,2011,6,1,2,7,1.478268828,2.380314462
9180,5,2011,6,1,2,7,1.30159652,2.279091973
9181,5,2011,6,1,2,7,0.523841042,1.729532538
9182,5,2011,6,1,2,7,0.729529106,1.858273725
9183,5,2011,6,1,2,7,1.594291096,2.407837016
9184,5,2011,6,1,2,7,1.524718823,2.407339841
9185,5,2011,6,1,2,7,1.7341428,2.600558511
9186,5,2011,6,1,2,7,1.964200067,2.77581023
9187,5,2011,6,1,2,7,0.062390535,1.956326669
9188,5,2011,6,1,2,7,1.019238878,2.024242098
9189,5,2011,6,1,2,7,0.881283462,1.929153108
9190,5,2010,8,27,4,18,2.804948318,3.700056616
9191,5,2010,8,27,4,18,0.952030779,1.986649159
9192,5,2010,8,27,4,18,0.964894709,2.006716527
9193,5,2010,8,27,4,18,0.914667355,1.982517719
9194,5,2010,8,27,4,18,0.312434922,1.667280825
9195,5,2010,8,27,4,18,0.677094932,1.823850181
9196,5,2010,8,27,4,18,1.484452227,2.422898998
9197,5,2010,8,27,4,18,2.010901854,2.798315229
9198,5,2010,8,27,4,18,2.34943259,3.277016586
9199,5,2010,8,27,4,18,0.999312824,2.041615223
9200,5,2010,8,27,4,18,1.482315024,2.422898998
9201,5,2010,8,27,4,18,0.487191493,1.673950618
9202,5,2010,8,27,4,18,1.085500342,2.132285608
9203,5,2010,8,27,4,18,0.979719623,2.017131048
9204,5,2010,8,27,4,18,3.02989378,3.907757791
9205,5,2010,8,27,4,18,2.123411413,2.985821777
9206,5,2010,8,27,4,18,1.114432876,2.127819235
9207,5,2010,8,27,4,18,2.360567818,3.256556674
9208,5,2010,8,27,4,18,1.290062229,2.259505923
9209,5,2010,8,27,4,18,1.431727396,2.418216572
9210,5,2010,8,27,4,18,0.958095378,1.999733076
9211,5,2010,8,27,4,18,1.187770631,2.201676187
9212,5,2010,8,27,4,18,1.005132416,2.041615223
9213,5,2010,8,27,4,18,0.688414,1.823850181
9214,5,2010,8,27,4,18,2.07611218,2.698404982
9215,5,2010,8,27,4,18,1.34031285,2.273938173
9216,5,2010,8,27,4,18,0.478523408,1.673950618
9217,5,2010,8,27,4,18,1.291411222,2.259505923
9218,5,2010,8,27,4,18,1.807190071,2.610554008
9219,5,2010,8,27,4,18,0.734502233,1.885453302
9220,5,2010,8,27,4,18,1.205089758,2.231841383
9222,5,2010,8,27,4,18,0.709881639,2.105934651
9223,5,2010,8,27,4,18,0.796418964,1.885761801
9224,5,2010,8,27,4,18,1.39674338,2.366410471
9225,5,2010,8,27,4,18,0.59851141,1.805213603
9226,5,2010,8,27,4,18,0.997803903,2.038088313
9227,5,2010,8,27,4,18,1.07305042,2.132285608
9228,5,2010,8,27,4,18,1.689694265,2.590644085
9229,5,2010,8,27,4,18,1.020010361,2.079605898
9230,5,2010,8,27,4,18,1.355442326,2.273938173
9231,5,2010,8,27,4,18,2.860468743,3.716217568
9232,5,2010,8,27,4,18,1.640041542,2.530883934
9233,5,2010,8,27,4,18,2.055279557,2.813457162
9234,5,2010,8,27,4,18,0.948361834,1.986649159
9235,5,2010,8,27,4,18,2.362517037,3.256556674
9236,5,2010,8,27,4,18,1.904223365,2.731970836
9237,5,2010,8,27,4,18,2.61961275,3.33380638
9238,5,2010,8,27,4,18,0.749111044,1.885453302
9239,5,2010,8,27,4,18,1.054859421,2.102297243
9240,5,2010,8,14,5,2,1.345866083,2.287964955
9241,5,2010,8,14,5,2,1.911441097,2.738904035
9242,5,2010,8,14,5,2,1.518941204,2.417094764
9243,5,2010,8,14,5,2,2.081133843,2.842351684
9244,5,2010,8,14,5,2,1.702575635,2.565141391
9245,5,2010,8,14,5,2,0.815183449,1.87292938
9246,5,2010,8,14,5,2,2.296986766,3.089047568
9247,5,2010,8,14,5,2,1.168882791,2.134767206
9248,5,2010,8,14,5,2,1.323231998,2.287964955
9249,5,2010,8,14,5,2,1.225348357,2.204470678
9250,5,2010,8,14,5,2,2.658183478,3.241516755
9251,5,2010,8,14,5,2,1.292377449,2.26955949
9252,5,2010,8,14,5,2,0.603900135,1.778901514
9253,5,2010,8,14,5,2,0.944643583,1.943034169
9254,5,2010,8,14,5,2,1.610454692,2.501779845
9255,5,2010,8,14,5,2,1.935661263,2.770200317
9256,5,2010,8,14,5,2,1.133169055,2.13158888
9257,5,2010,8,14,5,2,1.206498023,2.194314028
9258,5,2010,8,14,5,2,2.015239579,2.79136515
9259,5,2010,8,14,5,2,2.421551105,3.241516755
9260,5,2010,8,14,5,2,2.33524418,3.089047568
9261,5,2010,8,14,5,2,3.084833435,3.914346466
9262,5,2010,8,14,5,2,1.535068831,2.426878023
9263,5,2010,8,14,5,2,1.942282104,2.770200317
9264,5,2010,8,14,5,2,0.972420406,1.976752174
9265,5,2010,8,14,5,2,0.092949428,2.107596799
9266,5,2010,8,14,5,2,0.743124487,1.867436188
9267,5,2010,8,14,5,2,0.981626169,2.0138118
9268,5,2010,8,14,5,2,0.775395441,1.874232536
9269,5,2010,8,14,5,2,1.00519054,2.017980432
9270,5,2010,8,14,5,2,0.696980357,1.814788275
9271,5,2010,8,14,5,2,0.305268475,1.653515063
9272,5,2010,8,14,5,2,1.837462943,2.668374173
9273,5,2010,8,14,5,2,0.414549611,1.660184856
9274,5,2010,8,14,5,2,0.753932042,1.867436188
9275,5,2010,8,14,5,2,0.977700211,1.996889134
9276,5,2010,8,14,5,2,2.059813565,2.825950614
9277,5,2010,8,14,5,2,1.764389837,2.579411779
9278,5,2010,8,14,5,2,2.215576012,2.986230449
9279,5,2010,8,14,5,2,1.840008576,2.668374173
9280,5,2010,8,14,5,2,0.949342993,1.943034169
9281,5,2010,8,14,5,2,2.902420761,3.735553754
9282,5,2010,8,14,5,2,0.885641788,1.918245208
9283,5,2014,3,25,1,23,0.88893333,2.117482744
9284,5,2014,3,25,1,23,2.250739057,3.241719197
9285,5,2014,3,25,1,23,1.530519363,2.596484559
9286,5,2014,3,25,1,23,0.646416572,1.879053887
9287,5,2014,3,25,1,23,1.070544439,2.212033362
9288,5,2014,3,25,1,23,1.617318523,2.6959648
9289,5,2014,3,25,1,23,1.403493691,2.47364448
9290,5,2014,3,25,1,23,0.584496575,1.871519975
9291,5,2014,3,25,1,23,1.671480423,2.693478562
9292,5,2014,3,25,1,23,1.100413366,2.212033362
9293,5,2014,3,25,1,23,2.473854293,3.510551774
9294,5,2014,3,25,1,23,0.523319803,1.793877811
9295,5,2014,3,25,1,23,1.978922889,2.949692745
9296,5,2014,3,25,1,23,2.329683393,3.270337828
9297,5,2014,3,25,1,23,3.09690391,4.011011459
9298,5,2014,3,25,1,23,1.132631815,2.235186893
9299,5,2014,3,25,1,23,1.087205922,2.212033362
9300,5,2014,3,25,1,23,0.898692077,2.129053673
9301,5,2014,3,25,1,23,2.065991123,3.055717724
9302,5,2014,3,25,1,23,1.819536562,2.869474141
9303,5,2014,3,25,1,23,1.117300511,2.213045364
9304,5,2014,3,25,1,23,0.988810511,2.18710055
9305,5,2014,3,25,1,23,2.796092882,3.695497962
9306,5,2014,3,25,1,23,1.429315903,2.504427363
9307,5,2014,3,25,1,23,1.599401067,2.674207201
9308,5,2010,9,29,2,16,1.035452771,2.095665441
9309,5,2010,9,29,2,16,1.178143079,2.201676187
9310,5,2010,9,29,2,16,1.2297673,2.250305737
9311,5,2010,9,29,2,16,1.72293271,2.607363024
9312,5,2010,9,29,2,16,1.081227163,2.146058246
9313,5,2010,9,29,2,16,1.202045962,2.229761319
9314,5,2010,9,29,2,16,1.086419029,2.146058246
9315,5,2010,9,29,2,16,1.767939689,2.606989645
9316,5,2010,9,29,2,16,0.892621881,1.985425006
9317,5,2010,9,29,2,16,1.775336682,2.606989645
9318,5,2010,9,29,2,16,1.119275912,2.175525397
9319,5,2010,9,29,2,16,1.711611567,2.592675609
9320,5,2010,9,29,2,16,0.766153828,1.881896414
9321,5,2010,9,29,2,16,1.067521328,2.164838103
9322,5,2010,9,29,2,16,1.0234483,2.10954476
9323,5,2010,9,29,2,16,1.791342025,2.608904191
9324,5,2010,9,29,2,16,0.988276306,2.047705439
9325,5,2010,9,29,2,16,1.704234976,2.592675609
9326,5,2010,9,29,2,16,0.627792931,1.814118052
9327,5,2010,9,29,2,16,1.717104366,2.592675609
9328,5,2010,9,29,2,16,0.527513758,1.730015561
9329,5,2010,9,29,2,16,0.700569598,1.828310649
9330,5,2010,9,29,2,16,0.425458638,1.680705026
9331,5,2010,9,29,2,16,3.038340642,3.914346466
9332,5,2010,9,29,2,16,0.575546718,1.75562267
9333,5,2010,9,29,2,16,1.110002458,2.141591874
9334,5,2010,9,29,2,16,0.980155228,2.024388273
9335,5,2010,9,29,2,16,0.94563143,1.986649159
9336,5,2010,9,29,2,16,0.959999343,1.999733076
9337,5,2010,9,29,2,16,1.253712861,2.24877059
9338,5,2010,9,29,2,16,1.262043726,2.24877059
9339,5,2010,9,29,2,16,2.331342641,3.183881604
9340,5,2010,9,29,2,16,2.101382677,2.98769039
9341,5,2010,9,29,2,16,1.668943022,2.592675609
9342,5,2010,9,29,2,16,1.087532716,2.146058246
9343,5,2010,9,29,2,16,0.277238792,1.674035232
9344,5,2010,9,29,2,16,0.422426004,1.680705026
9345,5,2014,10,27,0,14,3.093754692,4.017600135
9346,5,2014,10,27,0,14,1.471614211,2.61587622
9347,5,2014,10,27,0,14,1.102810176,2.319725143
9348,5,2014,10,27,0,14,0.792094376,2.031169503
9349,5,2014,10,27,0,14,0.807058419,2.037155696
9350,5,2014,10,27,0,14,0.822145242,2.037155696
9351,5,2014,10,27,0,14,1.366582946,2.521506722
9352,5,2014,10,27,0,14,0.684856041,1.879053887
9353,5,2014,10,27,0,14,0.786644599,2.031169503
9354,5,2014,10,27,0,14,3.110920138,4.017600135
9355,5,2014,10,27,0,14,2.944448477,3.991527212
9356,5,2014,10,27,0,14,0.933306688,2.153441635
9357,5,2014,10,27,0,14,3.109544125,4.017600135
9358,5,2014,10,27,0,14,0.935324637,2.153441635
9359,5,2014,10,27,0,14,1.239709478,2.399399296
9360,5,2014,10,27,0,14,1.518464892,2.63920511
9361,5,2014,10,27,0,14,0.708137235,2.00453179
9362,5,2014,10,27,0,14,0.636184804,1.879053887
9363,5,2014,10,27,0,14,0.33988992,1.749614967
9364,5,2014,10,27,0,14,1.14811002,2.351358044
9365,5,2012,11,3,5,17,0.888428435,2.035464127
9366,5,2012,11,3,5,17,1.009436866,2.094212102
9367,5,2012,11,3,5,17,0.023489833,2.585055432
9368,5,2012,11,3,5,17,1.854164904,2.786594891
9369,5,2012,11,3,5,17,0.580845332,1.881742641
9370,5,2012,11,3,5,17,1.180760398,2.258975685
9371,5,2012,11,3,5,17,1.012601105,2.111478092
9372,5,2012,11,3,5,17,1.219945607,2.320094519
9373,5,2012,11,3,5,17,1.0386484,2.149523545
9374,5,2012,11,3,5,17,1.031315397,2.140121918
9375,5,2012,11,3,5,17,1.34755115,2.411422388
9376,5,2012,11,3,5,17,1.337460349,2.411422388
9377,5,2012,11,3,5,17,1.430788158,2.427154197
9378,5,2012,11,3,5,17,0.41811204,1.773565325
9379,5,2012,11,3,5,17,2.046069542,2.935871457
9380,5,2012,11,3,5,17,0.981252229,2.084447347
9381,5,2012,11,3,5,17,0.83790715,1.989920158
9382,5,2012,11,3,5,17,1.085032018,2.232091049
9384,5,2011,3,11,4,1,0.625375796,1.787303518
9385,5,2011,3,11,4,1,1.751673968,2.569482198
9386,5,2011,3,11,4,1,0.681666805,1.802140988
9387,5,2011,3,11,4,1,0.728057517,1.881403532
9388,5,2011,3,11,4,1,2.028688774,2.801500235
9389,5,2011,3,11,4,1,1.300951971,2.272740947
9390,5,2011,3,11,4,1,1.083026349,2.070603494
9391,5,2011,3,11,4,1,3.342433469,3.966394775
9392,5,2011,3,11,4,1,1.536987529,2.413957334
9393,5,2011,3,11,4,1,1.120028902,2.126748779
9394,5,2011,3,11,4,1,1.38562595,2.301988911
9395,5,2011,3,11,4,1,0.94056003,1.935486655
9396,5,2011,3,11,4,1,1.441524554,2.37418877
9397,5,2011,3,11,4,1,1.913888275,2.760560089
9398,5,2011,3,11,4,1,1.497188228,2.394277476
9399,5,2011,3,11,4,1,1.393547171,2.301988911
9400,5,2011,3,11,4,1,1.559418724,2.421104703
9401,5,2011,3,11,4,1,0.492541202,1.660184856
9402,5,2011,10,4,1,9,0.705388816,1.90652382
9403,5,2011,10,4,1,9,0.956986025,2.003431031
9404,5,2011,10,4,1,9,2.396718627,3.310285418
9405,5,2011,10,4,1,9,0.822635025,1.976755802
9406,5,2011,10,4,1,9,1.213063289,2.250305737
9407,5,2011,10,4,1,9,1.24548048,2.24877059
9408,5,2011,10,4,1,9,0.452547589,1.67504554
9409,5,2011,10,4,1,9,2.026407472,2.85424187
9410,5,2011,10,4,1,9,1.583010067,2.444208981
9411,5,2011,10,4,1,9,0.744540684,1.888259683
9412,5,2011,10,4,1,9,0.844749962,1.985070942
9413,5,2011,10,4,1,9,1.038997909,2.070605118
9414,5,2011,10,4,1,9,3.069693155,3.973795994
9415,5,2011,10,4,1,9,0.623231326,1.81736494
9416,5,2011,10,4,1,9,0.504010761,1.690905536
9417,5,2011,10,4,1,9,1.545949914,2.43230013
9418,5,2011,10,4,1,9,0.844064333,1.985070942
9419,5,2011,10,4,1,9,0.88259734,1.989122961
9420,5,2011,10,4,1,9,0.98675529,2.042578988
9422,5,2011,10,4,1,9,1.167697531,2.201676187
9423,5,2011,10,4,1,9,1.33475283,2.308819044
9424,5,2011,10,4,1,9,2.245620408,3.113544148
9425,5,2011,10,4,1,9,0.641542615,1.81736494
9426,5,2011,10,4,1,9,1.410525404,2.411194021
9427,5,2011,10,4,1,9,0.847854504,1.985070942
9428,5,2011,10,4,1,9,1.324769629,2.308819044
9429,5,2011,10,4,1,9,1.584867336,2.444208981
9430,5,2011,10,4,1,9,0.70484514,1.837135314
9431,5,2011,10,4,1,9,1.162605305,2.201676187
9432,5,2014,12,24,2,3,2.222284705,3.298926242
9433,5,2014,12,24,2,3,2.167421489,3.290330858
9434,5,2014,12,24,2,3,1.913563336,2.938230283
9435,5,2014,12,24,2,3,0.543892456,1.801755568
9436,5,2014,12,24,2,3,2.164930387,3.322624891
9437,5,2014,12,24,2,3,2.024097085,2.995554914
9438,5,2014,12,24,2,3,1.343930258,2.435129515
9439,5,2015,2,12,3,5,0.556776179,1.801755568
9440,5,2014,4,27,6,2,1.716253819,2.771992949
9441,5,2014,4,27,6,2,1.904151748,2.835554062
9442,5,2014,4,27,6,2,0.728947333,1.946317533
9443,5,2014,4,27,6,2,0.307901669,1.73693963
9444,5,2014,4,27,6,2,0.565077234,1.827018714
9445,5,2014,4,27,6,2,1.74088767,2.78679764
9446,5,2014,4,27,6,2,0.818716982,1.964786866
9447,5,2014,4,27,6,2,1.218409543,2.268552917
9448,5,2014,4,27,6,2,0.993606751,2.125894103
9449,5,2014,4,27,6,2,1.779626777,2.811388594
9450,5,2014,4,27,6,2,2.008771097,2.895208825
9451,5,2014,4,27,6,2,1.505875953,2.564411284
9452,5,2014,4,27,6,2,0.771638075,1.94949404
9453,5,2014,4,27,6,2,2.051734291,2.90996983
9454,5,2014,4,27,6,2,2.030178884,2.895208825
9455,5,2014,4,27,6,2,2.184505148,3.194929152
9456,5,2014,4,27,6,2,1.94614951,2.871459652
9457,5,2014,4,27,6,2,1.577892424,2.632362445
9458,5,2011,12,13,1,22,1.850058149,2.656987023
9459,5,2011,12,13,1,22,1.238743527,2.213842445
9460,5,2011,12,13,1,22,1.579879534,2.440754509
9461,5,2011,12,13,1,22,0.867261452,1.981466055
9462,5,2011,12,13,1,22,0.711292687,1.878086239
9463,5,2011,12,13,1,22,1.681638056,2.574923061
9464,5,2011,12,13,1,22,0.624467025,1.813508482
9465,5,2011,12,13,1,22,1.560954137,2.431045235
9466,5,2011,12,13,1,22,0.969565891,2.014301736
9467,5,2011,12,13,1,22,1.217985124,2.213842445
9468,5,2011,12,13,1,22,1.609678839,2.484093848
9469,5,2011,12,13,1,22,0.962510643,2.007318286
9470,5,2011,12,13,1,22,0.924717603,1.986649159
9471,5,2011,12,13,1,22,0.484978749,1.682067423
9472,5,2011,12,13,1,22,1.540271753,2.44027452
9473,5,2011,12,13,1,22,2.333598704,3.073892248
9474,5,2011,12,13,1,22,1.780335748,2.604976686
9475,5,2011,12,13,1,22,2.388035643,3.166231711
9476,5,2011,12,13,1,22,2.027194293,2.881294253
9477,5,2011,12,13,1,22,1.034746873,2.072228882
9479,5,2011,12,13,1,22,1.150738732,2.316827685
9480,5,2011,12,13,1,22,0.887082911,1.981466055
9481,5,2011,12,13,1,22,1.495688405,2.416045466
9482,5,2011,12,13,1,22,2.875054786,3.739939699
9483,5,2011,12,13,1,22,1.147863452,2.189192029
9484,5,2011,12,13,1,22,0.889978103,1.981466055
9485,5,2011,12,13,1,22,1.251271563,2.212307298
9486,5,2011,12,13,1,22,1.345018624,2.285677633
9487,5,2011,12,13,1,22,1.623842643,2.50303395
9488,5,2011,12,13,1,22,1.475033769,2.408699945
9489,5,2011,12,13,1,22,1.775846382,2.604976686
9490,5,2011,12,13,1,22,2.912114351,3.778307251
9491,5,2011,12,13,1,22,1.517968063,2.418532282
9492,5,2015,4,11,5,14,1.273169914,2.473164916
9493,5,2015,5,10,6,19,1.682027138,2.717232825
9494,5,2014,7,21,0,18,1.102818425,2.309849789
9495,5,2014,7,21,0,18,0.896712676,2.144324489
9496,5,2014,7,21,0,18,1.865634469,2.911029176
9497,5,2014,7,21,0,18,1.140378301,2.34148269
9498,5,2014,7,21,0,18,1.462465049,2.591307638
9499,5,2014,7,21,0,18,1.23185332,2.358199382
9501,5,2014,7,21,0,18,1.347512447,2.4895789
9502,5,2014,7,21,0,18,1.325867798,2.4895789
9503,5,2014,7,21,0,18,0.724553061,2.01024554
9504,5,2014,7,21,0,18,0.935829465,2.153441635
9505,5,2014,7,21,0,18,0.752936774,2.01024554
9506,5,2014,7,21,0,18,1.23616855,2.358199382
9507,5,2014,7,21,0,18,1.384708256,2.507820342
9508,5,2014,7,21,0,18,0.949121799,2.158101707
9509,5,2014,7,21,0,18,0.783743035,2.031169503
9510,5,2014,7,21,0,18,1.228776889,2.358199382
9511,5,2014,7,21,0,18,1.056579152,2.304578609
9512,5,2014,7,21,0,18,1.24233946,2.363463898
9513,5,2014,7,21,0,18,0.548960051,1.801755568
9514,5,2014,7,21,0,18,0.859420784,2.119012627
9515,5,2014,7,21,0,18,1.693120114,2.723283892
9516,5,2014,7,21,0,18,1.140310236,2.34148269
9517,5,2014,7,21,0,18,1.125247416,2.321018509
9518,5,2014,7,21,0,18,2.360662309,3.472316202
9519,5,2014,7,21,0,18,0.859230029,2.119012627
9520,5,2014,7,21,0,18,0.182741866,1.819817527
9521,5,2014,7,21,0,18,0.608463192,1.861299381
9522,5,2014,7,21,0,18,0.775041183,2.031169503
9523,5,2014,7,21,0,18,0.791718093,2.031169503
9524,5,2014,7,21,0,18,0.816108217,2.037155696
9525,5,2014,7,21,0,18,0.436657717,1.756284761
9526,5,2014,7,21,0,18,0.850514885,2.20077007
9527,5,2010,9,20,0,16,2.601812022,3.391220098
9528,5,2010,9,20,0,16,1.362988609,2.291563294
9529,5,2010,9,20,0,16,1.144262444,2.198497861
9530,5,2010,9,20,0,16,1.029099696,2.08304936
9531,5,2010,9,20,0,16,2.116303921,3.006951406
9532,5,2010,9,20,0,16,0.307606646,1.674035232
9533,5,2010,9,20,0,16,1.858402704,2.672241017
9534,5,2010,9,20,0,16,3.027835995,3.88960759
9535,5,2010,9,20,0,16,1.789769999,2.60689801
9536,5,2010,9,20,0,16,0.489536367,1.680705026
9537,5,2010,9,20,0,16,1.898695665,2.715171528
9538,5,2010,9,20,0,16,1.273249648,2.264525054
9539,5,2010,9,20,0,16,2.558024502,3.391220098
9540,5,2010,9,20,0,16,2.437324887,3.391220098
9541,5,2010,9,20,0,16,1.215708243,2.250305737
9542,5,2010,9,20,0,16,1.036849827,2.083274343
9543,5,2010,9,20,0,16,1.994957609,2.76199482
9544,5,2010,9,20,0,16,0.718307351,1.877135458
9545,5,2010,9,20,0,16,2.05174447,2.795837493
9546,5,2011,3,6,6,21,0.559414034,1.746644177
9547,5,2011,3,6,6,21,1.753270987,2.574903252
9548,5,2011,3,6,6,21,1.012018896,2.055323109
9549,5,2011,3,6,6,21,0.921330516,1.974317461
9550,5,2011,3,6,6,21,1.255047517,2.199104581
9551,5,2011,3,6,6,21,2.181313474,2.940885557
9552,5,2011,3,6,6,21,2.193874228,2.940885557
9553,5,2011,3,6,6,21,1.972056925,2.777150395
9554,5,2011,3,6,6,21,0.806765321,1.898536309
9555,5,2011,3,6,6,21,1.174965044,2.17153414
9556,5,2011,3,6,6,21,2.053082368,2.813457162
9557,5,2011,3,6,6,21,1.485813448,2.390320964
9558,5,2011,3,6,6,21,0.466760547,1.673950618
9559,5,2011,3,6,6,21,1.979733572,2.691188961
9560,5,2011,3,6,6,21,0.230694993,1.84041812
9561,5,2011,3,6,6,21,1.140863425,2.168355815
9562,5,2011,3,6,6,21,2.33653921,3.066111501
9564,5,2011,3,6,6,21,0.991732444,2.053047167
9565,5,2011,3,6,6,21,0.222162361,1.715205404
9566,5,2011,3,6,6,21,2.186692638,2.940885557
9567,5,2011,3,6,6,21,1.16179823,2.17153414
9568,5,2011,3,6,6,21,0.525442409,1.729532538
9569,5,2011,3,6,6,21,0.487012764,1.673950618
9570,5,2011,3,6,6,21,1.771347729,2.574903252
9571,5,2011,3,6,6,21,0.672888979,1.827097069
9572,5,2012,1,26,3,7,1.132673933,2.171519247
9573,5,2012,1,26,3,7,1.777555666,2.605285211
9574,5,2012,1,26,3,7,1.454066913,2.411551652
9575,5,2012,1,26,3,7,2.213895423,3.162039568
9576,5,2012,1,26,3,7,0.742766023,1.852720872
9577,5,2012,1,26,3,7,1.508238575,2.436299186
9578,5,2012,1,26,3,7,1.27376455,2.295668947
9579,5,2012,1,26,3,7,0.862012734,1.960861685
9580,5,2012,1,26,3,7,1.553180199,2.446051389
9581,5,2012,1,26,3,7,1.029530483,2.048653953
9582,5,2012,1,26,3,7,1.218228327,2.263523758
9583,5,2012,1,26,3,7,2.315857139,3.305023672
9584,5,2012,1,26,3,7,0.532419071,1.781428605
9585,5,2012,1,26,3,7,2.063203473,2.884183756
9586,5,2012,1,26,3,7,1.627568976,2.512596197
9587,5,2012,1,26,3,7,1.371659829,2.306888041
9588,5,2012,1,26,3,7,0.417921715,1.728402543
9589,5,2012,1,26,3,7,0.755603115,1.852720872
9590,5,2012,1,26,3,7,1.347070625,2.29719863
9591,5,2012,1,26,3,7,1.042824595,2.071773192
9592,5,2010,12,9,3,7,1.162397299,2.174866984
9593,5,2010,12,9,3,7,0.7082375,1.883265934
9594,5,2010,12,9,3,7,1.026204866,2.028037143
9595,5,2010,12,9,3,7,1.119695477,2.162155369
9596,5,2010,12,9,3,7,0.689141112,1.804604726
9597,5,2010,12,9,3,7,1.736054133,2.602588208
9598,5,2010,12,9,3,7,1.248830899,2.262964398
9599,5,2010,12,9,3,7,1.556376236,2.423583982
9600,5,2010,12,9,3,7,2.236992329,2.987005375
9601,5,2010,12,9,3,7,1.502880162,2.400658597
9602,5,2010,12,9,3,7,1.788855948,2.597346923
9603,5,2010,12,9,3,7,1.108425278,2.129061192
9604,5,2010,12,9,3,7,0.387905243,1.667291355
9605,5,2010,12,9,3,7,1.313310755,2.306742619
9606,5,2010,12,9,3,7,0.692618391,1.804604726
9607,5,2010,12,9,3,7,0.861414642,1.933948472
9608,5,2010,12,9,3,7,0.588210464,1.799482721
9609,5,2010,12,9,3,7,1.464942626,2.38863065
9610,5,2010,12,9,3,7,0.67077772,1.804604726
9611,5,2010,12,9,3,7,2.055654885,2.896786536
9612,5,2010,12,9,3,7,0.906015177,1.934430616
9613,5,2010,12,9,3,7,2.09167069,2.978170437
9614,5,2010,12,9,3,7,0.744091076,1.886817645
9615,5,2010,12,9,3,7,1.255020352,2.262964398
9616,5,2010,12,9,3,7,0.94027855,1.952356541
9617,5,2010,12,9,3,7,1.261712257,2.262964398
9618,5,2010,12,9,3,7,1.283304187,2.301854438
9619,5,2010,12,9,3,7,1.184139246,2.174866984
9620,5,2010,12,9,3,7,1.306846128,2.305654424
9621,5,2010,12,9,3,7,3.079633717,3.914346466
9622,5,2010,12,9,3,7,1.534383237,2.420338455
9623,5,2010,12,9,3,7,0.646485739,1.798429485
9624,5,2010,12,9,3,7,0.606853705,1.798429485
9625,5,2010,12,9,3,7,1.148535047,2.171688658
9626,5,2010,12,9,3,7,1.006322822,2.01499868
9627,5,2010,12,9,3,7,1.535502571,2.420338455
9628,5,2010,12,9,3,7,1.004831147,2.021365741
9629,5,2012,5,8,1,3,2.079387101,2.718078467
9630,5,2012,5,8,1,3,0.958463477,1.99165928
9631,5,2012,5,8,1,3,1.659064833,2.528366176
9632,5,2012,5,8,1,3,1.985685018,2.874989028
9633,5,2015,3,12,3,19,0.587466238,1.868946391
9634,5,2015,2,1,6,0,2.408211877,3.362914805
9635,5,2015,2,21,5,18,0.750437792,1.997916255
9636,5,2011,1,24,0,20,1.487039934,2.424186601
9637,5,2010,12,25,5,13,2.007896547,2.848454508
9638,5,2015,4,7,1,14,0.881745433,2.131598765
9639,5,2012,11,20,1,21,1.940973725,2.875188647
9640,5,2012,11,20,1,21,1.056847863,2.179238309
9641,5,2012,11,20,1,21,1.017379911,2.121626918
9642,5,2012,11,20,1,21,2.17725641,3.168016501
9643,5,2012,11,20,1,21,0.759600901,1.902789393
9644,5,2012,11,20,1,21,1.057129524,2.179238309
9645,5,2012,11,20,1,21,0.591040372,1.835462759
9646,5,2012,11,20,1,21,1.65166196,2.531407026
9647,5,2012,11,20,1,21,1.071521362,2.209095529
9648,5,2012,11,20,1,21,0.820895222,1.996057977
9649,5,2012,11,20,1,21,1.13177446,2.249157265
9650,5,2012,11,20,1,21,0.794205458,1.909235711
9651,5,2012,11,20,1,21,2.033281926,2.969304248
9652,5,2012,11,20,1,21,1.407986635,2.46526083
9653,5,2012,11,20,1,21,0.655340192,1.837559071
9654,5,2012,11,20,1,21,0.774730329,1.909235711
9655,5,2012,11,20,1,21,1.166907132,2.254517493
9656,5,2012,11,20,1,21,0.724456007,1.902789393
9657,5,2012,11,20,1,21,0.592011731,1.835462759
9658,5,2012,11,20,1,21,0.803359433,1.913127659
9659,5,2012,11,20,1,21,1.027576908,2.130761235
9660,5,2012,11,20,1,21,0.918121726,2.052853752
9661,5,2012,11,20,1,21,2.018605431,2.925371419
9662,5,2012,11,20,1,21,0.83781405,1.996057977
9663,5,2012,11,20,1,21,1.907794301,2.832920579
9664,5,2012,11,20,1,21,1.262053336,2.302181224
9665,5,2012,11,20,1,21,1.292308427,2.363054661
9666,5,2012,11,20,1,21,0.738100608,1.902789393
9667,5,2012,11,20,1,21,1.744562946,2.680040763
9668,5,2012,11,20,1,21,0.927175786,2.042306642
9669,5,2012,11,20,1,21,1.047314122,2.157071349
9670,5,2012,11,20,1,21,2.709988552,3.658137455
9671,5,2012,11,20,1,21,1.618328985,2.520271005
9672,5,2012,11,20,1,21,1.262946607,2.302181224
9673,5,2012,11,20,1,21,1.374051316,2.376744704
9674,5,2012,11,20,1,21,0.753798136,1.902789393
9675,5,2012,11,20,1,21,1.495999899,2.4602884
9676,5,2012,11,20,1,21,1.110070924,2.204629157
9677,5,2012,11,20,1,21,2.602605718,3.497802616
9678,5,2014,6,23,0,0,1.66298558,2.640964262
9679,5,2014,6,23,0,0,1.090533422,2.167783853
9680,5,2014,6,23,0,0,1.085790629,2.167783853
9681,5,2014,6,23,0,0,1.559914505,2.645010692
9682,5,2014,6,23,0,0,1.610201925,2.645659834
9683,5,2014,6,23,0,0,2.482287924,3.378827273
9684,5,2014,6,23,0,0,1.521292621,2.585209674
9685,5,2014,6,23,0,0,1.785580063,2.815787086
9686,5,2014,6,23,0,0,0.889533852,2.077488273
9687,5,2014,6,23,0,0,1.32494115,2.375745798
9688,5,2013,9,25,2,22,1.344405348,2.453886231
9689,5,2013,9,25,2,22,0.830283469,2.037155696
9690,5,2013,9,25,2,22,2.970983,3.996023059
9691,5,2013,9,25,2,22,1.588870458,2.681254209
9692,5,2013,9,25,2,22,0.706853641,2.00453179
9693,5,2013,9,25,2,22,1.774476319,2.853558744
9694,5,2013,9,25,2,22,1.030482194,2.195945358
9695,5,2013,9,25,2,22,1.237830209,2.293164876
9696,5,2013,9,25,2,22,1.571887626,2.675332389
9697,5,2013,9,25,2,22,0.827768941,2.037155696
9698,5,2013,9,25,2,22,1.241504546,2.298429392
9699,5,2013,9,25,2,22,1.031557701,2.195945358
9700,5,2013,9,25,2,22,2.275546337,3.238706718
9701,5,2013,9,25,2,22,0.439156613,1.756284761
9702,5,2013,9,25,2,22,1.626463564,2.724039042
9703,5,2013,9,25,2,22,0.469916534,1.756284761
9704,5,2013,9,25,2,22,1.609046824,2.704287124
9705,5,2013,9,25,2,22,1.361006018,2.461113124
9706,5,2013,9,25,2,22,1.016810209,2.200130211
9707,5,2013,9,25,2,22,2.194913263,3.268899824
9708,5,2013,9,25,2,22,1.781475742,2.861633802
9709,5,2013,9,25,2,22,1.502341083,2.561294554
9710,5,2013,9,25,2,22,1.409579123,2.47364448
9711,5,2013,9,25,2,22,0.806556789,2.037155696
9712,5,2013,9,25,2,22,0.532022179,1.801755568
9713,5,2013,9,25,2,22,1.724349551,2.795288551
9714,5,2013,9,25,2,22,0.997674469,2.18710055
9715,5,2013,9,25,2,22,1.699841011,2.727282995
9716,5,2013,9,25,2,22,1.426026373,2.504427363
9717,5,2013,9,25,2,22,0.550562334,1.801755568
9718,5,2015,3,4,2,21,0.673041568,1.862469436
9719,5,2015,4,25,5,1,1.80333051,2.844257905
9720,5,2015,2,19,3,11,2.10964071,3.0856002
9721,5,2015,1,29,3,13,0.575334066,1.834121293
9722,5,2015,5,7,3,15,0.62325145,1.880336761
9723,5,2015,2,9,0,7,1.838669935,2.891624392
9724,5,2015,4,16,3,18,1.841898563,2.887251574
9725,5,2015,5,31,6,20,2.752457881,3.301398835
9726,5,2015,5,31,6,20,0.864103954,2.095680803
9727,5,2015,6,18,3,20,2.005976127,3.003757738
9728,5,2015,2,14,5,13,0.772872687,2.01945838
9729,5,2015,5,10,6,12,1.034418324,2.267065207
9730,5,2015,5,10,6,12,1.398732248,2.531002381
9731,5,2015,5,20,2,0,1.672902483,2.663747216
9732,5,2015,5,29,4,18,1.241694876,2.363463898
9733,5,2015,2,25,2,18,0.911791238,2.156695638
9734,5,2015,2,8,6,8,0.959203995,2.148336749
9735,5,2015,5,12,1,8,0.980695191,2.239289499
9736,5,2015,3,16,0,21,1.222638631,2.300310712
9737,6,2014,6,14,5,13,0.610305517,1.857508505
9738,6,2014,6,14,5,13,0.900111709,2.156695638
9739,6,2014,6,14,5,13,0.879766674,2.125309203
9740,6,2014,6,14,5,13,2.040499783,3.008941748
9741,6,2014,6,14,5,13,1.425549596,2.558300435
9742,6,2014,6,14,5,13,3.011008976,4.012788911
9743,6,2014,6,14,5,13,0.829371288,2.058522662
9744,6,2014,6,14,5,13,0.819384782,2.058522662
9745,6,2014,6,14,5,13,0.24669839,1.749614967
9746,6,2014,6,14,5,13,1.069907134,2.313458928
9747,6,2014,6,14,5,13,1.91555705,2.96741729
9748,6,2015,1,31,5,20,1.342744217,2.44622908
9749,6,2011,10,2,6,23,1.199176201,2.196275464
9750,6,2011,10,2,6,23,1.582960145,2.430457264
9751,6,2011,6,24,4,12,1.022000641,2.079605898
9752,6,2011,6,24,4,12,1.013017387,2.047965742
9753,6,2011,6,24,4,12,0.909213306,1.981420309
9754,6,2011,6,1,2,7,1.091806005,2.545786809
9755,6,2010,8,27,4,18,0.473041393,1.673950618
9756,6,2010,8,14,5,2,1.307896754,2.278222954
9757,6,2014,3,25,1,23,0.690712909,1.879053887
9758,6,2014,3,25,1,23,1.913837847,2.919957292
9759,6,2014,3,25,1,23,1.023443439,2.206292768
9760,6,2014,3,25,1,23,0.594430441,1.871519975
9761,6,2014,3,25,1,23,1.034987485,2.203674401
9762,6,2014,3,25,1,23,1.042727538,2.218476198
9763,6,2014,3,25,1,23,2.426604617,3.510551774
9764,6,2014,3,25,1,23,0.821505644,2.052604196
9765,6,2014,3,25,1,23,2.148588472,3.159589079
9766,6,2010,9,29,2,16,0.938766948,1.986649159
9767,6,2014,10,27,0,14,2.417980161,3.538314295
9768,6,2014,10,27,0,14,1.473877112,2.61587622
9769,6,2014,10,27,0,14,1.305326168,2.50035923
9770,6,2014,10,27,0,14,2.040047738,3.010955695
9771,6,2014,10,27,0,14,0.428241672,1.756284761
9772,6,2014,10,27,0,14,2.271695764,3.415534788
9773,6,2014,10,27,0,14,0.958631832,2.158101707
9774,6,2012,11,3,5,17,0.841850037,2.005582841
9775,6,2012,11,3,5,17,1.512790848,2.45157916
9776,6,2012,11,3,5,17,0.994251291,2.098032735
9777,6,2012,11,3,5,17,1.462426205,2.425858716
9778,6,2012,11,3,5,17,1.096757044,2.232091049
9779,6,2012,11,3,5,17,0.658567274,1.841181542
9780,6,2012,11,3,5,17,1.300491804,2.409905246
9781,6,2011,3,11,4,1,2.755958749,3.622255826
9782,6,2015,2,22,6,9,2.089261815,2.941627449
9783,6,2011,10,4,1,9,1.328441883,2.308819044
9784,6,2011,10,4,1,9,1.108469674,2.128922649
9785,6,2014,12,24,2,3,0.742793748,1.979359167
9786,6,2014,12,24,2,3,0.786833487,1.976653663
9787,6,2014,12,24,2,3,1.706712447,2.863874201
9788,6,2014,12,24,2,3,1.831834861,2.857429208
9789,6,2015,4,11,5,20,0.8485149,2.146278714
9790,6,2014,4,27,6,2,1.04364108,2.160529443
9791,6,2014,4,27,6,2,0.450047344,1.743609424
9792,6,2014,4,27,6,2,1.476259527,2.523340828
9793,6,2014,4,27,6,2,0.729400733,1.967029882
9794,6,2014,4,27,6,2,1.221595855,2.268552917
9795,6,2014,4,27,6,2,1.644745029,2.66018149
9796,6,2014,4,27,6,2,1.670673787,2.673078536
9797,6,2014,4,27,6,2,1.114502011,2.175014913
9798,6,2014,4,27,6,2,2.165040865,3.227223186
9799,6,2014,4,27,6,2,0.608016038,1.86028767
9800,6,2014,4,27,6,2,1.278555223,2.337430421
9801,6,2014,4,27,6,2,1.05563499,2.160529443
9802,6,2014,4,27,6,2,1.985641315,2.895208825
9803,6,2014,4,27,6,2,0.861245307,2.053475237
9804,6,2014,4,27,6,2,0.705115469,2.18124206
9805,6,2014,4,27,6,2,2.067465447,2.955404832
9806,6,2011,12,13,1,22,1.577256312,2.440754509
9807,6,2011,12,13,1,22,0.896179944,1.982517719
9808,6,2011,12,13,1,22,2.420966588,3.1776543
9809,6,2011,12,13,1,22,0.898767562,1.982517719
9810,6,2011,12,13,1,22,1.094545271,2.133389021
9811,6,2011,12,13,1,22,0.754424097,1.896360386
9812,6,2011,12,13,1,22,1.064051275,2.127654304
9813,6,2011,12,13,1,22,1.20429524,2.225662406
9814,6,2011,12,13,1,22,0.999623928,2.054599323
9815,6,2011,12,13,1,22,1.389298784,2.298914397
9816,6,2011,12,13,1,22,0.968106336,2.014301736
9817,6,2011,12,13,1,22,1.069427852,2.144271815
9818,6,2011,12,13,1,22,0.944339701,1.986649159
9819,6,2011,12,13,1,22,0.706968179,1.914624522
9820,6,2015,2,26,3,15,1.793185778,2.901964931
9821,6,2014,7,21,0,18,0.928018548,2.153441635
9822,6,2014,7,21,0,18,0.258099374,1.749614967
9823,6,2014,7,21,0,18,0.864583642,2.119012627
9824,6,2014,7,21,0,18,2.711207584,3.672922603
9825,6,2014,7,21,0,18,0.882907288,2.125302189
9826,6,2014,7,21,0,18,0.695064956,1.897615398
9827,6,2014,7,21,0,18,0.035871052,2.101774986
9828,6,2014,7,21,0,18,1.663327611,2.723283892
9829,6,2014,7,21,0,18,0.836705606,2.057868046
9831,6,2014,7,21,0,18,0.815750241,2.057868046
9832,6,2010,9,20,0,16,1.067057134,2.15407077
9833,6,2010,9,20,0,16,1.817058212,2.616071337
9834,6,2010,9,20,0,16,1.404029536,2.416643768
9835,6,2015,1,26,0,7,3.025877533,4.007369506
9836,6,2011,3,6,6,21,1.113739989,2.116657427
9837,6,2012,1,26,3,7,0.835602416,1.932565188
9838,6,2012,1,26,3,7,1.478124664,2.432643439
9839,6,2012,1,26,3,7,1.586869584,2.456549909
9840,6,2012,1,26,3,7,1.171725712,2.171519247
9841,6,2012,1,26,3,7,2.978206143,3.964478377
9842,6,2012,1,26,3,7,1.312156518,2.292699641
9843,6,2012,1,26,3,7,2.246181629,3.288716132
9844,6,2015,3,20,4,23,2.150740756,3.184966348
9845,6,2010,12,9,3,7,1.299746387,2.301512731
9846,6,2012,5,8,1,3,0.867081045,1.947497235
9847,6,2015,3,12,3,19,2.017583826,3.013380461
9848,6,2012,11,20,1,21,1.300096443,2.367086151
9849,6,2012,11,20,1,21,1.002604369,2.094212102
9850,6,2012,11,20,1,21,1.417735963,2.462937755
9851,6,2012,11,20,1,21,1.51947736,2.44820473
9852,6,2012,11,20,1,21,1.691013606,2.635006942
9853,6,2012,11,20,1,21,1.000960908,2.094212102
9854,6,2012,11,20,1,21,0.801109605,1.909235711
9855,6,2012,11,20,1,21,1.586670135,2.450319164
9856,6,2012,11,20,1,21,0.904308979,2.052853752
9857,6,2012,11,20,1,21,1.391489126,2.376744704
9858,6,2012,11,20,1,21,2.568651395,3.455129066
9859,6,2012,11,20,1,21,1.371760797,2.376744704
9860,6,2012,11,20,1,21,1.383828092,2.376744704
9861,6,2012,11,20,1,21,0.573362119,1.804509277
9862,6,2012,11,20,1,21,0.750214913,1.902789393
9863,6,2012,11,20,1,21,0.724059192,1.902789393
9864,6,2012,11,20,1,21,1.043919796,2.12207154
9865,6,2012,11,20,1,21,1.20506879,2.288519097
9866,6,2014,6,23,0,0,2.068291973,3.006604901
9867,6,2014,6,23,0,0,1.191548637,2.26462188
9868,6,2014,6,23,0,0,2.422476927,3.378827273
9869,6,2014,6,23,0,0,1.365767065,2.397442166
9870,6,2014,6,23,0,0,1.083682722,2.167783853
9871,6,2013,9,25,2,22,2.165947373,3.286360951
9872,6,2013,9,25,2,22,0.777505121,2.051881852
9873,6,2013,9,25,2,22,0.751021893,2.030957889
9874,6,2013,9,25,2,22,1.674389344,2.727282995
9875,6,2013,9,25,2,22,0.703496838,1.919706806
9876,6,2013,9,25,2,22,0.948430612,2.151362679
9877,6,2013,9,25,2,22,0.869214666,2.104916368
9878,6,2013,9,25,2,22,1.611136356,2.704287124
9879,6,2013,9,25,2,22,1.907189926,2.948269209
9880,6,2013,9,25,2,22,1.018929058,2.203008004
9881,6,2013,9,25,2,22,1.712829946,2.778642291
9882,6,2013,9,25,2,22,1.254890876,2.312890268
9883,6,2013,9,25,2,22,1.54902787,2.616313402
9884,6,2013,9,25,2,22,2.780016905,3.720054231
9885,6,2013,9,25,2,22,1.792798834,2.861633802
9886,6,2013,9,25,2,22,2.125460449,3.105510703
9887,6,2013,9,25,2,22,0.986085755,2.173056418
9889,6,2013,9,25,2,22,1.217201668,2.293164876
9890,6,2013,9,25,2,22,1.372342682,2.461113124
9891,6,2013,9,25,2,22,1.939150077,2.978004662
9892,6,2013,9,25,2,22,1.37380686,2.461113124
9893,6,2013,9,25,2,22,1.746653187,2.811205921
9894,6,2013,9,25,2,22,1.411318875,2.47364448
9895,6,2013,9,25,2,22,2.30261755,3.238706718
9896,6,2013,9,25,2,22,1.22323452,2.293164876
9897,6,2015,2,20,4,11,1.805278313,2.901964931
9898,6,2015,1,12,0,15,0.441660073,1.756284761
9899,6,2015,6,7,6,0,1.888660125,2.813908732
9900,6,2015,4,12,6,21,1.061466949,2.240123945
9901,6,2015,4,10,4,11,0.928265856,2.165812783
9902,6,2015,6,25,3,1,1.587504252,2.639183537
9903,6,2015,5,29,4,10,1.193715161,2.349310947
9904,6,2015,6,30,1,20,2.778276412,3.726153622
9905,6,2015,2,27,4,19,2.362154819,3.429354194
9906,6,2015,6,15,0,1,0.314450071,1.73693963
9907,6,2015,2,3,1,9,2.39096206,3.576816191
9908,6,2015,5,19,1,13,0.969415077,2.175476168
9909,6,2015,5,10,6,12,1.139394063,2.311862473
9910,6,2015,1,12,0,17,1.45184078,2.55052934
9911,6,2015,4,19,6,20,3.004887321,4.006200236
9912,6,2015,1,31,5,1,2.234679436,3.308347163
9913,6,2015,1,18,6,14,0.779703434,2.04017073
